Patient_ID,Chip_Type,Age,Gender,Blood_Month_sample,Region,Rural_area,Sensitization,Treatment_of_rhinitis,Treatment_of_asthma,Age_of_onsets,Skin_Symptoms,General_cofactors,Treatment_of_atopic_dematitis,Acariens/Blattes,Aliments,Animaux,Moisissures/Autres,Pollens
FHB0001,ISAC_V1,20 à 40,1,11.0,regionB,0,1,Non renseigné,0,Non renseigné,0,Aucun,Non renseigné,0.03909090909090909,0.0,0.0,0.0,0.0
FHB0002,ISAC_V1,40 à 60,0,12.0,regionB,0,1,Non renseigné,0,Non renseigné,0,Aucun,Non renseigné,0.0,2.226,0.0,0.0,7.327826086956521
FHB0003,ISAC_V1,10 à 20,1,1.0,regionB,0,0,Anti-H1 voie générale,0,Aucun,0,Acariens,Non renseigné,0.0,0.0,0.0,0.0,0.0
FHB0004,ISAC_V1,10 à 20,0,1.0,regionB,0,1,Non renseigné,0,Non renseigné,0,Aucun,Non renseigné,3.152727272727273,0.5934285714285714,0.06545454545454545,0.0,11.68608695652174
FHB0005,ISAC_V1,20 à 40,0,1.0,regionB,0,1,Non renseigné,0,Non renseigné,0,Aucun,Non renseigné,0.0,0.0,0.0,0.0,6.089130434782609
FHB0006,ISAC_V1,40 à 60,1,1.0,regionB,0,0,Non renseigné,0,Non renseigné,0,Aucun,Non renseigné,0.0,0.0,0.0,0.0,0.0
FHB0007,ISAC_V1,60 à Plus,0,1.0,regionB,0,0,Non renseigné,0,Aucun,1,Aucun,Non renseigné,0.0,0.0,0.0,0.0,0.0
FHB0008,ISAC_V1,20 à 40,0,1.0,regionB,0,0,Non renseigné,0,Non renseigné,0,Aucun,Non renseigné,0.0,0.0,0.0,0.0,0.0
FHB0009,ISAC_V1,60 à Plus,0,2.0,regionB,0,1,Non renseigné,0,Non renseigné,0,Aucun,Non renseigné,0.0,0.0,0.2690909090909091,0.0,0.0
FHB0010,ISAC_V1,40 à 60,0,2.0,regionB,0,0,Non renseigné,0,20 ans et plus,0,Aucun,Non renseigné,0.0,0.0,0.0,0.0,0.0
FHB0011,ISAC_V1,0 à 10,1,2.0,regionB,0,1,Non renseigné,0,Non renseigné,0,Aucun,Non renseigné,0.0,0.0,0.29363636363636364,0.0,3.5917391304347825
FHB0012,ISAC_V1,10 à 20,1,3.0,regionB,0,0,Non renseigné,0,Aucun,1,Aucun,Non renseigné,0.0,0.0,0.0,0.0,0.0
FHB0013,ISAC_V1,20 à 40,0,3.0,regionB,0,1,Non renseigné,0,Non renseigné,0,Aucun,Non renseigné,0.0,0.0,0.0,0.0,0.3073913043478261
FHB0014,ISAC_V1,40 à 60,1,4.0,regionB,0,1,Non renseigné,0,Non renseigné,1,Aucun,Non renseigné,0.0,0.2705714285714286,0.16636363636363638,0.0,1.8134782608695652
FHB0015,ISAC_V1,60 à Plus,0,4.0,regionB,0,1,Non renseigné,0,Non renseigné,0,Aucun,Non renseigné,0.0,0.07742857142857143,0.0,0.0,0.8804347826086957
FHB0016,ISAC_V1,10 à 20,0,4.0,regionB,0,1,Non renseigné,0,Non renseigné,0,Acariens,Non renseigné,11.520909090909091,1.1311428571428572,0.4645454545454545,1.6273333333333333,1.818695652173913
FHB0017,ISAC_V1,20 à 40,0,4.0,regionB,0,0,Non renseigné,0,Non renseigné,1,Aucun,Non renseigné,0.0,0.0,0.0,0.0,0.0
FHB0018,ISAC_V1,60 à Plus,1,4.0,regionB,0,1,Non renseigné,0,Non renseigné,0,Acariens,Non renseigné,0.17727272727272728,0.0,0.18,0.0,0.7156521739130435
FHB0019,ISAC_V1,60 à Plus,1,5.0,regionB,0,1,Non renseigné,0,Non renseigné,1,Aucun,Non renseigné,0.3190909090909091,0.07371428571428572,0.1190909090909091,0.0,0.8578260869565217
FHB0020,ISAC_V1,0 à 10,0,5.0,regionB,0,0,Non renseigné,0,Non renseigné,0,Aucun,Non renseigné,0.0,0.0,0.0,0.0,0.0
FHB0021,ISAC_V1,40 à 60,0,5.0,regionB,0,1,Non renseigné,0,Non renseigné,0,Aucun,Non renseigné,0.0,0.6511428571428571,0.0,0.0,1.9186956521739131
FHB0022,ISAC_V1,10 à 20,1,6.0,regionB,0,1,Non renseigné,0,Non renseigné,0,Aucun,Non renseigné,1.3127272727272727,0.004571428571428572,0.0,0.0,0.0
FHB0023,ISAC_V1,10 à 20,0,6.0,regionB,0,1,Non renseigné,0,Non renseigné,1,Aucun,Non renseigné,0.0,0.05771428571428572,0.0,0.0,1.9339130434782608
FHB0024,ISAC_V1,40 à 60,1,6.0,regionB,0,0,Non renseigné,0,Non renseigné,1,Aucun,Dermocorticoïdes,0.0,0.0,0.0,0.0,0.0
FHB0025,ISAC_V1,20 à 40,1,6.0,regionB,0,1,Non renseigné,0,Non renseigné,0,Aucun,Non renseigné,3.0181818181818185,0.9442857142857142,0.4627272727272727,0.0,3.9134782608695655
FHB0026,ISAC_V1,0 à 10,0,6.0,regionB,0,1,Non renseigné,0,Non renseigné,0,Aucun,Non renseigné,3.929090909090909,2.4877142857142855,7.165454545454545,0.0,7.06
FHB0027,ISAC_V1,10 à 20,0,6.0,regionB,0,1,Non renseigné,0,Non renseigné,0,Aucun,Non renseigné,7.1872727272727275,0.3008571428571428,2.29,0.0,3.4082608695652175
FHB0028,ISAC_V1,0 à 10,1,7.0,regionB,0,1,Non renseigné,0,Non renseigné,0,Aucun,Non renseigné,16.09090909090909,0.2745714285714286,0.6254545454545455,1.1239999999999999,10.28086956521739
FHB0029,ISAC_V1,20 à 40,0,7.0,regionB,0,0,Non renseigné,0,Aucun,1,Aucun,Non renseigné,0.0,0.0,0.0,0.0,0.0
FHB0030,ISAC_V1,40 à 60,0,7.0,regionB,0,1,Non renseigné,0,Non renseigné,1,Aucun,Non renseigné,0.5618181818181819,0.0,0.0,0.0,0.0
FHB0031,ISAC_V1,10 à 20,0,8.0,regionB,0,1,Non renseigné,0,Non renseigné,0,Aucun,Non renseigné,12.576363636363636,4.239142857142857,4.588181818181818,0.07866666666666666,31.27478260869565
FHB0032,ISAC_V1,0 à 10,0,8.0,regionB,0,1,Non renseigné,0,Non renseigné,0,Aucun,Non renseigné,3.8172727272727274,0.0,1.1018181818181818,0.0,0.1382608695652174
FHB0033,ISAC_V1,20 à 40,0,8.0,regionB,0,1,Non renseigné,0,Non renseigné,0,Aucun,Non renseigné,0.3463636363636364,0.0,0.0,0.0,0.0
FHB0034,ISAC_V1,20 à 40,0,8.0,regionB,0,0,Non renseigné,0,Non renseigné,0,Aucun,Non renseigné,0.0,0.0,0.0,0.0,0.0
FHB0035,ISAC_V1,0 à 10,1,9.0,regionB,0,1,Non renseigné,0,Non renseigné,0,Acariens,Non renseigné,9.617272727272727,0.39714285714285713,0.9218181818181819,0.762,4.502173913043479
FHB0036,ISAC_V1,40 à 60,0,9.0,regionB,0,1,Non renseigné,0,Non renseigné,0,Aucun,Non renseigné,0.0,0.15857142857142856,0.0,0.0,0.08565217391304347
FHB0037,ISAC_V1,20 à 40,0,10.0,regionB,0,1,Non renseigné,0,Non renseigné,0,Aucun,Non renseigné,3.0118181818181813,0.096,2.239090909090909,0.0,0.5260869565217391
FHB0038,ISAC_V1,40 à 60,0,10.0,regionB,0,1,Non renseigné,0,Non renseigné,1,Aucun,Non renseigné,0.0,0.0,0.0,0.0,0.04565217391304348
FHB0039,ISAC_V1,10 à 20,1,11.0,regionB,0,1,Non renseigné,0,Non renseigné,0,Aucun,Non renseigné,2.9709090909090907,0.09771428571428571,0.2872727272727273,0.0,1.9569565217391303
FHB0040,ISAC_V1,20 à 40,0,11.0,regionB,0,1,Non renseigné,0,Non renseigné,0,Aucun,Non renseigné,0.0,0.9854285714285714,0.021818181818181816,0.4593333333333333,3.67304347826087
FHB0041,ISAC_V1,10 à 20,1,11.0,regionB,0,1,Non renseigné,0,Non renseigné,0,Aucun,Non renseigné,0.0,2.315714285714286,0.0,0.7953333333333333,20.114347826086956
FHB0042,ISAC_V1,0 à 10,1,12.0,regionB,0,1,Non renseigné,0,Non renseigné,1,Aucun,Non renseigné,0.0,0.0,0.6345454545454546,0.0,0.020869565217391303
FHB0043,ISAC_V1,40 à 60,0,12.0,regionB,0,1,Non renseigné,0,Non renseigné,0,Aucun,Non renseigné,24.90727272727273,1.3888571428571428,1.041818181818182,2.5766666666666667,0.0
FHB0044,ISAC_V1,40 à 60,0,12.0,regionB,0,1,Non renseigné,0,Non renseigné,1,Aucun,Non renseigné,0.0,0.0,0.0,0.0,0.0
FHB0045,ISAC_V1,10 à 20,0,12.0,regionB,0,1,Non renseigné,0,Non renseigné,0,Aucun,Non renseigné,6.449090909090909,0.4799999999999999,5.135454545454545,0.0,2.795217391304348
FHB0046,ISAC_V1,10 à 20,0,12.0,regionB,0,1,Non renseigné,0,Non renseigné,0,Effort/Activité sportive,Non renseigné,0.9245454545454543,0.0,0.0,0.0,0.0
FHB0047,ISAC_V1,60 à Plus,1,12.0,regionB,0,1,Non renseigné,0,Non renseigné,1,Aucun,Non renseigné,0.0,0.0,0.0,0.0,0.0
FHB0048,ISAC_V1,20 à 40,1,12.0,regionB,0,1,Non renseigné,1,Non renseigné,1,Aucun,Non renseigné,28.729999999999997,2.2808571428571427,0.0,0.04933333333333333,17.19608695652174
FHB0049,ISAC_V1,10 à 20,1,1.0,regionB,0,1,Non renseigné,0,Non renseigné,0,Aucun,Non renseigné,1.0854545454545454,0.4037142857142857,1.5372727272727273,1.2346666666666666,4.19
FHB0050,ISAC_V1,20 à 40,0,1.0,regionB,0,1,Non renseigné,0,Non renseigné,0,Aucun,Non renseigné,0.0,0.09885714285714285,0.0,1.1693333333333333,8.580869565217391
FHB0051,ISAC_V1,60 à Plus,1,2.0,regionB,0,1,Non renseigné,0,Non renseigné,0,Aucun,Non renseigné,0.32363636363636367,0.18085714285714286,5.41,0.0,3.6130434782608694
FHB0052,ISAC_V1,0 à 10,1,3.0,regionB,0,1,Non renseigné,0,Non renseigné,1,Aucun,Non renseigné,0.0,0.036,0.0,0.0,0.0
FHB0053,ISAC_V1,0 à 10,1,3.0,regionB,0,1,Non renseigné,0,Non renseigné,0,Moisissures,Non renseigné,0.0,3.825714285714285,0.0,0.06733333333333333,0.0
FHB0054,ISAC_V1,20 à 40,0,3.0,regionB,0,1,Non renseigné,0,Non renseigné,0,Aucun,Non renseigné,0.0,0.05028571428571429,0.0,0.0,3.933913043478261
FHB0055,ISAC_V1,0 à 10,1,3.0,regionB,0,1,Non renseigné,0,Non renseigné,0,Aucun,Non renseigné,1.2909090909090908,0.5697142857142857,0.7718181818181818,0.0,3.499130434782608
FHB0056,ISAC_V1,40 à 60,0,3.0,regionB,0,0,Non renseigné,0,Non renseigné,0,Aucun,Non renseigné,0.0,0.0,0.0,0.0,0.0
FHB0057,ISAC_V1,20 à 40,1,3.0,regionB,0,1,Non renseigné,0,Non renseigné,0,Aucun,Non renseigné,0.0,0.056285714285714286,0.0,0.506,1.4791304347826089
FHB0058,ISAC_V1,20 à 40,0,3.0,regionB,0,1,Non renseigné,0,Non renseigné,0,Aucun,Non renseigné,0.6572727272727273,2.9034285714285715,4.641818181818182,1.3946666666666665,5.1521739130434785
FHB0059,ISAC_V1,20 à 40,0,3.0,regionB,0,1,Non renseigné,0,Non renseigné,0,Aucun,Non renseigné,0.21909090909090911,0.05657142857142857,0.04727272727272727,0.0,6.7043478260869565
FHB0060,ISAC_V1,10 à 20,1,4.0,regionB,0,1,Non renseigné,0,Non renseigné,0,Aucun,Non renseigné,0.0,0.05085714285714286,0.4918181818181818,0.5746666666666667,2.0556521739130433
FHB0061,ISAC_V1,10 à 20,0,4.0,regionB,0,1,Non renseigné,0,Non renseigné,0,Aucun,Non renseigné,0.49090909090909096,0.39885714285714285,0.0,0.0,2.636086956521739
FHB0062,ISAC_V1,20 à 40,0,6.0,regionB,0,0,Aucun,0,Non renseigné,1,Aucun,Pas de traitement,0.0,0.0,0.0,0.0,0.0
FHB0063,ISAC_V1,10 à 20,0,6.0,regionB,0,1,Non renseigné,0,Non renseigné,0,Aucun,Non renseigné,1.0663636363636364,5.865714285714286,0.13,0.0,0.9808695652173914
FHB0064,ISAC_V1,20 à 40,0,6.0,regionB,0,1,Non renseigné,0,Non renseigné,1,Effort/Activité sportive,Non renseigné,0.0,0.021142857142857144,4.7272727272727275,0.0,0.0
FHB0065,ISAC_V1,40 à 60,0,6.0,regionB,0,1,Non renseigné,0,Non renseigné,1,Autres,Non renseigné,0.0,0.0,0.0,0.0,0.049565217391304345
FHB0066,ISAC_V1,20 à 40,0,6.0,regionB,0,1,Non renseigné,0,Non renseigné,0,Effort/Activité sportive,Non renseigné,1.6418181818181816,0.0,0.15727272727272726,0.0,0.0
FHB0067,ISAC_V1,10 à 20,0,7.0,regionB,0,1,Non renseigné,0,Non renseigné,0,Aucun,Non renseigné,2.99,0.0,1.8972727272727274,0.14933333333333335,0.5056521739130435
FHB0068,ISAC_V1,10 à 20,0,7.0,regionB,0,0,Non renseigné,0,Aucun,1,Aucun,Non renseigné,0.0,0.0,0.0,0.0,0.0
FHB0069,ISAC_V1,20 à 40,0,7.0,regionB,0,1,Non renseigné,0,Non renseigné,0,Acariens,Non renseigné,6.212727272727273,0.0,3.5336363636363632,1.2593333333333334,17.148260869565217
FHB0070,ISAC_V1,10 à 20,1,7.0,regionB,0,1,Non renseigné,0,Non renseigné,0,Aucun,Non renseigné,1.7763636363636364,0.0,0.0,0.0,0.27
FHB0071,ISAC_V1,20 à 40,0,7.0,regionB,0,1,Non renseigné,0,20 ans et plus,1,Effort/Activité sportive,Non renseigné,0.911818181818182,0.0,0.09727272727272727,0.0,0.03565217391304348
FHB0072,ISAC_V1,0 à 10,1,8.0,regionB,0,0,Non renseigné,0,Non renseigné,0,Aucun,Non renseigné,0.0,0.0,0.0,0.0,0.0
FHB0073,ISAC_V1,0 à 10,1,8.0,regionB,0,1,Non renseigné,0,Non renseigné,0,Aucun,Non renseigné,0.0,1.2114285714285713,0.0,0.0,0.0
FHB0074,ISAC_V1,10 à 20,0,8.0,regionB,0,1,Non renseigné,0,Non renseigné,0,Aucun,Non renseigné,0.0,0.4845714285714286,0.7581818181818182,10.208,26.490434782608695
FHB0075,ISAC_V1,10 à 20,0,10.0,regionB,0,0,Non renseigné,0,Non renseigné,0,Aucun,Non renseigné,0.0,0.0,0.0,0.0,0.0
FHB0076,ISAC_V1,40 à 60,0,10.0,regionB,0,1,Non renseigné,0,Non renseigné,0,Aucun,Non renseigné,0.0,0.33599999999999997,0.0,0.0,0.3426086956521739
FHB0077,ISAC_V1,10 à 20,1,10.0,regionB,0,1,Aucun,0,3 - 10 ans,0,Aucun,Non renseigné,0.0,0.2697142857142857,0.41545454545454547,0.0,4.985652173913044
FHB0078,ISAC_V1,0 à 10,0,10.0,regionB,0,1,Non renseigné,1,2 - 3 ans,1,Aucun,Non renseigné,0.0,0.02,0.13,0.0,0.15782608695652173
FHB0079,ISAC_V1,20 à 40,0,10.0,regionB,0,1,Non renseigné,0,Non renseigné,0,Aucun,Non renseigné,30.15818181818182,0.6051428571428571,1.0418181818181818,0.0,4.088260869565217
FHB0080,ISAC_V1,0 à 10,1,1.0,regionB,0,1,Non renseigné,0,Non renseigné,0,Aucun,Non renseigné,0.0,0.28914285714285715,0.0,1.2033333333333334,0.0
FHB0081,ISAC_V1,0 à 10,1,12.0,regionB,0,1,Non renseigné,0,0 - 2 ans,0,Acariens,Non renseigné,0.060000000000000005,0.076,0.08,0.25666666666666665,1.1943478260869564
FHB0082,ISAC_V1,10 à 20,0,1.0,regionB,0,1,Non renseigné,0,Non renseigné,0,Acariens,Non renseigné,0.08363636363636363,5.506571428571429,1.0736363636363637,0.0,0.8778260869565216
FHB0083,ISAC_V1,10 à 20,0,1.0,regionB,0,1,Non renseigné,0,Non renseigné,1,Moisissures,Non renseigné,27.262727272727272,1.9665714285714284,9.07090909090909,0.28,7.409565217391304
FHB0084,ISAC_V1,10 à 20,1,11.0,regionB,0,1,Non renseigné,0,Non renseigné,0,Aucun,Non renseigné,11.590909090909092,0.45742857142857135,4.1000000000000005,0.21333333333333335,4.277826086956522
FHB0085,ISAC_V1,0 à 10,1,5.0,regionB,0,1,Non renseigné,0,Non renseigné,1,Aucun,Non renseigné,0.0,1.0691428571428572,0.034545454545454546,0.0,1.622608695652174
FHB0086,ISAC_V1,10 à 20,0,5.0,regionB,0,1,Non renseigné,0,Non renseigné,0,Effort/Activité sportive,Non renseigné,0.0,0.0,0.0,0.0,0.11913043478260871
FHB0087,ISAC_V1,10 à 20,1,5.0,regionB,0,1,Non renseigné,0,Non renseigné,0,Moisissures,Non renseigné,0.2827272727272727,0.7417142857142857,0.16181818181818183,0.0,5.636956521739131
FHB0088,ISAC_V1,0 à 10,1,5.0,regionB,0,1,Non renseigné,0,3 - 10 ans,1,Aucun,Non renseigné,0.0,1.6554285714285715,0.0,0.06733333333333333,0.18130434782608695
FHB0089,ISAC_V1,40 à 60,0,5.0,regionB,0,0,Non renseigné,0,Non renseigné,1,Aucun,Non renseigné,0.0,0.0,0.0,0.0,0.0
FHB0090,ISAC_V1,10 à 20,1,5.0,regionB,0,1,Anti-H1 voie générale,0,Aucun,0,Aucun,Non renseigné,0.0,0.0,0.0,0.0,4.963913043478261
FHB0091,ISAC_V1,20 à 40,0,6.0,regionB,0,1,Non renseigné,0,Non renseigné,0,Aucun,Non renseigné,0.04181818181818182,0.0,0.7381818181818182,0.0,2.888260869565218
FHB0092,ISAC_V1,20 à 40,1,7.0,regionB,0,1,Non renseigné,0,Non renseigné,0,Aucun,Non renseigné,1.7563636363636363,0.38457142857142856,0.5772727272727273,0.0,5.94695652173913
FHB0093,ISAC_V1,40 à 60,0,9.0,regionB,0,1,Non renseigné,0,Non renseigné,0,Autres,Non renseigné,0.0,0.0,0.6072727272727273,0.0,0.0
FHB0094,ISAC_V1,20 à 40,0,8.0,regionB,0,0,Non renseigné,0,Non renseigné,1,Aucun,Non renseigné,0.0,0.0,0.0,0.0,0.0
FHB0095,ISAC_V1,20 à 40,0,9.0,regionB,0,1,Non renseigné,0,Non renseigné,0,Aucun,Non renseigné,0.0,1.6694285714285715,0.0,0.0,0.0
FHB0096,ISAC_V1,0 à 10,1,9.0,regionB,0,1,Non renseigné,0,Non renseigné,0,Aucun,Non renseigné,0.0,0.24971428571428572,0.7454545454545454,1.5386666666666666,0.6273913043478261
FHB0097,ISAC_V1,10 à 20,1,10.0,regionB,0,1,Non renseigné,0,Non renseigné,0,Aucun,Non renseigné,5.327272727272727,5.654857142857144,0.9045454545454544,0.0,11.435652173913043
FHB0098,ISAC_V1,40 à 60,0,11.0,regionB,0,1,Non renseigné,0,Non renseigné,0,Aucun,Non renseigné,0.0,0.0,0.1,0.03066666666666667,0.1973913043478261
FHB0099,ISAC_V1,40 à 60,1,7.0,regionB,0,1,Non renseigné,0,Non renseigné,1,Aucun,Non renseigné,2.5063636363636363,0.0,0.4581818181818182,0.0,0.0
FHB0100,ISAC_V1,0 à 10,1,11.0,regionB,0,1,Non renseigné,0,Non renseigné,0,Aucun,Non renseigné,2.4254545454545453,0.6508571428571429,1.5672727272727274,0.47933333333333333,6.874782608695653
FHB0101,ISAC_V1,20 à 40,0,2.0,regionB,0,1,Non renseigné,0,Non renseigné,1,Acariens,Non renseigné,0.0,0.0,0.0,0.0,2.0678260869565217
FHB0102,ISAC_V1,40 à 60,1,1.0,regionB,0,1,Non renseigné,0,Non renseigné,0,Aucun,Non renseigné,0.0,0.0,0.0,0.0,0.7469565217391304
FHB0103,ISAC_V1,60 à Plus,1,10.0,regionB,0,1,Non renseigné,1,20 ans et plus,1,Aucun,Pas de traitement,0.26636363636363636,0.0,0.07636363636363636,0.25466666666666665,0.0
FHB0104,ISAC_V1,40 à 60,1,3.0,regionB,0,1,Aucun,0,20 ans et plus,1,Aucun,Pas de traitement,0.0,1.5882857142857143,1.1218181818181818,0.058,11.813913043478262
FHB0105,ISAC_V1,40 à 60,1,2.0,regionB,0,1,Aucun,0,20 ans et plus,1,Aucun,Pas de traitement,0.0,0.0,0.0,0.0,0.21217391304347827
FHB0106,ISAC_V1,20 à 40,0,11.0,regionB,0,1,Non renseigné,0,Non renseigné,0,Aucun,Non renseigné,2.73,0.5868571428571429,0.0,0.0,3.5043478260869563
FHB0107,ISAC_V1,10 à 20,0,11.0,regionB,0,1,Non renseigné,0,Non renseigné,0,Aucun,Non renseigné,3.7818181818181817,3.023142857142857,0.0,0.042,0.0
FHB0108,ISAC_V1,20 à 40,0,11.0,regionB,0,1,Non renseigné,0,Non renseigné,0,Aucun,Non renseigné,0.16090909090909092,0.0,0.0,0.0,0.0
FHB0109,ISAC_V1,10 à 20,0,1.0,regionB,0,0,Non renseigné,0,Non renseigné,1,Aucun,Non renseigné,0.0,0.0,0.0,0.0,0.0
FHB0110,ISAC_V1,40 à 60,0,1.0,regionB,0,1,Non renseigné,0,Non renseigné,1,Aucun,Non renseigné,4.403636363636363,0.0,0.0,0.0,0.6147826086956522
FHB0111,ISAC_V1,10 à 20,0,1.0,regionB,0,1,Non renseigné,0,Non renseigné,1,Aucun,Non renseigné,0.0,0.0,0.0,0.0,0.07478260869565218
FHB0112,ISAC_V1,20 à 40,0,2.0,regionB,0,1,Non renseigné,0,Non renseigné,0,Aucun,Non renseigné,1.8636363636363635,1.7525714285714284,4.765454545454546,1.9426666666666668,5.967826086956522
FHB0113,ISAC_V1,10 à 20,1,2.0,regionB,0,1,Non renseigné,0,Non renseigné,0,Aucun,Non renseigné,0.0,0.07457142857142857,0.23363636363636367,1.1513333333333333,0.28782608695652173
FHB0114,ISAC_V1,10 à 20,1,2.0,regionB,0,1,Non renseigné,0,Non renseigné,0,Aucun,Non renseigné,0.19545454545454544,1.048857142857143,1.4545454545454546,0.0,6.443478260869565
FHB0115,ISAC_V1,10 à 20,1,2.0,regionB,0,1,Non renseigné,0,Non renseigné,0,Aucun,Non renseigné,0.0,0.14057142857142857,1.630909090909091,1.0273333333333334,4.26304347826087
FHB0116,ISAC_V1,0 à 10,0,2.0,regionB,0,1,Non renseigné,0,Non renseigné,0,Aucun,Non renseigné,0.6145454545454545,0.39171428571428574,0.19545454545454544,0.0,0.8126086956521739
FHB0117,ISAC_V1,10 à 20,1,3.0,regionB,0,1,Non renseigné,0,Non renseigné,1,Aucun,Non renseigné,9.27,0.03371428571428571,0.06636363636363636,0.03866666666666666,0.021304347826086957
FHB0118,ISAC_V1,40 à 60,0,4.0,regionB,0,1,Non renseigné,0,Non renseigné,1,Aucun,Non renseigné,0.0,0.0,0.0,0.0,0.0
FHB0119,ISAC_V1,0 à 10,0,4.0,regionB,0,1,Non renseigné,0,Non renseigné,0,Aucun,Non renseigné,9.994545454545454,1.4742857142857142,2.3000000000000003,0.0,5.918260869565217
FHB0120,ISAC_V1,10 à 20,0,4.0,regionB,0,0,Non renseigné,0,Non renseigné,1,Aucun,Non renseigné,0.0,0.0,0.0,0.0,0.0
FHB0121,ISAC_V1,10 à 20,1,4.0,regionB,0,1,Non renseigné,0,Non renseigné,0,Aucun,Non renseigné,0.20363636363636364,0.254,0.0,0.0,0.05043478260869566
FHB0122,ISAC_V1,20 à 40,0,1.0,regionB,0,1,Non renseigné,0,Non renseigné,0,Aucun,Non renseigné,0.0,0.11285714285714286,0.0,0.0,1.7991304347826087
FHB0123,ISAC_V1,10 à 20,1,5.0,regionB,0,0,Non renseigné,0,Non renseigné,1,Aucun,Non renseigné,0.0,0.0,0.0,0.0,0.0
FHB0124,ISAC_V1,20 à 40,1,5.0,regionB,0,1,Non renseigné,0,Non renseigné,0,Aucun,Non renseigné,0.0,0.024,0.0,0.0,0.0
FHB0125,ISAC_V1,40 à 60,1,6.0,regionB,0,0,Non renseigné,0,Non renseigné,0,Aucun,Non renseigné,0.0,0.0,0.0,0.0,0.0
FHB0126,ISAC_V1,0 à 10,1,6.0,regionB,0,0,Non renseigné,0,Non renseigné,0,Aucun,Non renseigné,0.0,0.0,0.0,0.0,0.0
FHB0127,ISAC_V1,20 à 40,1,8.0,regionB,0,1,Non renseigné,0,Non renseigné,0,Aucun,Non renseigné,0.0,0.0,0.0,0.0,1.2095652173913043
FHB0128,ISAC_V1,40 à 60,0,8.0,regionB,0,1,Non renseigné,0,Non renseigné,1,Aucun,Non renseigné,3.364545454545455,0.6954285714285714,0.14636363636363636,0.1953333333333333,5.540869565217391
FHB0129,ISAC_V1,60 à Plus,0,9.0,regionB,0,1,Non renseigné,0,Non renseigné,1,Aucun,Non renseigné,0.0,0.0,0.0,0.0,0.0
FHB0130,ISAC_V1,10 à 20,0,9.0,regionB,0,1,Non renseigné,0,Non renseigné,0,Effort/Activité sportive,Non renseigné,0.0,0.0,0.32090909090909087,0.0,0.0
FHB0131,ISAC_V1,10 à 20,1,11.0,regionB,0,1,Non renseigné,0,Non renseigné,0,Aucun,Non renseigné,6.332727272727272,0.030285714285714287,0.0,0.0,0.034782608695652174
FHB0132,ISAC_V1,10 à 20,0,10.0,regionB,0,1,Non renseigné,0,Non renseigné,0,Aucun,Non renseigné,0.0,0.0,0.0,0.0,0.8778260869565216
FHB0133,ISAC_V1,40 à 60,0,11.0,regionB,0,1,Non renseigné,0,Non renseigné,0,Aucun,Non renseigné,1.7636363636363634,0.09514285714285714,0.2618181818181818,0.0,0.03304347826086956
FHB0134,ISAC_V1,40 à 60,0,11.0,regionB,0,1,Non renseigné,0,Non renseigné,0,Aucun,Non renseigné,0.0,0.10800000000000001,0.0,0.0,0.0
FHB0135,ISAC_V1,10 à 20,1,11.0,regionB,0,1,Non renseigné,0,Non renseigné,0,Aucun,Non renseigné,0.49727272727272726,0.30371428571428566,0.0,0.44599999999999995,7.057826086956522
FHB0136,ISAC_V1,10 à 20,1,12.0,regionB,0,1,Non renseigné,0,Non renseigné,0,Aucun,Non renseigné,14.886363636363637,0.15914285714285714,0.5354545454545454,0.0,5.03
FHB0137,ISAC_V1,40 à 60,0,12.0,regionB,0,1,Non renseigné,0,Non renseigné,0,Aucun,Non renseigné,0.0,0.0,0.0,0.0,0.02
FHB0138,ISAC_V1,0 à 10,1,1.0,regionB,0,1,Non renseigné,0,Non renseigné,0,Aucun,Non renseigné,0.0,0.0,0.0,0.0,0.0
FHB0139,ISAC_V1,40 à 60,0,1.0,regionB,0,1,Non renseigné,0,Non renseigné,0,Aucun,Non renseigné,0.0,0.08685714285714285,0.0,0.0,0.3791304347826087
FHB0140,ISAC_V1,60 à Plus,1,1.0,regionB,0,1,Non renseigné,0,Non renseigné,0,Aucun,Non renseigné,0.0,0.0,0.0,0.0,0.0
FHB0141,ISAC_V1,20 à 40,0,1.0,regionB,0,1,Non renseigné,0,Non renseigné,1,Aucun,Non renseigné,0.0,0.1462857142857143,0.0,0.0,1.2043478260869567
FHB0142,ISAC_V1,60 à Plus,0,1.0,regionB,0,1,Non renseigné,0,Non renseigné,0,Aucun,Non renseigné,0.0,0.0,0.0,0.0,0.3852173913043478
FHB0143,ISAC_V1,20 à 40,0,1.0,regionB,0,0,Non renseigné,0,Non renseigné,1,Aucun,Non renseigné,0.0,0.0,0.0,0.0,0.0
FHB0144,ISAC_V1,40 à 60,1,2.0,regionB,0,1,Non renseigné,0,Non renseigné,0,Aucun,Non renseigné,0.8390909090909091,0.012285714285714285,0.09272727272727273,0.0,0.0
FHB0145,ISAC_V1,20 à 40,1,2.0,regionB,0,1,Non renseigné,0,Non renseigné,0,Aucun,Non renseigné,0.17636363636363636,0.058571428571428566,0.0,0.0,0.2726086956521739
FHB0146,ISAC_V1,10 à 20,1,2.0,regionB,0,1,Non renseigné,0,Non renseigné,1,Aucun,Non renseigné,0.20636363636363636,0.03971428571428571,0.47818181818181815,0.09000000000000001,4.730434782608696
FHB0147,ISAC_V1,40 à 60,1,2.0,regionB,0,1,Non renseigné,0,Non renseigné,1,Effort/Activité sportive,Non renseigné,0.14636363636363636,0.1977142857142857,1.8563636363636364,0.184,14.012608695652174
FHB0148,ISAC_V1,20 à 40,0,3.0,regionB,0,1,Non renseigné,0,Non renseigné,0,Aucun,Non renseigné,1.6554545454545455,0.0,0.0,0.0,1.0078260869565216
FHB0149,ISAC_V1,40 à 60,0,3.0,regionB,0,1,Non renseigné,0,Non renseigné,0,Aucun,Non renseigné,12.416363636363634,0.4797142857142857,22.82,1.0433333333333334,21.317391304347826
FHB0150,ISAC_V1,40 à 60,1,3.0,regionB,0,1,Non renseigné,0,Non renseigné,0,Aucun,Non renseigné,1.279090909090909,0.17485714285714285,0.12181818181818183,0.0,6.886521739130434
FHB0151,ISAC_V1,0 à 10,1,3.0,regionB,0,0,Non renseigné,0,Non renseigné,0,Aucun,Non renseigné,0.0,0.0,0.0,0.0,0.0
FHB0152,ISAC_V1,20 à 40,0,2.0,regionB,0,1,Non renseigné,0,Non renseigné,1,Aucun,Non renseigné,11.116363636363637,0.20742857142857143,3.0009090909090905,1.3566666666666667,1.2695652173913043
FHB0153,ISAC_V1,20 à 40,0,3.0,regionB,0,1,Non renseigné,0,Non renseigné,0,Aucun,Non renseigné,0.0,0.81,0.08090909090909092,0.33866666666666667,4.090869565217392
FHB0154,ISAC_V1,40 à 60,0,5.0,regionB,0,1,Non renseigné,0,Non renseigné,1,Aucun,Non renseigné,0.19090909090909092,0.0,0.0,0.0,0.14782608695652175
FHB0155,ISAC_V1,20 à 40,0,3.0,regionB,0,1,Non renseigné,0,Non renseigné,0,Aucun,Non renseigné,3.483636363636364,0.22971428571428568,0.0,0.0,11.773043478260869
FHB0156,ISAC_V1,10 à 20,1,3.0,regionB,0,1,Non renseigné,0,Non renseigné,0,Aucun,Non renseigné,17.235454545454544,0.0,0.034545454545454546,0.0,0.4804347826086957
FHB0157,ISAC_V1,40 à 60,0,3.0,regionB,0,0,Non renseigné,0,Non renseigné,1,Aucun,Non renseigné,0.0,0.0,0.0,0.0,0.0
FHB0158,ISAC_V1,40 à 60,0,3.0,regionB,0,1,Non renseigné,0,Non renseigné,0,Aucun,Non renseigné,0.0,0.0,0.1309090909090909,0.0,0.6247826086956522
FHB0159,ISAC_V1,60 à Plus,1,3.0,regionB,0,1,Non renseigné,0,Non renseigné,1,Aucun,Non renseigné,0.0,0.0,0.0,0.0,0.23173913043478261
FHB0160,ISAC_V1,10 à 20,0,3.0,regionB,0,0,Non renseigné,0,Non renseigné,1,Aucun,Non renseigné,0.0,0.0,0.0,0.0,0.0
FHB0161,ISAC_V1,10 à 20,0,3.0,regionB,0,0,Non renseigné,0,Non renseigné,1,Effort/Activité sportive,Non renseigné,0.0,0.0,0.0,0.0,0.0
FHB0162,ISAC_V1,40 à 60,1,3.0,regionB,0,1,Non renseigné,0,Non renseigné,0,Aucun,Non renseigné,0.0,0.0,0.0,0.0,0.0408695652173913
FHB0163,ISAC_V1,10 à 20,1,5.0,regionB,0,1,Non renseigné,0,Non renseigné,1,Aucun,Non renseigné,0.0,0.13742857142857143,0.0,2.864666666666667,0.0
FHB0164,ISAC_V1,20 à 40,1,12.0,regionB,0,1,Non renseigné,0,Non renseigné,0,Aucun,Non renseigné,0.0,0.8777142857142857,0.0,0.0,1.48
FHB0165,ISAC_V1,40 à 60,0,1.0,regionB,0,1,Non renseigné,0,Non renseigné,0,Aucun,Non renseigné,0.0,0.0,0.0036363636363636364,0.009333333333333334,0.0013043478260869564
FHB0166,ISAC_V1,20 à 40,0,1.0,regionB,0,1,Non renseigné,0,Non renseigné,0,Aucun,Non renseigné,0.19727272727272727,0.0,0.2645454545454546,0.0,0.0013043478260869564
FHB0167,ISAC_V1,20 à 40,1,1.0,regionB,0,1,Non renseigné,0,Non renseigné,0,Aucun,Non renseigné,0.0,0.0008571428571428571,0.006363636363636364,0.005333333333333333,0.014347826086956523
FHB0168,ISAC_V1,10 à 20,1,1.0,regionB,0,0,Non renseigné,0,Non renseigné,0,Aucun,Non renseigné,0.0,0.0,0.0,0.0,0.0
FHB0169,ISAC_V1,40 à 60,1,1.0,regionB,0,1,Non renseigné,0,Non renseigné,0,Aucun,Non renseigné,0.10181818181818182,0.0,0.0,0.006,0.0
FHB0170,ISAC_V1,10 à 20,0,11.0,regionB,0,1,Non renseigné,0,Non renseigné,1,Aucun,Non renseigné,29.49727272727273,4.364285714285714,1.0127272727272727,0.0,0.5526086956521739
FHB0171,ISAC_V1,0 à 10,1,11.0,regionB,0,1,Non renseigné,0,Non renseigné,0,Aucun,Non renseigné,16.952727272727273,8.869428571428571,13.757272727272728,0.7713333333333333,11.659565217391302
FHB0172,ISAC_V1,40 à 60,1,11.0,regionB,0,1,Non renseigné,0,Non renseigné,0,Aucun,Non renseigné,0.6790909090909092,0.06799999999999999,0.0,0.12666666666666665,0.0
FHB0173,ISAC_V1,20 à 40,0,11.0,regionB,0,1,Non renseigné,0,Non renseigné,0,Aucun,Non renseigné,0.6545454545454545,0.0,0.0,0.0,0.0
FHB0174,ISAC_V1,60 à Plus,0,12.0,regionB,0,1,Non renseigné,0,Non renseigné,0,Aucun,Non renseigné,0.0,0.15857142857142856,0.002727272727272727,0.004666666666666667,0.01391304347826087
FHB0175,ISAC_V1,20 à 40,0,12.0,regionB,0,1,Non renseigné,0,Non renseigné,0,Effort/Activité sportive,Non renseigné,0.0,0.0017142857142857142,0.0,0.0026666666666666666,0.1565217391304348
FHB0176,ISAC_V1,40 à 60,0,12.0,regionB,0,1,Non renseigné,0,Non renseigné,0,Aucun,Non renseigné,7.6,0.0757142857142857,0.18636363636363634,0.03066666666666667,0.2373913043478261
FHB0177,ISAC_V1,60 à Plus,0,12.0,regionB,0,1,Non renseigné,0,Non renseigné,0,Aucun,Non renseigné,0.0,0.0,0.0009090909090909091,0.0,0.2565217391304348
FHB0178,ISAC_V1,0 à 10,1,3.0,regionB,0,1,Non renseigné,0,Non renseigné,0,Aucun,Non renseigné,0.046363636363636364,0.4762857142857143,0.005454545454545454,0.004666666666666667,0.0
FHB0179,ISAC_V1,60 à Plus,1,3.0,regionB,0,1,Non renseigné,0,Non renseigné,0,Aucun,Non renseigné,19.985454545454544,0.15457142857142858,0.37636363636363634,0.15933333333333335,4.573478260869566
FHB0180,ISAC_V1,10 à 20,0,3.0,regionB,0,0,Non renseigné,0,Non renseigné,0,Aucun,Non renseigné,0.0,0.0,0.0,0.0,0.0
FHB0181,ISAC_V1,10 à 20,1,2.0,regionB,0,1,Non renseigné,0,Non renseigné,0,Aucun,Non renseigné,9.510000000000002,0.13085714285714287,6.441818181818181,1.3166666666666667,4.202608695652174
FHB0182,ISAC_V1,10 à 20,0,2.0,regionB,0,1,Non renseigné,0,Non renseigné,0,Aucun,Non renseigné,12.96,0.059142857142857136,9.172727272727274,1.3626666666666665,1.7100000000000002
FHB0183,ISAC_V1,20 à 40,0,2.0,regionB,0,1,Aucun,1,Non renseigné,0,Aucun,Pas de traitement,0.0,0.17257142857142857,0.0,0.0,0.3991304347826087
FHB0184,ISAC_V1,20 à 40,0,2.0,regionB,0,1,Aucun,0,20 ans et plus,0,Effort/Activité sportive,Pas de traitement,0.009090909090909092,0.09914285714285713,5.9409090909090905,0.15,0.0973913043478261
FHB0185,ISAC_V1,20 à 40,0,3.0,regionB,0,1,Aucun,0,20 ans et plus,1,Effort/Activité sportive,Pas de traitement,0.0,0.0,0.0,0.006666666666666667,0.04
FHB0186,ISAC_V1,0 à 10,1,4.0,regionB,0,1,Aucun,0,3 - 10 ans,1,Effort/Activité sportive,Pas de traitement,0.5163636363636364,3.302,0.15363636363636363,4.120666666666667,3.491739130434783
FHB0187,ISAC_V1,60 à Plus,0,4.0,regionB,0,1,Aucun,0,Non renseigné,1,Autres,Pas de traitement,0.0,0.29571428571428576,5.774545454545454,0.0,1.5934782608695652
FHB0188,ISAC_V1,40 à 60,1,4.0,regionB,0,1,Aucun,0,Non renseigné,1,Effort/Activité sportive,Pas de traitement,0.0,0.002,0.0,0.156,0.0
FHB0189,ISAC_V1,20 à 40,1,4.0,regionB,0,1,Anti-H1 voie générale,0,10 - 20 ans,0,Acariens,Pas de traitement,28.569090909090907,1.4080000000000001,0.27,0.5579999999999999,0.21521739130434783
FHB0190,ISAC_V1,10 à 20,0,4.0,regionB,0,1,Non renseigné,0,Non renseigné,1,Aucun,Non renseigné,0.0,1.212,0.0,0.0,0.025217391304347823
FHB0191,ISAC_V1,20 à 40,0,4.0,regionB,0,1,Non renseigné,0,Aucun,0,Aucun,Non renseigné,1.038181818181818,0.002,0.6427272727272727,0.017333333333333333,1.4730434782608697
FHB0192,ISAC_V1,40 à 60,0,5.0,regionB,0,1,Aucun,0,Aucun,0,Aucun,Pas de traitement,0.7018181818181818,0.004,0.0,0.002,0.007391304347826086
FHB0193,ISAC_V1,0 à 10,0,5.0,regionB,0,1,Aucun,0,Non renseigné,1,Animaux : chat/chien,Non renseigné,13.814545454545454,6.214285714285714,3.4454545454545453,0.016,20.460869565217394
FHB0194,ISAC_V1,10 à 20,0,6.0,regionB,0,0,Non renseigné,0,Aucun,1,Aucun,Pas de traitement,0.0,0.0,0.0,0.0,0.0
FHB0195,ISAC_V1,40 à 60,0,6.0,regionB,0,1,Aucun,1,Aucun,0,Aucun,Pas de traitement,2.171818181818182,0.0,1.3863636363636365,0.0,0.0626086956521739
FHB0196,ISAC_V1,40 à 60,0,6.0,regionB,0,1,Aucun,0,Aucun,1,Aucun,Non renseigné,5.127272727272727,0.0005714285714285715,1.0818181818181818,0.002,0.13217391304347825
FHB0197,ISAC_V1,20 à 40,0,6.0,regionB,0,1,Non renseigné,0,Non renseigné,0,Aucun,Non renseigné,15.97181818181818,4.781428571428571,1.4881818181818183,0.0033333333333333335,26.9804347826087
FHB0198,ISAC_V1,0 à 10,0,7.0,regionB,0,1,Aucun,1,Aucun,0,Effort/Activité sportive,Pas de traitement,0.046363636363636364,0.0,0.0,0.0,0.0
FHB0199,ISAC_V1,40 à 60,0,7.0,regionB,0,0,Non renseigné,0,Non renseigné,0,Aucun,Non renseigné,0.012727272727272728,0.0,0.0,0.0,0.0013043478260869564
FHB0200,ISAC_V1,40 à 60,0,7.0,regionB,0,0,Non renseigné,0,Aucun,0,Aucun,Pas de traitement,0.0,0.0,0.0009090909090909091,0.0,0.0
FHB0201,ISAC_V1,40 à 60,0,7.0,regionB,0,1,Aucun,0,Non renseigné,1,Aucun,Pas de traitement,1.9690909090909088,0.0,0.0,0.0,0.0
FHB0202,ISAC_V1,40 à 60,1,7.0,regionB,0,0,Aucun,0,Aucun,0,Aucun,Pas de traitement,0.0,0.0,0.0,0.0026666666666666666,0.002173913043478261
FHB0203,ISAC_V1,60 à Plus,0,7.0,regionB,0,0,Non renseigné,0,Non renseigné,0,Aucun,Non renseigné,0.0,0.0,0.0,0.002,0.0
FHB0204,ISAC_V1,10 à 20,1,8.0,regionB,0,1,Aucun,0,10 - 20 ans,1,Effort/Activité sportive,Non renseigné,1.4990909090909093,0.004571428571428572,0.0,0.0,0.1308695652173913
FHB0205,ISAC_V1,10 à 20,1,8.0,regionB,0,1,Non renseigné,0,10 - 20 ans,1,Effort/Activité sportive,Pas de traitement,12.344545454545454,0.001142857142857143,0.02,0.0026666666666666666,13.09391304347826
FHB0206,ISAC_V1,20 à 40,1,8.0,regionB,0,1,"Anti-H1, voie locale",1,Non renseigné,0,Aucun,Non renseigné,3.505454545454546,2.9068571428571426,45.96545454545455,1.2433333333333332,19.27173913043478
FHB0207,ISAC_V1,40 à 60,1,8.0,regionB,0,1,Aucun,0,Non renseigné,1,Acariens,Pas de traitement,0.04727272727272727,0.0,0.0,0.0,6.878260869565217
FHB0208,ISAC_V1,20 à 40,1,8.0,regionB,0,1,Non renseigné,0,Non renseigné,0,Aucun,Non renseigné,0.028181818181818183,0.025142857142857144,0.0,0.03933333333333333,0.023043478260869565
FHB0209,ISAC_V1,20 à 40,0,8.0,regionB,0,0,Non renseigné,0,Non renseigné,0,Aucun,Non renseigné,0.0,0.0,0.0,0.0,0.0013043478260869564
FHB0210,ISAC_V1,20 à 40,0,8.0,regionB,0,0,Non renseigné,0,Non renseigné,1,Aucun,Non renseigné,0.0,0.0,0.0,0.0026666666666666666,0.0017391304347826088
FHB0211,ISAC_V1,40 à 60,1,10.0,regionB,0,0,Non renseigné,0,Non renseigné,0,Aucun,Non renseigné,0.0,0.0,0.0,0.0,0.0
FHB0212,ISAC_V1,10 à 20,0,10.0,regionB,0,1,Non renseigné,0,Non renseigné,0,Acariens,Non renseigné,3.819090909090909,0.22542857142857142,0.10272727272727272,0.5173333333333334,22.420434782608694
FHB0213,ISAC_V1,0 à 10,1,11.0,regionB,0,1,Non renseigné,0,Non renseigné,0,Aucun,Non renseigné,7.35,0.27742857142857147,0.20909090909090908,0.037333333333333336,1.6056521739130434
FHB0214,ISAC_V1,10 à 20,0,10.0,regionB,0,1,Non renseigné,0,Non renseigné,0,Aucun,Non renseigné,26.89272727272727,6.529142857142857,2.8145454545454545,4.972666666666667,6.8478260869565215
FHB0215,ISAC_V1,0 à 10,1,10.0,regionB,0,1,Non renseigné,0,Non renseigné,0,Acariens,Non renseigné,0.9336363636363637,0.013142857142857144,0.01636363636363636,0.008666666666666666,0.012608695652173915
FHB0216,ISAC_V1,0 à 10,1,10.0,regionB,0,1,Non renseigné,0,Non renseigné,0,Aucun,Non renseigné,0.005454545454545454,0.09914285714285714,0.024545454545454547,0.012,0.01608695652173913
FHB0217,ISAC_V1,20 à 40,0,10.0,regionB,0,1,Non renseigné,0,Non renseigné,0,Aucun,Non renseigné,10.701818181818181,0.0,1.8954545454545455,0.0,0.661304347826087
FHB0218,ISAC_V1,0 à 10,0,12.0,regionB,0,0,Non renseigné,0,Non renseigné,0,Aucun,Non renseigné,0.0,0.0,0.0009090909090909091,0.0,0.0
FHB0219,ISAC_V1,0 à 10,1,12.0,regionB,0,1,Non renseigné,0,Non renseigné,1,Acariens,Non renseigné,0.5154545454545455,0.15514285714285714,2.1772727272727277,0.0026666666666666666,0.22608695652173913
FHB0220,ISAC_V1,60 à Plus,1,12.0,regionB,0,1,Non renseigné,0,Non renseigné,1,Aucun,Non renseigné,0.5781818181818181,0.0005714285714285715,0.0,0.0,0.0965217391304348
FHB0221,ISAC_V1,10 à 20,0,12.0,regionB,0,1,Non renseigné,0,Non renseigné,0,Aucun,Non renseigné,25.548181818181817,0.32,3.090909090909091,0.0,0.43478260869565216
FHB0222,ISAC_V1,40 à 60,0,12.0,regionB,0,1,Non renseigné,0,Non renseigné,0,Aucun,Non renseigné,6.966363636363636,0.002,0.002727272727272727,0.0,0.0
FHB0223,ISAC_V1,40 à 60,0,12.0,regionB,0,1,Non renseigné,0,Non renseigné,1,Aucun,Non renseigné,0.0,0.0017142857142857142,0.0,0.0,0.06086956521739131
FHB0224,ISAC_V1,40 à 60,0,3.0,regionB,0,1,Non renseigné,0,Non renseigné,0,Aucun,Non renseigné,0.2818181818181818,0.017142857142857144,0.0,0.008666666666666666,0.28
FHB0225,ISAC_V1,20 à 40,0,3.0,regionB,0,0,Non renseigné,0,Non renseigné,0,Aucun,Non renseigné,0.0,0.0,0.0,0.006666666666666667,0.0
FHB0226,ISAC_V1,10 à 20,0,3.0,regionB,0,1,Non renseigné,0,Non renseigné,0,Aucun,Non renseigné,0.0036363636363636364,0.004571428571428572,0.002727272727272727,0.0026666666666666666,4.416521739130435
FHB0227,ISAC_V1,40 à 60,1,3.0,regionB,0,1,Non renseigné,0,Non renseigné,0,Aucun,Non renseigné,0.0,0.06542857142857143,0.0,0.0,0.1326086956521739
FHB0228,ISAC_V1,40 à 60,0,3.0,regionB,0,1,Non renseigné,0,Non renseigné,0,Aucun,Non renseigné,0.0,0.07457142857142858,0.007272727272727273,0.0,0.9330434782608696
FHB0229,ISAC_V1,10 à 20,1,3.0,regionB,0,1,Non renseigné,0,Non renseigné,0,Aucun,Non renseigné,16.14,0.03828571428571429,0.12818181818181817,0.10066666666666667,0.22956521739130437
FHB0230,ISAC_V1,40 à 60,1,3.0,regionB,0,1,Non renseigné,0,Non renseigné,0,Aucun,Non renseigné,0.0,0.0,0.0,0.0,0.06434782608695652
FHB0231,ISAC_V1,20 à 40,1,3.0,regionB,0,1,Non renseigné,0,Non renseigné,0,Aucun,Non renseigné,0.37000000000000005,0.0,0.0,0.004,0.0004347826086956522
FHB0232,ISAC_V1,20 à 40,0,3.0,regionB,0,1,Non renseigné,0,Non renseigné,0,Aucun,Non renseigné,0.26636363636363636,0.012571428571428572,1.8409090909090908,0.0,0.0
FHB0233,ISAC_V1,40 à 60,0,3.0,regionB,0,1,Non renseigné,0,Non renseigné,0,Aucun,Non renseigné,0.3718181818181818,0.030285714285714287,0.2281818181818182,0.322,1.0347826086956522
FHB0234,ISAC_V1,0 à 10,1,3.0,regionB,0,1,Non renseigné,0,Non renseigné,0,Aucun,Non renseigné,0.12181818181818181,3.1542857142857144,0.6636363636363636,0.005333333333333333,0.3421739130434783
FHB0235,ISAC_V1,10 à 20,1,3.0,regionB,0,1,Non renseigné,0,Non renseigné,0,Aucun,Non renseigné,0.0,3.479428571428572,0.8581818181818182,0.0,24.18304347826087
FHB0236,ISAC_V1,20 à 40,0,3.0,regionB,0,1,Non renseigné,0,Non renseigné,0,Aucun,Non renseigné,1.1581818181818182,0.038571428571428576,0.00818181818181818,0.5766666666666667,13.994782608695653
FHB0237,ISAC_V1,0 à 10,1,3.0,regionB,0,1,Non renseigné,0,Non renseigné,0,Aucun,Non renseigné,0.0,0.21685714285714286,0.0,0.8019999999999999,0.03869565217391304
FHB0238,ISAC_V1,40 à 60,0,3.0,regionB,0,0,Non renseigné,0,Non renseigné,0,Aucun,Non renseigné,0.0,0.0,0.0,0.0,0.0
FHB0239,ISAC_V1,20 à 40,1,3.0,regionB,0,1,Non renseigné,0,Non renseigné,0,Aucun,Non renseigné,7.730909090909091,0.0,0.0,0.0,0.030869565217391304
FHB0240,ISAC_V1,20 à 40,1,3.0,regionB,0,1,Non renseigné,0,Non renseigné,0,Aucun,Non renseigné,0.7381818181818182,0.061142857142857145,0.0,0.019333333333333334,8.210434782608695
FHB0241,ISAC_V1,20 à 40,0,3.0,regionB,0,1,Non renseigné,0,Non renseigné,0,Aucun,Non renseigné,0.0,0.0005714285714285715,0.13545454545454547,0.002,0.0
FHB0242,ALEX,0 à 10,1,11.0,regionB,1,1,Non renseigné,0,0 - 2 ans,1,Aucun,Non renseigné,0.0,1.2965714285714285,0.0,0.0,0.0
FHB0243,ALEX,0 à 10,1,12.0,regionB,1,1,Non renseigné,0,3 - 10 ans,0,Aucun,Non renseigné,5.419090909090909,0.07685714285714286,0.7400000000000001,0.0,0.0
FHB0244,ALEX,40 à 60,0,12.0,regionB,1,1,Non renseigné,0,10 - 20 ans,0,Aucun,Pas de traitement,0.5054545454545455,0.0005714285714285715,0.34818181818181815,0.0,0.11913043478260871
FHB0245,ALEX,20 à 40,0,12.0,regionB,1,1,Non renseigné,0,Aucun,0,Aucun,Non renseigné,8.799999999999999,0.0,0.009090909090909092,0.21200000000000002,4.245652173913043
FHB0246,ALEX,20 à 40,1,4.0,regionB,0,1,Non renseigné,0,Aucun,0,Aucun,Pas de traitement,0.0,0.1571428571428571,0.0,0.0,5.509130434782609
FHB0247,ALEX,10 à 20,0,4.0,regionB,1,1,Non renseigné,0,2 - 3 ans,1,Aucun,Pas de traitement,3.8781818181818184,0.061142857142857145,0.46545454545454545,0.0,0.7160869565217393
FHB0248,ALEX,10 à 20,0,4.0,regionB,1,1,Non renseigné,0,3 - 10 ans,1,Aucun,Pas de traitement,11.333636363636362,0.3617142857142857,0.7490909090909091,0.002,0.0013043478260869564
FHB0249,ALEX,0 à 10,0,4.0,regionB,0,1,Aucun,0,0 - 2 ans,1,Aucun,Pas de traitement,0.009090909090909092,0.11828571428571427,0.879090909090909,0.2353333333333333,0.3582608695652174
FHB0250,ALEX,60 à Plus,1,5.0,regionB,1,1,Aucun,0,Aucun,0,Aucun,Non renseigné,0.84,0.0017142857142857142,0.0009090909090909091,0.0,0.0030434782608695656
FHB0251,ALEX,10 à 20,1,5.0,regionB,1,1,Non renseigné,0,2 - 3 ans,1,Aucun,Dupilumab,4.531818181818181,0.5128571428571428,0.3390909090909091,0.004,8.716086956521739
FHB0252,ALEX,10 à 20,0,5.0,regionB,1,1,Aucun,0,Aucun,0,Aucun,Pas de traitement,18.060909090909092,0.006571428571428572,0.017272727272727273,0.0,0.002608695652173913
FHB0253,ALEX,0 à 10,1,12.0,regionB,0,1,Non renseigné,0,2 - 3 ans,0,Aucun,Non renseigné,2.230909090909091,0.6525714285714286,0.2690909090909091,0.36533333333333334,0.03913043478260869
FHB0254,ALEX,0 à 10,1,6.0,regionB,1,1,Non renseigné,0,2 - 3 ans,1,Aucun,Non renseigné,11.456363636363635,0.8777142857142857,0.07727272727272727,0.026000000000000002,2.512608695652174
FHB0255,ALEX,10 à 20,1,12.0,regionB,0,1,Non renseigné,0,0 - 2 ans,0,Aucun,Pas de traitement,14.162727272727272,9.006285714285713,11.442727272727273,0.13266666666666665,5.724782608695653
FHB0256,ALEX,10 à 20,0,5.0,regionB,0,1,Aucun,1,Non renseigné,1,Acariens,Pas de traitement,0.6672727272727272,0.0,0.009090909090909092,0.036000000000000004,10.07913043478261
FHB0257,ALEX,60 à Plus,0,6.0,regionB,0,0,"Anti-H1, voie locale",0,20 ans et plus,1,Aucun,Pas de traitement,0.0,0.0,0.0,0.0,0.0
FHB0258,ALEX,10 à 20,0,6.0,regionB,0,1,Anti-H1 + CS,1,Aucun,0,Acariens,Pas de traitement,11.616363636363637,0.0,0.0,0.007333333333333333,1.8769565217391304
FHB0259,ALEX,60 à Plus,0,7.0,regionB,0,1,Aucun,0,Aucun,0,Acariens,Pas de traitement,0.0,0.0,0.0,0.13866666666666666,0.004347826086956522
FHB0260,ALEX,40 à 60,0,7.0,regionB,0,1,Non renseigné,0,Aucun,0,Acariens,Pas de traitement,7.082727272727272,0.0,0.0,0.3546666666666667,0.0
FHB0261,ALEX,40 à 60,0,7.0,regionB,0,0,Aucun,0,Aucun,0,Aucun,Non renseigné,0.0,0.0,0.0,0.0,0.0
FHB0262,ALEX,0 à 10,1,7.0,regionB,0,0,Aucun,0,Aucun,0,Aucun,Dermocorticoïdes,0.0,0.0,0.0,0.0,0.0
FHB0263,ALEX,20 à 40,0,7.0,regionB,0,0,Non renseigné,0,20 ans et plus,0,Aucun,Pas de traitement,0.0,0.0,0.0,0.0,0.0
FHB0264,ALEX,40 à 60,0,8.0,regionB,0,1,Anti-H1 voie générale,0,Non renseigné,1,Aucun,Non renseigné,0.0,0.0,0.0,0.0,0.0
FHB0265,ALEX,60 à Plus,0,5.0,regionB,0,1,Aucun,0,Aucun,1,Aucun,Pas de traitement,0.02,0.007714285714285715,0.01,0.008666666666666666,0.004347826086956522
FHB0266,ALEX,10 à 20,1,5.0,regionB,0,1,Non renseigné,0,Aucun,0,Aucun,Pas de traitement,11.319090909090908,0.45,0.7009090909090909,0.038000000000000006,2.1943478260869567
FHB0267,ALEX,40 à 60,0,5.0,regionB,0,1,Aucun,0,Aucun,0,Acariens,Dermocorticoïdes,0.8554545454545455,0.04,0.01636363636363636,0.09533333333333333,0.7239130434782608
FHB0268,ALEX,40 à 60,0,5.0,regionB,0,1,Non renseigné,0,Non renseigné,1,Moisissures,Pas de traitement,1.7309090909090907,0.030571428571428572,0.0,0.008666666666666666,0.20043478260869566
FHB0269,ALEX,10 à 20,0,5.0,regionB,0,1,Aucun,1,Aucun,0,Aucun,Pas de traitement,0.9254545454545454,0.0,0.0,0.006666666666666667,0.029565217391304344
FHB0270,ALEX,40 à 60,0,5.0,regionB,0,1,Aucun,0,Aucun,0,Aucun,Pas de traitement,0.0,0.0,0.0,0.014,0.0
FHB0271,ALEX,60 à Plus,1,5.0,regionB,0,1,Aucun,0,Aucun,0,Aucun,Pas de traitement,0.0,0.006571428571428572,0.0,0.018000000000000002,0.8373913043478262
FHB0272,ALEX,10 à 20,1,5.0,regionB,0,1,Aucun,0,10 - 20 ans,1,Aucun,Pas de traitement,0.0,0.5374285714285714,0.0,0.02,2.8373913043478263
FHB0273,ALEX,20 à 40,0,6.0,regionB,0,1,Aucun,0,Non renseigné,1,Acariens,Pas de traitement,0.0,0.0,0.0,0.0,3.364782608695652
FHB0274,ALEX,10 à 20,1,6.0,regionB,0,1,Aucun,0,Aucun,0,Acariens,Non renseigné,11.663636363636364,0.0,0.11363636363636363,0.0,0.006086956521739131
FHB0275,ALEX,40 à 60,0,6.0,regionB,0,1,Anti-H1 voie générale,0,Non renseigné,1,Aucun,Pas de traitement,0.17272727272727273,0.04114285714285714,2.1672727272727275,0.038,1.0582608695652174
FHB0276,ALEX,40 à 60,1,6.0,regionB,0,1,Non renseigné,0,Aucun,0,Acariens,Dermocorticoïdes,9.887272727272727,0.0,0.013636363636363636,0.0,0.0
FHB0277,ALEX,0 à 10,1,6.0,regionB,0,1,Aucun,1,Aucun,0,Acariens,Non renseigné,15.07818181818182,0.019142857142857145,0.25363636363636366,0.0,0.0
FHB0278,ALEX,20 à 40,1,6.0,regionB,0,1,Non renseigné,0,Non renseigné,0,Aucun,Non renseigné,0.4727272727272727,0.015142857142857144,2.1627272727272726,0.14800000000000002,6.731739130434782
FHB0279,ALEX,40 à 60,0,6.0,regionB,0,0,Aucun,0,20 ans et plus,1,Aucun,Pas de traitement,0.0,0.0,0.0,0.0,0.004782608695652174
FHB0280,ALEX,60 à Plus,0,6.0,regionB,0,1,Aucun,0,10 - 20 ans,1,Aucun,Pas de traitement,0.0,0.05885714285714286,0.0,0.0,0.09
FHB0281,ALEX,20 à 40,0,6.0,regionB,0,1,Non renseigné,0,20 ans et plus,1,Acariens,Pas de traitement,7.3136363636363635,0.0,0.0,0.0,0.0
FHB0282,ALEX,10 à 20,1,6.0,regionB,0,1,Aucun,1,Aucun,0,Aucun,Pas de traitement,0.15363636363636363,1.3317142857142856,12.687272727272727,0.0,6.024347826086957
FHB0283,ALEX,40 à 60,0,6.0,regionB,0,1,Aucun,0,Aucun,0,Aucun,Pas de traitement,1.5354545454545454,0.03257142857142857,0.0,0.014666666666666666,3.135652173913044
FHB0284,ALEX,40 à 60,0,6.0,regionB,0,1,Anti-H1 + CS,0,20 ans et plus,0,Autres,Pas de traitement,0.0,0.0,0.0,0.0,0.18130434782608695
FHB0285,ALEX,0 à 10,0,6.0,regionB,0,1,Aucun,0,0 - 2 ans,1,Aucun,Pas de traitement,1.3827272727272728,0.15057142857142855,0.5909090909090909,2.652,0.027391304347826086
FHB0286,ALEX,20 à 40,0,7.0,regionB,0,1,Aucun,0,Aucun,0,Aucun,Pas de traitement,14.244545454545454,0.0,0.0,0.0,0.005652173913043478
FHB0287,ALEX,60 à Plus,1,7.0,regionB,0,1,Aucun,0,Non renseigné,1,Aucun,Pas de traitement,0.0,0.03142857142857143,0.0,0.0,0.7782608695652173
FHB0288,ALEX,20 à 40,0,7.0,regionB,0,1,Anti-H1 voie générale,0,Aucun,1,Acariens,Non renseigné,0.9454545454545454,0.0,0.0,0.0,0.0
FHB0289,ALEX,40 à 60,1,7.0,regionB,0,1,Non renseigné,0,Non renseigné,0,Aucun,Non renseigné,0.6327272727272727,0.0,0.7009090909090909,0.0,0.27565217391304353
FHB0290,ALEX,20 à 40,0,7.0,regionB,0,1,Non renseigné,0,Non renseigné,0,Aucun,Non renseigné,0.8954545454545454,1.4045714285714286,1.2172727272727273,0.7806666666666667,0.07304347826086956
FHB0291,ALEX,40 à 60,0,8.0,regionB,0,1,Non renseigné,0,10 - 20 ans,0,Aucun,Non renseigné,0.0,0.06371428571428571,0.0,0.0,0.4078260869565218
FHB0292,ALEX,0 à 10,1,8.0,regionB,0,1,Non renseigné,0,0 - 2 ans,1,Aucun,Non renseigné,0.0,0.7080000000000001,0.29363636363636364,0.018000000000000002,0.024782608695652172
FHB0293,ALEX,0 à 10,1,8.0,regionB,0,1,Non renseigné,1,Non renseigné,1,Aucun,Non renseigné,0.014545454545454545,0.9728571428571428,0.5590909090909091,0.013333333333333334,1.1895652173913043
FHB0294,ALEX,20 à 40,0,9.0,regionB,0,1,Non renseigné,0,Non renseigné,1,Effort/Activité sportive,Non renseigné,1.201818181818182,0.04628571428571429,0.32,0.0,0.0
FHB0295,ALEX,20 à 40,1,9.0,regionB,0,1,Non renseigné,0,Non renseigné,0,Animaux : cheval/rongeur,Non renseigné,3.2490909090909095,0.10685714285714284,0.5336363636363636,0.5313333333333333,0.9691304347826086
GER0001,ISAC_V1,10 à 20,1,4.0,regionM,1,1,Anti-H1 + CS,1,10 - 20 ans,0,Aucun,Autres,0.0,0.8225714285714285,0.0,0.0,3.508695652173913
GER0002,ISAC_V1,10 à 20,1,4.0,regionM,0,1,Aucun,0,2 - 3 ans,1,Aucun,Pas de traitement,0.7809090909090909,0.7022857142857143,0.0,0.0,0.07478260869565218
GER0003,ISAC_V1,60 à Plus,1,5.0,regionM,1,1,Aucun,0,20 ans et plus,1,Aucun,Pas de traitement,0.0,0.08885714285714286,0.0,0.0,0.0
GER0004,ISAC_V1,0 à 10,1,5.0,regionM,0,1,Aucun,0,0 - 2 ans,1,Aucun,Pas de traitement,0.0,0.026857142857142857,0.007272727272727273,0.004,0.0
GER0005,ISAC_V1,10 à 20,1,7.0,regionM,0,1,Anti-H1 + CS,1,0 - 2 ans,1,Aucun,Autres,12.288181818181819,0.2742857142857143,0.0,0.058,5.4543478260869565
GER0006,ISAC_V1,40 à 60,1,12.0,regionM,1,1,Aucun,0,20 ans et plus,1,Autres,Pas de traitement,0.0,0.0,0.0,0.0,0.3104347826086956
GER0007,ALEX,40 à 60,0,6.0,regionM,0,1,Anti-H1 voie générale,0,20 ans et plus,0,Aucun,Pas de traitement,2.805454545454545,0.06714285714285714,0.05181818181818181,0.0,1.183478260869565
GER0008,ALEX,40 à 60,0,4.0,regionM,0,1,Anti-H1 + CS,1,Aucun,0,Aucun,Pas de traitement,0.5618181818181818,0.0074285714285714285,0.0,0.03066666666666667,0.04782608695652174
GER0009,ALEX,10 à 20,0,1.0,regionM,1,1,Anti-H1 voie générale,1,2 - 3 ans,1,Aucun,Pas de traitement,1.9981818181818183,0.18114285714285713,1.8272727272727274,2.6113333333333335,1.1882608695652173
GER0010,ALEX,20 à 40,0,3.0,regionM,1,1,Aucun,0,10 - 20 ans,1,Aucun,Pas de traitement,0.0,0.0037142857142857142,0.0,0.0,0.006086956521739131
GER0011,ALEX,20 à 40,1,3.0,regionM,1,1,Anti-H1 + CS,0,Aucun,0,Aucun,Pas de traitement,7.382727272727272,0.09771428571428571,0.8336363636363636,0.0,7.533913043478261
GER0012,ALEX,20 à 40,1,10.0,regionM,1,1,Anti-H1 + CS,0,20 ans et plus,1,Autres,Pas de traitement,0.0,0.6768571428571429,0.014545454545454545,0.07266666666666667,0.08826086956521738
GER0013,ALEX,20 à 40,1,6.0,regionM,1,1,Anti-H1 voie générale,0,20 ans et plus,1,Autres,Pas de traitement,7.568181818181818,0.19428571428571428,0.5363636363636364,0.006666666666666666,1.026086956521739
GER0014,ALEX,60 à Plus,1,6.0,regionM,0,1,Aucun,0,20 ans et plus,0,Effort/Activité sportive,Pas de traitement,0.5663636363636364,0.010285714285714285,0.0,0.0013333333333333333,0.2743478260869565
GER0015,ALEX,0 à 10,1,10.0,regionM,1,1,Anti-H1 voie générale,1,3 - 10 ans,1,Aucun,Pas de traitement,0.002727272727272727,0.01,0.9363636363636363,0.006,0.3056521739130435
GER0016,ALEX,20 à 40,1,12.0,regionM,0,0,Aucun,0,20 ans et plus,1,Aucun,Pas de traitement,0.01,0.010285714285714285,0.010909090909090908,0.008,0.005217391304347826
GER0017,ALEX,10 à 20,0,12.0,regionM,0,1,Aucun,0,3 - 10 ans,1,Aucun,Pas de traitement,0.007272727272727273,0.39085714285714285,0.0,0.0,1.9352173913043478
GER0018,ALEX,40 à 60,0,2.0,regionM,0,1,Aucun,0,20 ans et plus,1,Effort/Activité sportive,Pas de traitement,0.0009090909090909091,0.0031428571428571434,0.0,0.0,0.10478260869565216
GER0019,ALEX,20 à 40,0,3.0,regionM,1,1,Anti-H1 + CS,0,10 - 20 ans,0,Aucun,Pas de traitement,0.01636363636363636,0.014857142857142857,0.3645454545454545,0.0033333333333333335,0.05869565217391304
GER0020,ALEX,20 à 40,0,5.0,regionM,1,1,Anti-H1 + CS,1,Aucun,0,Effort/Activité sportive,Pas de traitement,12.291818181818183,0.026857142857142857,0.1527272727272727,0.03333333333333333,4.9421739130434785
GER0021,ALEX,20 à 40,0,9.0,regionM,0,1,Anti-H1 + CS,0,20 ans et plus,1,Aucun,Pas de traitement,0.0036363636363636364,0.056857142857142856,0.0,0.0033333333333333335,0.005217391304347826
GER0022,ALEX,40 à 60,0,5.0,regionM,1,1,Anti-H1 + CS,1,Aucun,0,Aucun,Pas de traitement,0.7963636363636364,0.0008571428571428571,0.0,0.0026666666666666666,0.009565217391304347
GER0023,ALEX,40 à 60,0,1.0,regionM,1,1,Anti-H1 + CS,1,20 ans et plus,0,Autres,Pas de traitement,0.0036363636363636364,0.0877142857142857,0.0009090909090909091,0.0006666666666666666,1.0965217391304347
GER0024,ALEX,10 à 20,0,3.0,regionM,0,1,Anti-H1 + CS,0,10 - 20 ans,1,Aucun,Pas de traitement,0.01636363636363636,0.012,0.0,0.008666666666666666,1.9034782608695653
GER0025,ALEX,20 à 40,0,3.0,regionM,0,1,Anti-H1 + CS,0,3 - 10 ans,1,Aucun,Pas de traitement,0.45999999999999996,0.007714285714285715,0.13454545454545455,0.0,0.0017391304347826088
GER0026,ALEX,10 à 20,0,6.0,regionM,0,1,Aucun,0,10 - 20 ans,1,Aucun,Pas de traitement,2.2627272727272727,0.004571428571428572,0.66,0.002,0.26260869565217393
GER0027,ALEX,20 à 40,1,6.0,regionM,1,0,Aucun,0,10 - 20 ans,1,Aucun,Pas de traitement,0.0,0.006571428571428571,0.0,0.004,0.0008695652173913044
GER0028,ALEX,20 à 40,0,8.0,regionM,0,1,Non renseigné,0,Non renseigné,0,Animaux : cheval/rongeur,Non renseigné,20.337272727272726,1.1091428571428572,23.75818181818182,0.29933333333333334,2.383913043478261
GER0029,ALEX,40 à 60,0,8.0,regionM,0,1,Non renseigné,0,Non renseigné,0,Animaux : cheval/rongeur,Non renseigné,17.215454545454545,1.081142857142857,8.32,5.311999999999999,6.070434782608696
GER0030,ALEX,0 à 10,1,11.0,regionB,0,1,Non renseigné,0,Non renseigné,0,Animaux : cheval/rongeur,Non renseigné,7.4,8.815142857142856,10.412727272727274,2.326,0.09434782608695652
GER0031,ALEX,10 à 20,1,7.0,regionM,0,1,Non renseigné,0,3 - 10 ans,0,Animaux : cheval/rongeur,Non renseigné,0.03363636363636364,3.925428571428571,5.414545454545454,0.15733333333333335,15.240434782608697
GER0032,ALEX,20 à 40,0,2.0,regionC,0,1,Non renseigné,0,Non renseigné,1,Animaux : cheval/rongeur,Non renseigné,0.0,1.6985714285714286,5.326363636363637,0.732,0.8134782608695652
GER0033,ALEX,10 à 20,0,8.0,regionM,0,1,Aucun,0,3 - 10 ans,0,Aucun,Non renseigné,0.18545454545454546,0.09342857142857143,4.000909090909091,1.07,7.666521739130434
GER0034,ALEX,0 à 10,1,11.0,regionM,0,1,Non renseigné,0,0 - 2 ans,1,Aucun,Non renseigné,0.0,1.0382857142857145,1.1045454545454545,0.08266666666666667,0.03956521739130435
GER0035,ALEX,10 à 20,1,9.0,regionM,0,1,Non renseigné,0,3 - 10 ans,1,Animaux : cheval/rongeur,Non renseigné,3.0654545454545454,4.976285714285715,3.3572727272727274,0.0,1.48
GER0036,ALEX,0 à 10,1,7.0,regionM,0,1,Non renseigné,0,Non renseigné,1,Animaux : cheval/rongeur,Non renseigné,22.726363636363637,5.0202857142857145,5.16,2.2106666666666666,5.646521739130435
GER0037,ALEX,10 à 20,1,12.0,regionM,0,1,Non renseigné,0,10 - 20 ans,1,Aucun,Pas de traitement,0.3654545454545454,1.1308571428571428,0.5481818181818182,2.4553333333333334,0.03260869565217392
GER0038,ALEX,10 à 20,0,1.0,regionM,0,1,Non renseigné,0,Non renseigné,1,Animaux : cheval/rongeur,Non renseigné,12.494545454545454,1.4497142857142855,0.8963636363636364,0.8,0.6495652173913044
GER0039,ALEX,20 à 40,1,7.0,regionM,0,1,Non renseigné,0,Non renseigné,0,Animaux : cheval/rongeur,Non renseigné,14.827272727272726,0.7694285714285715,3.62,0.89,3.0973913043478265
GER0040,ALEX,20 à 40,0,3.0,regionM,0,1,Non renseigné,0,3 - 10 ans,1,Aucun,Non renseigné,5.942727272727273,0.1625714285714286,0.5554545454545455,0.5553333333333333,1.0221739130434782
GER0041,ALEX,20 à 40,0,4.0,regionK,0,1,Non renseigné,0,Non renseigné,0,Animaux : cheval/rongeur,Non renseigné,9.507272727272728,2.9354285714285715,4.319090909090909,0.26999999999999996,6.279565217391305
GER0042,ALEX,10 à 20,1,5.0,regionM,0,1,Non renseigné,0,3 - 10 ans,1,Aucun,Pas de traitement,10.386363636363637,0.04485714285714286,0.9254545454545454,0.006,1.2439130434782608
GER0043,ALEX,20 à 40,0,1.0,regionM,0,1,Non renseigné,0,10 - 20 ans,1,Animaux : cheval/rongeur,Non renseigné,3.5354545454545456,0.8102857142857143,0.7490909090909091,0.9346666666666666,1.173478260869565
GER0044,ALEX,10 à 20,1,9.0,regionM,0,1,Non renseigné,0,3 - 10 ans,0,Animaux : cheval/rongeur,Non renseigné,14.389999999999999,0.12314285714285715,0.09363636363636364,2.3873333333333333,1.8386956521739133
GER0045,ALEX,10 à 20,1,10.0,regionM,0,1,Non renseigné,0,3 - 10 ans,0,Animaux : cheval/rongeur,Pas de traitement,11.496363636363636,0.3231428571428572,0.061818181818181814,0.008,0.8973913043478261
GER0046,ALEX,0 à 10,1,7.0,regionM,0,1,Non renseigné,0,2 - 3 ans,1,Animaux : cheval/rongeur,Non renseigné,1.5645454545454547,2.5868571428571427,6.620000000000001,1.0066666666666668,2.8317391304347823
GER0047,ALEX,10 à 20,1,11.0,regionM,0,1,Non renseigné,0,10 - 20 ans,1,Aucun,Pas de traitement,0.35363636363636364,0.2082857142857143,0.15636363636363637,0.068,5.383913043478261
GER0048,ALEX,10 à 20,0,9.0,regionM,0,1,Non renseigné,0,Non renseigné,1,Animaux : cheval/rongeur,Non renseigné,11.892727272727273,0.4585714285714286,0.5854545454545454,0.6013333333333333,1.91
GER0049,ALEX,10 à 20,0,7.0,regionM,0,1,Non renseigné,0,Non renseigné,1,Animaux : cheval/rongeur,Non renseigné,5.615454545454546,4.984285714285714,0.5845454545454545,2.052,3.1682608695652177
GER0050,ALEX,10 à 20,0,1.0,regionM,0,1,Non renseigné,0,10 - 20 ans,1,Aucun,Pas de traitement,0.0,0.25114285714285717,0.004545454545454546,0.0,0.0030434782608695656
GER0051,ALEX,40 à 60,0,5.0,regionH,0,1,Non renseigné,0,20 ans et plus,1,Aucun,Non renseigné,14.224545454545455,1.1448571428571428,10.714545454545455,0.036000000000000004,4.664782608695652
GER0052,ALEX,10 à 20,1,1.0,regionM,0,1,Non renseigné,0,Non renseigné,1,Animaux : cheval/rongeur,Non renseigné,15.02818181818182,0.04171428571428572,2.497272727272727,0.012666666666666666,2.3108695652173914
GER0053,ALEX,0 à 10,1,9.0,regionM,0,1,Non renseigné,0,3 - 10 ans,0,Aucun,Pas de traitement,0.038181818181818185,0.02142857142857143,1.3518181818181818,2.8673333333333337,3.5139130434782606
GER0054,ALEX,20 à 40,0,5.0,regionM,0,1,Non renseigné,0,3 - 10 ans,1,Aucun,Pas de traitement,5.671818181818182,0.9948571428571429,0.021818181818181816,0.004666666666666667,2.8343478260869563
GER0055,ALEX,10 à 20,0,11.0,regionM,0,1,Non renseigné,0,10 - 20 ans,1,Aucun,Pas de traitement,0.013636363636363636,0.022285714285714287,0.0027272727272727275,2.3706666666666667,0.014782608695652176
GER0056,ALEX,0 à 10,0,11.0,regionM,0,1,Non renseigné,0,3 - 10 ans,1,Animaux : cheval/rongeur,Non renseigné,10.835454545454546,0.05085714285714286,0.028181818181818183,0.030000000000000002,0.46173913043478265
GER0057,ALEX,10 à 20,0,2.0,regionM,0,1,Non renseigné,0,0 - 2 ans,0,Aucun,Non renseigné,4.115454545454545,0.045714285714285714,0.04454545454545455,0.04466666666666667,0.03260869565217391
GER0058,ALEX,0 à 10,0,7.0,regionM,0,1,Non renseigné,0,0 - 2 ans,1,Aucun,Pas de traitement,0.002727272727272727,0.03685714285714286,0.02727272727272728,0.08,0.014782608695652176
GER0059,ALEX,10 à 20,0,12.0,regionM,0,1,Non renseigné,0,3 - 10 ans,1,Aucun,Pas de traitement,0.005454545454545455,0.17514285714285713,0.10272727272727274,0.0033333333333333335,1.712608695652174
GER0060,ALEX,0 à 10,1,8.0,regionM,0,1,Non renseigné,0,3 - 10 ans,1,Aucun,Non renseigné,0.012727272727272728,0.24514285714285713,0.01,0.007333333333333333,3.3039130434782606
GER0061,ALEX,20 à 40,0,5.0,regionM,0,1,Non renseigné,0,3 - 10 ans,1,Animaux : cheval/rongeur,Non renseigné,5.04,1.5705714285714285,0.08272727272727273,0.0,4.429130434782609
GER0062,ALEX,10 à 20,0,6.0,regionM,0,1,Non renseigné,0,3 - 10 ans,1,Aucun,Non renseigné,6.53909090909091,0.6717142857142857,3.9990909090909095,0.11333333333333333,8.796521739130435
GER0063,ALEX,40 à 60,0,10.0,regionM,0,1,Non renseigné,0,3 - 10 ans,1,Aucun,Pas de traitement,5.4363636363636365,0.637142857142857,0.2609090909090909,0.008,4.39304347826087
GER0064,ALEX,10 à 20,1,11.0,regionC,0,1,Non renseigné,0,3 - 10 ans,1,Aucun,Non renseigné,0.0,1.1342857142857143,0.0,0.0013333333333333333,1.8847826086956523
GER0065,ALEX,20 à 40,0,11.0,regionM,0,1,Non renseigné,0,20 ans et plus,1,Aucun,Pas de traitement,0.0,1.2785714285714285,0.21363636363636365,0.0,2.3604347826086958
GER0066,ALEX,40 à 60,0,9.0,regionM,0,1,Non renseigné,0,3 - 10 ans,0,Aucun,Pas de traitement,0.0,0.72,0.07181818181818182,0.011333333333333334,2.362608695652174
GER0067,ALEX,40 à 60,1,12.0,regionM,0,1,Non renseigné,0,3 - 10 ans,1,Aucun,Pas de traitement,0.012727272727272728,0.4542857142857143,0.0,0.018666666666666668,2.1691304347826086
GER0068,ALEX,40 à 60,0,5.0,regionM,0,1,Non renseigné,0,Non renseigné,0,Animaux : cheval/rongeur,Non renseigné,0.0,0.11057142857142857,0.0,0.005333333333333333,1.2560869565217392
GER0069,ALEX,10 à 20,1,2.0,regionM,0,1,Non renseigné,0,3 - 10 ans,1,Animaux : cheval/rongeur,Non renseigné,13.700909090909091,0.07114285714285715,0.0036363636363636364,0.034666666666666665,1.2308695652173913
GER0070,ALEX,20 à 40,1,11.0,regionM,0,1,Non renseigné,0,Non renseigné,1,Effort/Activité sportive,Non renseigné,0.0009090909090909091,0.268,0.0,0.004,1.5204347826086957
GER0071,ALEX,10 à 20,1,8.0,regionM,0,1,Non renseigné,0,3 - 10 ans,1,Animaux : cheval/rongeur,Non renseigné,1.0636363636363635,1.0874285714285714,2.227272727272727,2.9353333333333333,0.4156521739130435
GER0072,ALEX,20 à 40,1,7.0,regionM,0,1,Non renseigné,0,10 - 20 ans,1,Animaux : cheval/rongeur,Non renseigné,0.007272727272727273,0.16228571428571428,0.0,0.016666666666666666,1.1656521739130434
GER0073,ALEX,40 à 60,0,5.0,regionM,0,1,Non renseigné,0,20 ans et plus,0,Animaux : cheval/rongeur,Non renseigné,6.608181818181818,0.004857142857142857,0.0,0.008,0.6578260869565218
GER0074,ALEX,0 à 10,1,8.0,regionM,0,1,Non renseigné,0,0 - 2 ans,1,Aucun,Non renseigné,7.248181818181819,0.20714285714285716,0.5863636363636363,0.0026666666666666666,0.7056521739130435
GER0075,ALEX,40 à 60,1,12.0,regionM,0,1,Non renseigné,0,10 - 20 ans,1,Aucun,Non renseigné,3.9063636363636363,0.032,0.0,0.08933333333333332,1.1860869565217391
GER0076,ALEX,20 à 40,0,1.0,regionM,0,1,Non renseigné,0,3 - 10 ans,1,Aucun,Pas de traitement,0.0018181818181818182,0.6842857142857143,0.0,0.004,0.8934782608695653
GER0077,ALEX,60 à Plus,1,12.0,regionM,0,1,Non renseigné,0,20 ans et plus,0,Aucun,Pas de traitement,0.0,0.012571428571428572,0.0018181818181818182,0.004666666666666667,0.0682608695652174
GER0078,ALEX,10 à 20,1,1.0,regionN,0,1,Non renseigné,0,Non renseigné,0,Animaux : cheval/rongeur,Non renseigné,17.12272727272727,0.027142857142857142,0.011818181818181818,0.011333333333333334,1.3330434782608696
GER0079,ALEX,10 à 20,1,1.0,regionM,0,1,Non renseigné,0,3 - 10 ans,0,Animaux : cheval/rongeur,Non renseigné,0.08545454545454545,0.10542857142857143,0.2872727272727273,0.007333333333333333,2.862608695652174
GER0080,ALEX,20 à 40,1,10.0,regionM,1,1,Non renseigné,0,Aucun,0,Aucun,Pas de traitement,0.0,0.012000000000000002,0.0,0.004666666666666667,1.3647826086956523
GER0081,ALEX,10 à 20,1,10.0,regionM,0,1,Non renseigné,0,10 - 20 ans,1,Aucun,Non renseigné,0.0018181818181818182,0.01942857142857143,0.39545454545454545,0.008,0.03434782608695652
GER0082,ALEX,0 à 10,0,1.0,regionM,0,1,Non renseigné,0,0 - 2 ans,1,Aucun,Non renseigné,0.5336363636363637,1.1562857142857144,1.8827272727272728,0.19133333333333333,0.014347826086956523
GER0083,ALEX,20 à 40,0,2.0,regionM,0,1,Non renseigné,0,10 - 20 ans,1,Aucun,Pas de traitement,0.0036363636363636364,0.013142857142857144,0.0,1.3219999999999998,0.016956521739130436
GER0084,ALEX,20 à 40,1,6.0,regionM,0,1,Non renseigné,0,2 - 3 ans,0,Aucun,Non renseigné,6.8945454545454545,0.9820000000000001,0.0,0.014666666666666668,1.308695652173913
GER0085,ALEX,10 à 20,1,3.0,regionB,0,1,Non renseigné,0,3 - 10 ans,0,Aucun,Non renseigné,0.05181818181818181,0.06742857142857142,0.0,0.054000000000000006,0.29695652173913045
GER0086,ALEX,10 à 20,0,2.0,regionM,1,1,Non renseigné,0,Non renseigné,0,Animaux : cheval/rongeur,Non renseigné,0.0,0.0037142857142857142,0.0,0.006,0.9495652173913044
GER0087,ALEX,0 à 10,0,5.0,regionM,0,1,Non renseigné,0,3 - 10 ans,0,Aucun,Non renseigné,11.969090909090909,0.010857142857142857,0.18999999999999997,0.10400000000000001,0.011304347826086957
GER0088,ALEX,20 à 40,0,1.0,regionM,1,1,Non renseigné,0,10 - 20 ans,0,Aucun,Non renseigné,11.037272727272727,0.005714285714285714,3.713636363636364,0.6673333333333333,0.35347826086956524
GER0089,ALEX,10 à 20,1,1.0,regionM,0,1,Non renseigné,0,3 - 10 ans,0,Aucun,Pas de traitement,0.0,0.05057142857142857,0.06454545454545454,0.005333333333333333,0.017391304347826087
GER0090,ALEX,10 à 20,0,11.0,regionM,0,1,Non renseigné,0,3 - 10 ans,0,Aucun,Non renseigné,8.707272727272727,0.004857142857142858,0.018181818181818184,0.0026666666666666666,0.24695652173913044
GER0091,ALEX,40 à 60,0,9.0,regionM,0,1,Non renseigné,0,Non renseigné,0,Animaux : cheval/rongeur,Non renseigné,0.0,0.010285714285714287,0.0,0.006,0.009565217391304347
GER0092,ALEX,60 à Plus,0,1.0,regionM,0,1,Aucun,0,20 ans et plus,0,Aucun,Pas de traitement,0.02090909090909091,0.02457142857142857,0.009090909090909092,0.015333333333333334,0.018695652173913044
GER0093,ALEX,0 à 10,1,3.0,regionM,0,1,Non renseigné,0,Non renseigné,0,Animaux : cheval/rongeur,Non renseigné,13.16909090909091,0.22799999999999998,0.33999999999999997,0.36466666666666664,1.4895652173913043
GER0094,ALEX,20 à 40,1,3.0,regionM,1,1,Non renseigné,0,20 ans et plus,0,Aucun,Pas de traitement,0.0,0.0017142857142857142,0.0,0.33666666666666667,0.0
GER0095,ALEX,0 à 10,1,4.0,regionM,0,1,Non renseigné,0,3 - 10 ans,1,Aucun,Pas de traitement,1.3045454545454545,0.009714285714285713,0.0,0.5546666666666666,0.1843478260869565
GER0096,ALEX,40 à 60,1,5.0,regionM,0,1,Non renseigné,0,Non renseigné,0,Animaux : cheval/rongeur,Non renseigné,12.888181818181819,0.916,1.7754545454545456,1.3006666666666666,1.9921739130434784
GER0097,ALEX,40 à 60,0,1.0,regionM,0,1,Non renseigné,0,10 - 20 ans,1,Animaux : cheval/rongeur,Non renseigné,2.2509090909090905,0.0074285714285714285,0.52,0.26066666666666666,0.7986956521739131
GER0098,ALEX,0 à 10,1,11.0,regionH,0,1,Non renseigné,0,Non renseigné,0,Animaux : cheval/rongeur,Pas de traitement,4.249090909090909,0.24857142857142855,0.012727272727272728,0.4313333333333333,0.006086956521739131
GER0099,ALEX,20 à 40,0,4.0,regionM,0,1,Non renseigné,0,Non renseigné,0,Animaux : cheval/rongeur,Non renseigné,14.727272727272727,0.832857142857143,0.22818181818181815,1.462,0.022173913043478263
GER0100,ALEX,20 à 40,0,3.0,regionH,0,1,Non renseigné,0,10 - 20 ans,1,Aucun,Pas de traitement,3.0018181818181815,1.6462857142857141,0.0,0.011333333333333334,0.002173913043478261
GER0101,ALEX,20 à 40,1,9.0,regionH,0,1,Non renseigné,0,3 - 10 ans,0,Aucun,Non renseigné,0.8427272727272727,0.012285714285714285,0.0,0.6813333333333333,0.35869565217391297
GER0102,ALEX,20 à 40,0,6.0,regionM,0,1,Non renseigné,0,3 - 10 ans,0,Aucun,Non renseigné,0.009090909090909092,0.0,0.002727272727272727,0.0026666666666666666,0.0
GER0103,ALEX,10 à 20,1,11.0,regionM,0,1,Non renseigné,0,10 - 20 ans,1,Aucun,Pas de traitement,0.0,0.01,0.0,2.438666666666667,3.509130434782609
GER0104,ALEX,10 à 20,0,4.0,regionM,0,1,Non renseigné,0,3 - 10 ans,0,Aucun,Non renseigné,0.007272727272727273,0.002,0.0,1.0793333333333335,0.041304347826086954
GER0105,ALEX,0 à 10,1,4.0,regionM,0,1,Aucun,0,Aucun,0,Aucun,Pas de traitement,0.0,1.5814285714285714,0.0,0.0,0.011304347826086957
GER0106,ALEX,10 à 20,1,12.0,regionM,0,1,Non renseigné,0,10 - 20 ans,0,Animaux : cheval/rongeur,Non renseigné,2.2372727272727273,0.01742857142857143,0.5409090909090909,0.03266666666666666,4.147391304347826
GER0107,ALEX,0 à 10,1,4.0,regionM,0,1,Non renseigné,0,2 - 3 ans,0,Animaux : cheval/rongeur,Non renseigné,0.0,0.06114285714285713,0.04090909090909091,1.1126666666666667,0.0917391304347826
GER0108,ALEX,20 à 40,1,3.0,regionM,0,1,Non renseigné,0,10 - 20 ans,0,Animaux : cheval/rongeur,Non renseigné,12.821818181818184,0.015999999999999997,0.35454545454545455,0.032,0.43913043478260877
GER0109,ALEX,20 à 40,0,7.0,regionC,0,1,Non renseigné,0,10 - 20 ans,1,Animaux : cheval/rongeur,Non renseigné,4.026363636363636,0.010857142857142857,0.09363636363636364,0.0,0.09695652173913043
GER0110,ALEX,20 à 40,0,7.0,regionM,0,1,Non renseigné,0,3 - 10 ans,1,Animaux : cheval/rongeur,Pas de traitement,6.364545454545455,0.002285714285714286,0.12272727272727274,0.0026666666666666666,0.16652173913043478
GER0111,ALEX,20 à 40,0,3.0,regionM,0,1,Non renseigné,0,10 - 20 ans,1,Animaux : cheval/rongeur,Non renseigné,4.43,0.0017142857142857144,0.0,0.0,0.019130434782608695
GER0112,ALEX,40 à 60,0,6.0,regionM,0,1,Non renseigné,0,10 - 20 ans,1,Animaux : cheval/rongeur,Non renseigné,6.71,0.01542857142857143,0.0036363636363636364,0.008666666666666666,0.006956521739130435
GER0113,ALEX,20 à 40,0,5.0,regionM,0,1,Non renseigné,0,3 - 10 ans,1,Animaux : cheval/rongeur,Non renseigné,1.7218181818181817,0.0054285714285714284,0.0,0.0013333333333333333,3.3491304347826087
GER0114,ALEX,20 à 40,1,3.0,regionM,1,1,Non renseigné,0,Non renseigné,0,Acariens,Non renseigné,1.4290909090909092,0.0,0.0,0.0,0.005652173913043478
GER0115,ALEX,10 à 20,1,12.0,regionM,0,1,Non renseigné,0,Non renseigné,0,Aucun,Non renseigné,0.011818181818181818,0.04542857142857143,0.10272727272727274,0.018000000000000002,2.497391304347826
GER0116,ALEX,10 à 20,1,11.0,regionM,0,1,Non renseigné,0,Non renseigné,0,Aucun,Non renseigné,14.886363636363637,0.010285714285714285,0.5690909090909091,0.0006666666666666666,0.00826086956521739
GER0117,ALEX,0 à 10,0,12.0,regionM,0,1,Non renseigné,0,3 - 10 ans,1,Aucun,Non renseigné,9.072727272727274,0.006285714285714286,0.002727272727272727,0.002,0.2369565217391304
GER0118,ALEX,20 à 40,1,3.0,regionM,0,1,Non renseigné,0,Non renseigné,0,Aucun,Non renseigné,0.6254545454545455,0.006857142857142857,0.006363636363636364,0.010000000000000002,0.005652173913043478
GER0119,ALEX,40 à 60,0,7.0,regionM,0,1,Non renseigné,0,Non renseigné,0,Aucun,Non renseigné,1.2445454545454546,0.008857142857142857,0.026363636363636367,0.006,0.0
GER0120,ALEX,10 à 20,0,5.0,regionM,0,1,Non renseigné,0,Aucun,1,Animaux : cheval/rongeur,Non renseigné,5.403636363636364,0.0014285714285714286,2.3027272727272727,0.0,1.0552173913043479
GER0121,ALEX,20 à 40,0,8.0,regionM,0,1,Anti-H1 voie générale,1,Aucun,0,Aucun,Pas de traitement,2.8272727272727276,0.002857142857142857,0.0,0.014000000000000002,0.09652173913043477
GER0122,ALEX,10 à 20,1,3.0,regionM,0,1,Anti-H1 + CS,0,Aucun,0,Aucun,Pas de traitement,0.0,0.0005714285714285715,0.0,0.002,0.006086956521739131
GER0123,ALEX,0 à 10,1,3.0,regionM,0,1,Non renseigné,0,Non renseigné,1,Aucun,Non renseigné,0.0,0.1417142857142857,0.014545454545454545,0.0,0.004347826086956522
GER0124,ALEX,0 à 10,1,3.0,regionM,1,1,Aucun,0,Non renseigné,1,Animaux : cheval/rongeur,Non renseigné,0.0,0.1705714285714286,0.0,0.0026666666666666666,0.003913043478260869
GER0125,ALEX,40 à 60,0,3.0,regionM,0,1,Non renseigné,0,Non renseigné,0,Aucun,Non renseigné,6.487272727272727,0.00028571428571428574,0.0,0.0,0.01391304347826087
GER0126,ALEX,20 à 40,0,8.0,regionM,1,1,Non renseigné,0,Non renseigné,0,Animaux : cheval/rongeur,Non renseigné,0.94,0.006857142857142857,0.0,0.008,0.051304347826086956
GER0127,ALEX,20 à 40,0,12.0,regionM,1,1,Non renseigné,0,Non renseigné,0,Animaux : cheval/rongeur,Non renseigné,0.0,0.010571428571428572,0.0009090909090909091,0.32333333333333336,0.004347826086956522
GER0128,ALEX,20 à 40,1,1.0,regionM,1,1,Non renseigné,0,Non renseigné,1,Aucun,Non renseigné,2.6236363636363635,0.002,0.0,0.0013333333333333333,0.0
GER0129,ALEX,40 à 60,1,3.0,regionM,0,1,Non renseigné,0,Aucun,0,Animaux : cheval/rongeur,Non renseigné,9.1,0.003142857142857143,0.0018181818181818182,0.0,0.17869565217391306
GER0130,ALEX,0 à 10,1,7.0,regionM,0,1,Non renseigné,0,Non renseigné,0,Animaux : cheval/rongeur,Non renseigné,16.135454545454543,0.02542857142857143,0.1309090909090909,0.0,0.03695652173913044
GER0131,ALEX,0 à 10,1,7.0,regionM,0,1,Aucun,0,Aucun,0,Aucun,Non renseigné,0.002727272727272727,0.002285714285714286,0.0027272727272727275,0.0,0.010869565217391304
GER0132,ALEX,0 à 10,1,7.0,regionM,0,0,Aucun,0,Aucun,0,Aucun,Non renseigné,0.004545454545454546,0.006285714285714286,0.0,0.0013333333333333333,0.008695652173913044
GER0133,ALEX,40 à 60,1,7.0,regionM,0,0,Aucun,0,Aucun,0,Aucun,Non renseigné,0.006363636363636364,0.009714285714285715,0.006363636363636364,0.002,0.005217391304347826
GER0134,ALEX,10 à 20,0,7.0,regionM,0,1,Aucun,0,Aucun,0,Aucun,Non renseigné,0.0,0.00028571428571428574,0.0036363636363636364,0.0,0.0
GER0135,ALEX,60 à Plus,0,7.0,regionM,0,1,Aucun,0,Aucun,0,Aucun,Non renseigné,0.022727272727272728,0.021142857142857144,0.014545454545454549,0.035333333333333335,0.04043478260869565
GER0136,ALEX,60 à Plus,0,7.0,regionM,0,1,Non renseigné,0,Non renseigné,0,Aucun,Pas de traitement,0.02,0.07142857142857142,0.0009090909090909091,0.006,0.22478260869565217
GER0137,ALEX,10 à 20,1,7.0,regionM,0,1,Aucun,0,Aucun,0,Aucun,Non renseigné,0.022727272727272728,0.011428571428571429,0.0009090909090909091,0.006,0.0008695652173913044
GER0138,ALEX,10 à 20,0,7.0,regionM,0,1,Aucun,0,Aucun,0,Aucun,Non renseigné,0.02090909090909091,0.027142857142857142,0.0018181818181818182,0.068,0.029565217391304344
GER0139,ALEX,60 à Plus,1,7.0,regionM,0,1,Aucun,0,Aucun,0,Aucun,Non renseigné,0.39999999999999997,0.013714285714285715,0.0,0.0006666666666666666,0.0052173913043478265
GER0140,ALEX,0 à 10,0,7.0,regionM,0,0,Aucun,0,Aucun,0,Aucun,Non renseigné,0.025454545454545455,0.01685714285714286,0.0,0.009333333333333334,0.012173913043478262
GER0141,ALEX,10 à 20,0,7.0,regionM,0,1,Aucun,0,Aucun,0,Aucun,Non renseigné,0.010909090909090908,0.011142857142857144,0.0,0.0,0.17956521739130435
GER0142,ALEX,0 à 10,1,7.0,regionM,0,1,Aucun,0,Aucun,0,Aucun,Non renseigné,0.022727272727272728,0.021714285714285714,0.005454545454545454,0.006666666666666667,0.022173913043478263
GER0143,ALEX,40 à 60,0,7.0,regionM,0,1,Non renseigné,0,Non renseigné,0,Aucun,Pas de traitement,5.012727272727273,0.02,0.34363636363636363,0.004,0.2756521739130435
GER0144,ALEX,40 à 60,0,7.0,regionM,0,1,Aucun,0,Aucun,0,Aucun,Non renseigné,0.0,0.002,0.0,0.0,0.0817391304347826
GER0145,ALEX,40 à 60,0,7.0,regionM,0,0,Aucun,0,Aucun,0,Aucun,Non renseigné,0.0009090909090909091,0.008857142857142857,0.0,0.012000000000000002,0.022608695652173914
GER0146,ALEX,20 à 40,0,7.0,regionM,0,1,Aucun,0,Aucun,0,Aucun,Non renseigné,0.01,0.010285714285714285,0.0,0.01,0.27304347826086955
GER0147,ALEX,20 à 40,1,7.0,regionM,0,1,Aucun,0,Aucun,0,Aucun,Non renseigné,0.0,0.003428571428571429,0.2227272727272727,0.006,0.003913043478260869
GER0148,ALEX,40 à 60,0,7.0,regionM,0,1,Aucun,0,Aucun,0,Aucun,Non renseigné,0.005454545454545454,0.0054285714285714284,0.0,0.0006666666666666666,0.2956521739130435
GER0149,ALEX,40 à 60,0,7.0,regionM,0,1,Aucun,0,Aucun,0,Aucun,Non renseigné,0.022727272727272728,0.019142857142857145,0.0,0.0,0.01956521739130435
GER0150,ALEX,20 à 40,0,7.0,regionM,0,0,Aucun,0,Aucun,0,Aucun,Non renseigné,0.004545454545454546,0.012,0.0,0.004,0.0008695652173913044
GER0151,ALEX,0 à 10,1,7.0,regionM,0,1,Aucun,0,Aucun,0,Aucun,Non renseigné,0.011818181818181818,0.0074285714285714285,0.0,0.0,0.0017391304347826088
GER0152,ALEX,40 à 60,0,7.0,regionM,0,0,Aucun,0,Aucun,0,Aucun,Non renseigné,0.0018181818181818182,0.012000000000000002,0.005454545454545454,0.004666666666666667,0.006956521739130435
GER0153,ALEX,60 à Plus,0,7.0,regionM,0,0,Aucun,0,Aucun,0,Aucun,Non renseigné,0.0,0.002,0.0,0.007333333333333333,0.014782608695652176
GER0154,ALEX,20 à 40,0,7.0,regionM,0,0,Aucun,0,Aucun,0,Aucun,Non renseigné,0.0,0.012857142857142855,0.0,0.0006666666666666666,0.012608695652173915
GER0155,ALEX,20 à 40,0,7.0,regionM,0,1,Aucun,0,Aucun,0,Aucun,Non renseigné,0.012727272727272728,0.014857142857142857,0.006363636363636364,0.05733333333333333,0.020869565217391303
GER0156,ALEX,0 à 10,0,7.0,regionM,0,1,Aucun,0,Aucun,0,Aucun,Non renseigné,0.0,0.11685714285714285,0.43636363636363634,0.006,0.005652173913043478
GER0157,ALEX,40 à 60,0,7.0,regionM,0,0,Aucun,0,Aucun,0,Aucun,Non renseigné,0.004545454545454546,0.00028571428571428574,0.0,0.0,0.002173913043478261
GER0158,ALEX,20 à 40,0,7.0,regionM,0,0,Aucun,0,Aucun,0,Aucun,Non renseigné,0.0,0.003142857142857143,0.0,0.0013333333333333333,0.005217391304347826
GER0159,ALEX,0 à 10,1,7.0,regionM,0,1,Aucun,0,Aucun,0,Aucun,Non renseigné,0.0,0.0,0.0,0.0,0.0491304347826087
GER0160,ALEX,60 à Plus,0,7.0,regionM,0,1,Aucun,0,Aucun,0,Aucun,Non renseigné,0.0036363636363636364,0.004,0.0,0.0,0.0017391304347826088
GER0161,ALEX,40 à 60,0,7.0,regionM,0,1,Aucun,0,Aucun,0,Aucun,Non renseigné,0.0,0.046285714285714284,0.0,0.0,0.10695652173913044
GER0162,ALEX,10 à 20,1,7.0,regionM,0,0,Aucun,0,Aucun,0,Aucun,Non renseigné,0.011818181818181818,0.0028571428571428567,0.002727272727272727,0.0033333333333333335,0.003913043478260869
GER0163,ALEX,60 à Plus,0,7.0,regionM,0,0,Aucun,0,Aucun,0,Aucun,Non renseigné,0.0,0.008857142857142857,0.0,0.0026666666666666666,0.0017391304347826088
GER0164,ALEX,40 à 60,0,7.0,regionM,0,0,Aucun,0,Aucun,0,Aucun,Non renseigné,0.0,0.010285714285714285,0.0009090909090909091,0.0006666666666666666,0.002173913043478261
GER0165,ALEX,10 à 20,0,7.0,regionM,0,1,Aucun,0,Aucun,0,Aucun,Non renseigné,0.010000000000000002,0.018,0.0036363636363636364,0.004666666666666667,0.006086956521739131
GER0166,ALEX,10 à 20,0,7.0,regionM,0,1,Aucun,0,Aucun,0,Aucun,Non renseigné,0.004545454545454546,0.011428571428571427,0.0,0.006000000000000001,0.0013043478260869564
GER0167,ALEX,10 à 20,0,7.0,regionM,0,0,Aucun,0,Aucun,0,Aucun,Non renseigné,0.008181818181818182,0.010857142857142857,0.0,0.0026666666666666666,0.002608695652173913
GER0168,ALEX,20 à 40,0,7.0,regionM,0,0,Aucun,0,Aucun,0,Aucun,Non renseigné,0.002727272727272727,0.006,0.0,0.0,0.014347826086956523
GER0169,ALEX,10 à 20,0,7.0,regionM,0,0,Aucun,0,Aucun,0,Aucun,Non renseigné,0.002727272727272727,0.001142857142857143,0.0,0.0,0.002173913043478261
GER0170,ALEX,0 à 10,0,7.0,regionM,0,0,Aucun,0,Aucun,0,Aucun,Non renseigné,0.0,0.003428571428571429,0.0,0.0,0.0
GER0171,ALEX,40 à 60,0,7.0,regionM,0,0,Aucun,0,Aucun,0,Aucun,Non renseigné,0.0,0.012,0.0,0.006,0.004782608695652174
GER0172,ALEX,10 à 20,1,7.0,regionM,0,0,Aucun,0,Aucun,0,Aucun,Non renseigné,0.0009090909090909091,0.0014285714285714286,0.0,0.0,0.0008695652173913044
GER0173,ALEX,20 à 40,0,7.0,regionM,0,1,Aucun,0,Aucun,0,Aucun,Non renseigné,0.0018181818181818182,0.037714285714285714,0.0036363636363636364,0.0,0.0008695652173913044
GER0174,ALEX,10 à 20,0,7.0,regionM,0,1,Aucun,0,Aucun,0,Aucun,Non renseigné,0.0018181818181818182,0.019714285714285712,0.36909090909090914,0.011333333333333334,0.0013043478260869564
GER0175,ALEX,60 à Plus,0,7.0,regionM,0,0,Aucun,0,Aucun,0,Aucun,Non renseigné,0.0,0.002,0.0,0.0,0.002173913043478261
GER0176,ALEX,40 à 60,0,7.0,regionM,0,0,Aucun,0,Aucun,0,Aucun,Non renseigné,0.0,0.0008571428571428572,0.0,0.0006666666666666666,0.0004347826086956522
GER0177,ALEX,20 à 40,0,7.0,regionM,0,0,Aucun,0,Aucun,0,Aucun,Non renseigné,0.0009090909090909091,0.003428571428571429,0.0018181818181818182,0.0,0.0
GER0178,ALEX,60 à Plus,1,7.0,regionM,0,1,Aucun,0,Aucun,0,Aucun,Non renseigné,0.0,0.0034285714285714284,0.0,0.0013333333333333333,0.0
GER0179,ALEX,20 à 40,0,7.0,regionM,0,1,Aucun,0,Aucun,0,Aucun,Non renseigné,0.0,0.0008571428571428571,0.0,0.0,0.0508695652173913
GER0180,ALEX,0 à 10,0,7.0,regionM,0,1,Aucun,0,Aucun,0,Aucun,Non renseigné,0.0,0.00028571428571428574,0.0,0.0,0.0
GER0181,ALEX,60 à Plus,1,7.0,regionM,0,1,Aucun,0,Aucun,0,Aucun,Non renseigné,0.0,0.008,0.0,0.004,0.005652173913043478
GER0182,ALEX,20 à 40,0,7.0,regionM,0,1,Aucun,0,Aucun,0,Aucun,Non renseigné,0.0,0.0,0.0009090909090909091,0.004666666666666667,0.002608695652173913
GER0183,ALEX,40 à 60,0,7.0,regionM,0,0,Aucun,0,Aucun,0,Aucun,Non renseigné,0.010909090909090908,0.0017142857142857142,0.0,0.012666666666666666,0.0
GER0184,ALEX,10 à 20,0,7.0,regionM,0,0,Aucun,0,Aucun,0,Aucun,Non renseigné,0.002727272727272727,0.0,0.0,0.0006666666666666666,0.0013043478260869566
GER0185,ALEX,20 à 40,0,7.0,regionM,0,1,Aucun,0,Aucun,0,Aucun,Non renseigné,0.0,0.007714285714285715,0.0,0.010666666666666666,0.06391304347826086
GER0186,ALEX,10 à 20,0,7.0,regionM,0,1,Aucun,0,Aucun,0,Aucun,Non renseigné,0.0,0.0014285714285714286,0.0,0.004666666666666667,0.009565217391304347
GER0187,ALEX,40 à 60,0,7.0,regionM,0,0,Aucun,0,Aucun,0,Aucun,Non renseigné,0.0,0.0017142857142857142,0.0,0.004,0.0034782608695652175
GER0188,ALEX,20 à 40,0,7.0,regionM,0,0,Aucun,0,Aucun,0,Aucun,Non renseigné,0.0,0.001142857142857143,0.0,0.0,0.002608695652173913
GER0189,ALEX,40 à 60,0,7.0,regionM,0,1,Aucun,0,Aucun,0,Aucun,Non renseigné,0.0,0.0014285714285714286,0.0,0.0006666666666666666,0.006521739130434782
GER0190,ALEX,20 à 40,0,7.0,regionM,0,1,Aucun,0,Aucun,0,Aucun,Non renseigné,0.0,0.0,0.0,0.0,0.0
GER0191,ALEX,20 à 40,0,7.0,regionM,0,0,Aucun,0,Aucun,0,Aucun,Non renseigné,0.0,0.0014285714285714286,0.0,0.0,0.0
GER0192,ALEX,60 à Plus,0,7.0,regionM,0,0,Aucun,0,Aucun,0,Aucun,Non renseigné,0.0,0.006,0.004545454545454546,0.0,0.0017391304347826088
GER0193,ALEX,0 à 10,1,7.0,regionM,0,0,Aucun,0,Aucun,0,Aucun,Non renseigné,0.0,0.00028571428571428574,0.0,0.0,0.006086956521739131
GER0194,ALEX,0 à 10,0,7.0,regionM,0,0,Aucun,0,Aucun,0,Aucun,Non renseigné,0.0,0.004571428571428571,0.0,0.0,0.002608695652173913
GER0195,ALEX,0 à 10,1,7.0,regionM,0,0,Aucun,0,Aucun,0,Aucun,Non renseigné,0.0,0.0,0.0,0.0,0.0
GER0196,ALEX,10 à 20,1,7.0,regionM,0,0,Aucun,0,Aucun,0,Aucun,Non renseigné,0.0,0.004,0.0,0.0013333333333333333,0.0
GER0197,ALEX,40 à 60,0,7.0,regionM,0,0,Aucun,0,Aucun,0,Aucun,Non renseigné,0.0,0.006285714285714286,0.0,0.0,0.0
GER0198,ALEX,10 à 20,0,7.0,regionM,0,0,Aucun,0,Aucun,0,Aucun,Non renseigné,0.0,0.0008571428571428571,0.0,0.0,0.0
GER0199,ALEX,20 à 40,0,7.0,regionM,0,0,Aucun,0,Aucun,0,Aucun,Non renseigné,0.0,0.001142857142857143,0.0,0.0,0.0
GER0200,ALEX,0 à 10,0,7.0,regionM,0,0,Aucun,0,Aucun,0,Aucun,Non renseigné,0.0,0.00028571428571428574,0.0,0.0,0.0
GER0201,ALEX,60 à Plus,0,7.0,regionM,0,0,Aucun,0,Aucun,0,Aucun,Non renseigné,0.0,0.0028571428571428567,0.0,0.006,0.0
GER0202,ALEX,0 à 10,0,10.0,regionH,0,1,Aucun,0,0 - 2 ans,1,Aucun,Non renseigné,0.5781818181818181,0.096,0.8654545454545454,0.0,0.0
GER0203,ALEX,0 à 10,1,12.0,regionM,1,1,Aucun,0,3 - 10 ans,0,Aucun,Pas de traitement,18.274545454545457,0.2734285714285714,0.04,0.8806666666666667,0.10521739130434782
GER0204,ALEX,20 à 40,0,11.0,regionM,0,1,Aucun,0,Non renseigné,1,Effort/Activité sportive,Pas de traitement,0.0,0.3531428571428572,0.0,0.0,0.1326086956521739
GER0205,ALEX,20 à 40,1,12.0,regionM,0,1,Aucun,0,Non renseigné,0,Effort/Activité sportive,Pas de traitement,0.0,0.0,0.0,0.0,0.007826086956521738
GER0206,ALEX,20 à 40,1,11.0,regionM,1,1,Non renseigné,0,3 - 10 ans,1,Acariens,Pas de traitement,0.11454545454545455,1.432857142857143,0.0,0.0,0.05565217391304348
GER0207,ALEX,10 à 20,0,1.0,regionM,1,1,Aucun,0,0 - 2 ans,1,Animaux : cheval/rongeur,Autres,11.067272727272728,0.16342857142857142,0.3781818181818182,0.36933333333333335,2.265217391304348
GER0208,ALEX,10 à 20,0,1.0,regionM,1,1,Aucun,0,0 - 2 ans,0,Animaux : cheval/rongeur,Pas de traitement,0.8,2.148857142857143,0.22636363636363638,0.314,5.32
GER0209,ALEX,40 à 60,0,1.0,regionM,1,1,Aucun,0,20 ans et plus,1,Aucun,Pas de traitement,0.0,0.0,0.0,0.0,0.3143478260869565
GER0210,ALEX,20 à 40,1,10.0,regionM,1,1,Aucun,0,10 - 20 ans,0,Animaux : cheval/rongeur,Pas de traitement,9.383636363636363,0.8268571428571428,1.5836363636363637,0.8246666666666667,0.2634782608695652
GER0211,ALEX,10 à 20,1,2.0,regionM,1,1,Non renseigné,0,Non renseigné,1,Aucun,Non renseigné,11.578181818181818,0.5402857142857143,0.6318181818181818,0.0,0.0
GER0212,ALEX,10 à 20,1,1.0,regionM,0,1,Aucun,1,Non renseigné,1,Aucun,Non renseigné,14.107272727272727,3.5651428571428574,5.497272727272727,1.7773333333333334,8.778695652173912
GER0213,ALEX,10 à 20,1,1.0,regionH,1,1,Aucun,0,Non renseigné,1,Aucun,Pas de traitement,0.0,2.6522857142857146,0.0,0.0,0.058260869565217394
GER0214,ALEX,20 à 40,1,12.0,regionM,1,1,Aucun,0,20 ans et plus,1,Aucun,Pas de traitement,0.10909090909090911,0.8274285714285714,0.0,0.05600000000000001,0.3786956521739131
GJH0001,ISAC_V1,0 à 10,1,2.0,regionF,0,1,Non renseigné,1,Non renseigné,0,Aucun,Pas de traitement,0.0,0.054285714285714284,0.2218181818181818,0.0,0.7991304347826087
GJH0002,ISAC_V1,10 à 20,0,9.0,regionA,0,0,Aucun,0,0 - 2 ans,1,Animaux : chat/chien,Non renseigné,0.0,0.0,0.0,0.0,0.0
GJH0003,ISAC_V1,0 à 10,1,9.0,regionA,0,1,Anti-H1 + CS,1,Aucun,0,Aucun,Non renseigné,0.0,0.0,0.0,0.0,0.01391304347826087
GJH0004,ISAC_V1,10 à 20,1,9.0,regionF,1,1,Aucun,1,Aucun,0,Aucun,Pas de traitement,0.030000000000000002,0.0,0.0,0.0,0.0
GJH0005,ISAC_V1,0 à 10,1,10.0,regionI,0,0,Aucun,1,Aucun,0,Aucun,Pas de traitement,0.0,0.0,0.0,0.0,0.0
GJH0006,ISAC_V1,0 à 10,0,10.0,regionF,1,0,Aucun,1,Aucun,0,Effort/Activité sportive,Pas de traitement,0.0,0.0,0.0,0.0,0.0
GJH0007,ISAC_V1,10 à 20,0,10.0,regionF,0,0,Aucun,1,Aucun,0,Aucun,Pas de traitement,0.0,0.0,0.0,0.0,0.0
GJH0008,ISAC_V1,10 à 20,0,10.0,regionF,1,0,Anti-H1 voie générale,1,Aucun,0,Aucun,Pas de traitement,0.0,0.0,0.0,0.0,0.0
GJH0009,ISAC_V1,10 à 20,1,11.0,regionF,0,1,Aucun,1,Aucun,0,Aucun,Pas de traitement,0.0,0.0,0.0,0.0,0.0
GJH0010,ISAC_V1,20 à 40,1,11.0,regionF,1,1,Aucun,0,Aucun,0,Aucun,Pas de traitement,0.48636363636363633,0.6422857142857143,0.0,0.0,6.746086956521739
GJH0011,ISAC_V1,0 à 10,1,11.0,regionF,0,1,Anti-H1 voie générale,1,Aucun,0,Aucun,Pas de traitement,1.1354545454545455,0.0,0.0,0.0,0.0
GJH0012,ISAC_V1,0 à 10,1,11.0,regionF,0,0,Aucun,1,Aucun,0,Aucun,Pas de traitement,0.0,0.0,0.0,0.0,0.0
GJH0013,ISAC_V1,60 à Plus,0,12.0,regionF,0,0,Aucun,0,Aucun,0,Aucun,Pas de traitement,0.0,0.0,0.0,0.0,0.0
GJH0014,ISAC_V1,0 à 10,1,12.0,regionF,0,1,Non renseigné,0,Non renseigné,1,Aucun,Pas de traitement,0.16,0.0,0.0,0.13533333333333333,3.028695652173913
GJH0015,ISAC_V1,0 à 10,1,12.0,regionF,0,0,Aucun,1,Aucun,0,Animaux : chat/chien,Pas de traitement,0.0,0.0,0.0,0.0,0.0
GJH0016,ISAC_V1,10 à 20,0,12.0,regionF,0,0,Non renseigné,1,Aucun,0,Aucun,Pas de traitement,0.0,0.0,0.0,0.0,0.0
GJH0017,ISAC_V1,0 à 10,1,12.0,regionF,0,0,Anti-H1 voie générale,1,Aucun,0,Animaux : chat/chien,Pas de traitement,0.0,0.0,0.0,0.0,0.0
GJH0018,ISAC_V2,0 à 10,1,7.0,regionF,0,1,Non renseigné,1,Non renseigné,0,Aucun,Pas de traitement,0.0,0.0,0.0,0.0,0.15217391304347827
GJH0019,ISAC_V2,0 à 10,1,12.0,regionF,1,1,Aucun,1,Aucun,1,Animaux : chat/chien,Pas de traitement,0.0,0.022000000000000002,0.0,0.0,0.0
GJH0020,ISAC_V2,0 à 10,0,12.0,regionF,1,0,Aucun,1,Aucun,1,Aucun,Pas de traitement,0.0,0.0,0.0,0.0,0.0
GJH0021,ISAC_V2,10 à 20,1,1.0,regionF,0,1,Aucun,0,Aucun,1,Aucun,Dermocorticoïdes,0.0,0.014857142857142857,0.0,0.0,0.0
GJH0022,ISAC_V2,0 à 10,1,1.0,regionF,1,1,Aucun,0,3 - 10 ans,1,Aucun,Pas de traitement,0.0,0.0,0.0,0.0,0.46347826086956523
GJH0023,ISAC_V2,0 à 10,1,1.0,regionF,0,1,Aucun,0,2 - 3 ans,1,Aucun,Pas de traitement,0.0,0.11028571428571429,1.6109090909090908,0.0,0.015652173913043476
GJH0024,ISAC_V2,60 à Plus,1,1.0,regionF,0,1,Non renseigné,0,Non renseigné,0,Animaux : cheval/rongeur,Pas de traitement,0.028181818181818183,0.0,0.0,0.0,0.026956521739130435
GJH0025,ISAC_V2,0 à 10,1,2.0,regionF,0,1,Non renseigné,0,3 - 10 ans,0,Aucun,Pas de traitement,4.91090909090909,0.098,0.0,0.0,0.0
GJH0026,ISAC_V2,0 à 10,0,2.0,regionF,0,0,Aucun,0,Aucun,0,Aucun,Pas de traitement,0.0,0.0,0.0,0.0,0.0
GJH0027,ISAC_V2,10 à 20,1,2.0,regionF,0,1,Non renseigné,1,3 - 10 ans,1,Aucun,Pas de traitement,6.122727272727272,0.49971428571428567,0.14545454545454548,0.0,2.0326086956521734
GJH0028,ISAC_V2,0 à 10,1,2.0,regionF,0,0,Aucun,1,Aucun,0,Aucun,Pas de traitement,0.0,0.0,0.0,0.0,0.0
GJH0029,ISAC_V2,10 à 20,0,2.0,regionF,1,1,Non renseigné,0,Aucun,0,Aucun,Pas de traitement,1.4754545454545456,0.0,0.0,0.0,0.0
GJH0030,ISAC_V2,20 à 40,0,2.0,regionF,0,1,Non renseigné,0,3 - 10 ans,1,Aucun,Pas de traitement,4.1036363636363635,1.9262857142857144,0.44636363636363635,0.03866666666666666,12.797391304347824
GJH0031,ISAC_V2,0 à 10,1,2.0,regionF,0,0,Aucun,0,Aucun,0,Aucun,Pas de traitement,0.0,0.0,0.0,0.0,0.0
GJH0032,ISAC_V2,10 à 20,0,5.0,regionF,0,1,Non renseigné,0,10 - 20 ans,1,Aucun,Pas de traitement,0.0,1.0237142857142856,0.09545454545454546,0.0,10.776521739130436
GJH0033,ISAC_V2,10 à 20,0,5.0,regionF,0,1,Non renseigné,0,Aucun,1,Aucun,Pas de traitement,34.8609090909091,0.7411428571428571,0.8136363636363636,0.6739999999999999,3.3717391304347823
GJH0034,ISAC_V2,10 à 20,1,5.0,regionF,0,1,Non renseigné,0,10 - 20 ans,1,Aucun,Pas de traitement,1.0718181818181818,1.6437142857142857,0.9854545454545455,0.0,5.291304347826087
GJH0035,ISAC_V2,10 à 20,1,5.0,regionF,0,1,Non renseigné,0,Aucun,0,Aucun,Pas de traitement,0.0,0.0,0.0,0.0,0.05043478260869565
GJH0036,ISAC_V2,0 à 10,0,5.0,regionF,0,0,Non renseigné,0,Aucun,0,Aucun,Pas de traitement,0.0,0.0,0.0,0.0,0.007826086956521738
GJH0037,ISAC_V2,0 à 10,0,6.0,regionF,0,0,Non renseigné,0,Aucun,0,Aucun,Pas de traitement,0.0,0.0,0.0,0.0,0.0
GJH0038,ISAC_V2,40 à 60,0,6.0,regionF,0,0,Aucun,0,Aucun,1,Aucun,Pas de traitement,0.0,0.0,0.0,0.0,0.0
GJH0039,ISAC_V2,10 à 20,0,6.0,regionF,0,1,Non renseigné,1,Aucun,0,Effort/Activité sportive,Pas de traitement,38.96,3.426285714285714,5.021818181818182,4.5953333333333335,1.4165217391304348
GJH0040,ISAC_V2,0 à 10,0,7.0,regionF,0,0,Non renseigné,0,Aucun,0,Aucun,Pas de traitement,0.0,0.0,0.0,0.0,0.0
GJH0041,ISAC_V2,10 à 20,0,7.0,regionF,0,0,Non renseigné,0,Aucun,0,Aucun,Pas de traitement,0.0,0.0,0.0,0.0,0.0
GJH0042,ISAC_V2,10 à 20,0,7.0,regionF,0,0,Non renseigné,0,Aucun,0,Aucun,Pas de traitement,0.0,0.0,0.0,0.0,0.0
GJH0043,ISAC_V2,10 à 20,1,7.0,regionF,0,1,Aucun,0,3 - 10 ans,1,Aucun,Pas de traitement,0.0,0.324,0.0,0.0,4.102173913043478
GJH0044,ISAC_V2,0 à 10,1,7.0,regionF,0,0,Non renseigné,0,Aucun,0,Aucun,Pas de traitement,0.0,0.0,0.0,0.0,0.0
GJH0045,ISAC_V2,40 à 60,1,8.0,regionF,1,1,Aucun,0,3 - 10 ans,1,Aucun,Pas de traitement,1.16,0.0,0.0,0.0,0.15608695652173912
GJH0046,ISAC_V2,10 à 20,0,9.0,regionF,1,0,Non renseigné,0,Aucun,0,Aucun,Pas de traitement,0.0,0.0,0.0,0.0,0.0
GJH0047,ISAC_V2,20 à 40,1,9.0,regionF,1,1,Non renseigné,0,Aucun,0,Aucun,Pas de traitement,0.0,1.296,3.088181818181818,3.0166666666666666,7.790869565217391
GJH0048,ISAC_V2,10 à 20,0,9.0,regionF,0,1,Non renseigné,0,Aucun,0,Aucun,Pas de traitement,0.1272727272727273,0.0,0.0,0.0,0.0
GJH0049,ISAC_V2,60 à Plus,0,9.0,regionF,1,0,Aucun,0,Aucun,0,Aucun,Pas de traitement,0.0,0.0,0.0,0.0,0.0
GJH0050,ISAC_V2,0 à 10,0,10.0,regionF,0,0,Non renseigné,0,Aucun,0,Aucun,Pas de traitement,0.0,0.0,0.0,0.0,0.0
GJH0051,ISAC_V2,40 à 60,0,10.0,regionF,0,1,Aucun,0,Non renseigné,1,Aucun,Pas de traitement,0.0,0.0,0.0,0.0,1.156086956521739
GJH0052,ISAC_V2,0 à 10,1,10.0,regionF,1,1,Aucun,0,0 - 2 ans,1,Aucun,Pas de traitement,0.0,0.017714285714285714,0.0,0.0,0.0
GJH0053,ISAC_V2,10 à 20,1,11.0,regionF,0,1,Non renseigné,0,Aucun,0,Aucun,Pas de traitement,31.569090909090907,0.0,0.0,0.0,0.024782608695652172
GJH0054,ISAC_V2,10 à 20,1,11.0,regionF,1,1,Non renseigné,0,Aucun,0,Aucun,Pas de traitement,0.0,0.0,0.0,0.5286666666666666,0.65
GJH0055,ISAC_V2,0 à 10,1,11.0,regionB,0,1,Non renseigné,0,0 - 2 ans,1,Aucun,Pas de traitement,0.0,1.1062857142857143,0.0,0.0,0.0
GJH0056,ISAC_V2,40 à 60,0,11.0,regionF,1,1,Non renseigné,0,3 - 10 ans,1,Autres,Pas de traitement,0.0,0.014571428571428572,0.27636363636363637,0.0,0.41173913043478266
GJH0057,ISAC_V2,10 à 20,0,12.0,regionF,0,0,Non renseigné,0,Aucun,0,Aucun,Pas de traitement,0.0,0.0,0.0,0.0,0.0
GJH0058,ISAC_V2,10 à 20,1,12.0,regionF,0,0,Non renseigné,0,Aucun,0,Aucun,Pas de traitement,0.0,0.0,0.0,0.0,0.0
GJH0059,ISAC_V2,20 à 40,1,12.0,regionF,1,1,Non renseigné,0,3 - 10 ans,1,Aucun,Pas de traitement,0.08454545454545453,0.014,0.10090909090909092,0.328,2.3334782608695654
GJH0060,ISAC_V2,10 à 20,1,12.0,regionF,1,1,Non renseigné,0,Aucun,0,Aucun,Pas de traitement,0.0,0.0,0.0,0.21200000000000002,0.0
GJH0061,ISAC_V2,10 à 20,1,12.0,regionF,1,1,Aucun,0,2 - 3 ans,1,Aucun,Pas de traitement,0.4690909090909091,0.5228571428571429,0.3427272727272727,0.7866666666666667,0.8530434782608695
GJH0062,ISAC_V2,40 à 60,1,12.0,regionF,0,1,Aucun,0,10 - 20 ans,1,Aucun,Pas de traitement,0.13272727272727272,0.0,0.0,0.02733333333333333,0.04869565217391305
GJH0063,ISAC_V2,10 à 20,1,1.0,regionF,1,0,Non renseigné,0,Aucun,0,Aucun,Pas de traitement,0.0,0.0,0.0,0.0,0.0
GJH0064,ISAC_V2,0 à 10,1,1.0,regionF,1,1,Aucun,0,Aucun,1,Aucun,Pas de traitement,4.232727272727273,0.174,0.6872727272727273,0.4053333333333333,0.0
GJH0065,ISAC_V2,0 à 10,1,1.0,regionF,0,0,Non renseigné,0,Aucun,0,Aucun,Pas de traitement,0.0,0.0,0.0,0.0,0.0
GJH0066,ISAC_V2,10 à 20,1,1.0,regionF,0,1,Non renseigné,0,Aucun,0,Aucun,Pas de traitement,0.0,0.02142857142857143,2.1563636363636363,0.0,0.5760869565217391
GJH0067,ISAC_V2,0 à 10,1,1.0,regionF,0,0,Non renseigné,0,Aucun,1,Aucun,Pas de traitement,0.0,0.0,0.0,0.0,0.0
GJH0068,ISAC_V2,10 à 20,1,2.0,regionF,0,1,Non renseigné,0,Aucun,0,Aucun,Pas de traitement,0.9600000000000001,0.007142857142857143,0.0,0.0,0.017391304347826087
GJH0069,ISAC_V2,10 à 20,1,2.0,regionB,0,1,Aucun,0,Aucun,0,Aucun,Pas de traitement,0.0,0.012285714285714285,0.0,0.0,0.0
GJH0070,ISAC_V2,10 à 20,1,2.0,regionF,1,1,Non renseigné,0,Aucun,0,Aucun,Pas de traitement,0.035454545454545454,0.03085714285714286,0.0,6.865333333333334,0.0
GJH0071,ISAC_V2,10 à 20,0,3.0,regionF,0,1,Non renseigné,0,Aucun,0,Aucun,Pas de traitement,0.0,0.0,0.0,0.0,0.039999999999999994
GJH0072,ISAC_V2,10 à 20,0,3.0,regionF,1,0,Non renseigné,0,Aucun,0,Aucun,Pas de traitement,0.0,0.0,0.0,0.0,0.0
GJH0073,ISAC_V2,0 à 10,0,3.0,regionF,1,1,Non renseigné,0,2 - 3 ans,1,Aucun,Pas de traitement,1.1854545454545453,4.098,14.661818181818182,0.0,5.47304347826087
GJH0074,ISAC_V2,40 à 60,0,3.0,regionF,1,0,Aucun,0,Aucun,1,Effort/Activité sportive,Pas de traitement,0.0,0.0,0.0,0.0,0.0
GJH0075,ISAC_V2,10 à 20,0,4.0,regionF,1,1,Non renseigné,0,Aucun,0,Effort/Activité sportive,Pas de traitement,3.291818181818182,0.0,0.1190909090909091,0.0,0.04739130434782609
GJH0076,ISAC_V2,0 à 10,1,4.0,regionF,1,0,Non renseigné,0,Aucun,0,Aucun,Pas de traitement,0.0,0.0,0.0,0.0,0.0
GJH0077,ISAC_V2,10 à 20,1,4.0,regionF,1,1,Anti-H1 + CS,1,3 - 10 ans,1,Aucun,Pas de traitement,0.0,0.9988571428571429,8.968181818181819,0.04666666666666666,18.484347826086957
GJH0078,ISAC_V2,10 à 20,0,4.0,regionF,0,1,Non renseigné,0,Aucun,0,Aucun,Pas de traitement,0.021818181818181816,8.796285714285714,0.0,0.0,0.0
GJH0079,ISAC_V2,10 à 20,0,5.0,regionF,1,1,Non renseigné,0,Non renseigné,0,Animaux : cheval/rongeur,Non renseigné,24.50090909090909,1.252,0.9172727272727272,0.0,5.877826086956522
GJH0080,ISAC_V2,60 à Plus,1,4.0,regionF,1,1,Non renseigné,0,Non renseigné,0,Animaux : cheval/rongeur,Non renseigné,0.0,0.0,0.8218181818181818,0.0,0.03
GJH0081,ISAC_V2,10 à 20,1,5.0,regionF,1,1,Non renseigné,0,0 - 2 ans,1,Aucun,Non renseigné,38.22636363636364,5.074571428571428,8.766363636363637,2.886666666666667,28.753478260869567
GJH0082,ISAC_V2,20 à 40,0,5.0,regionF,0,0,Non renseigné,0,3 - 10 ans,1,Aucun,Pas de traitement,0.0,0.0,0.0,0.0,0.0
GJH0083,ISAC_V2,10 à 20,0,5.0,regionF,1,0,Non renseigné,0,Aucun,0,Aucun,Pas de traitement,0.0,0.0,0.0,0.0,0.0
GJH0084,ISAC_V2,0 à 10,1,5.0,regionF,1,0,Non renseigné,0,Non renseigné,0,Animaux : cheval/rongeur,Non renseigné,0.0,0.007714285714285715,0.0,0.0,0.0
GJH0085,ISAC_V2,0 à 10,1,6.0,regionF,1,0,Non renseigné,0,Aucun,0,Aucun,Pas de traitement,0.0,0.0,0.0,0.0,0.0
GJH0086,ISAC_V2,10 à 20,1,6.0,regionF,1,1,Non renseigné,0,3 - 10 ans,1,Aucun,Pas de traitement,0.0,2.1434285714285712,0.6545454545454544,0.0,23.980869565217393
GJH0087,ISAC_V2,0 à 10,0,6.0,regionF,0,0,Non renseigné,0,Aucun,0,Aucun,Pas de traitement,0.0,0.0,0.0,0.0,0.0
GJH0088,ISAC_V2,10 à 20,1,6.0,regionF,0,1,Non renseigné,0,Aucun,0,Aucun,Pas de traitement,0.0,0.008857142857142857,0.0,1.1113333333333335,2.3260869565217392
GJH0089,ISAC_V2,0 à 10,1,7.0,regionF,1,0,Aucun,0,Aucun,0,Aucun,Pas de traitement,0.0,0.0,0.0,0.0,0.0
GJH0090,ISAC_V2,10 à 20,1,8.0,regionF,0,1,Non renseigné,0,Aucun,0,Aucun,Pas de traitement,0.0,0.0,0.0,0.06733333333333333,0.0
GJH0091,ISAC_V2,10 à 20,1,9.0,regionF,0,1,Aucun,0,3 - 10 ans,1,Aucun,Pas de traitement,1.4090909090909092,0.057999999999999996,0.09,0.13799999999999998,0.0
GJH0092,ISAC_V2,0 à 10,1,9.0,regionF,1,0,Aucun,0,2 - 3 ans,1,Aucun,Pas de traitement,0.0,0.0,0.0,0.0,0.0
GJH0093,ISAC_V2,0 à 10,1,10.0,regionF,1,1,Aucun,0,3 - 10 ans,1,Aucun,Pas de traitement,0.0,0.7605714285714286,0.0,0.0,2.6230434782608696
GJH0094,ISAC_V2,0 à 10,1,10.0,regionF,0,1,Non renseigné,0,Aucun,0,Aucun,Pas de traitement,0.17363636363636362,0.0,0.0,0.0,3.4860869565217394
GJH0095,ISAC_V2,0 à 10,1,10.0,regionF,1,1,Aucun,0,3 - 10 ans,1,Aucun,Pas de traitement,11.536363636363637,0.0757142857142857,4.923636363636363,0.7673333333333333,0.0
GJH0096,ISAC_V2,10 à 20,1,10.0,regionF,1,0,Non renseigné,0,Aucun,0,Aucun,Pas de traitement,0.0,0.0,0.0,0.0,0.0
GJH0097,ISAC_V2,10 à 20,1,10.0,regionF,0,0,Non renseigné,0,Aucun,0,Aucun,Pas de traitement,0.0,0.0,0.0,0.0,0.0
GJH0098,ISAC_V2,40 à 60,1,10.0,regionF,1,1,Aucun,0,3 - 10 ans,1,Aucun,Pas de traitement,2.139090909090909,0.032,0.0,0.0,5.440869565217391
GJH0099,ISAC_V2,40 à 60,0,12.0,regionF,0,0,Aucun,0,Aucun,0,Aucun,Pas de traitement,0.0,0.0,0.0,0.0,0.0
GJH0100,ISAC_V2,10 à 20,1,12.0,regionF,0,0,Aucun,0,Aucun,0,Aucun,Pas de traitement,0.0,0.0,0.0,0.0,0.0
GJH0101,ISAC_V2,10 à 20,1,12.0,regionF,0,1,Non renseigné,0,Aucun,0,Aucun,Pas de traitement,7.1054545454545455,0.0,0.0,0.0,0.0
GJH0102,ISAC_V2,0 à 10,1,1.0,regionF,0,1,Non renseigné,0,Aucun,0,Aucun,Pas de traitement,0.7090909090909091,0.0,0.0,0.0,0.0
GJH0103,ISAC_V2,10 à 20,1,1.0,regionF,1,0,Aucun,0,Aucun,0,Aucun,Pas de traitement,0.0,0.0,0.0,0.0,0.0
GJH0104,ISAC_V2,10 à 20,0,2.0,regionF,1,1,Non renseigné,0,Aucun,0,Aucun,Pas de traitement,0.0,0.0,0.0,0.0,0.02782608695652174
GJH0105,ISAC_V2,10 à 20,0,2.0,regionF,1,1,Aucun,0,10 - 20 ans,1,Aucun,Pas de traitement,0.0,0.22628571428571428,0.0,0.0,0.0
GJH0106,ISAC_V2,40 à 60,1,2.0,regionF,0,1,Non renseigné,0,3 - 10 ans,1,Aucun,Pas de traitement,0.045454545454545456,0.014285714285714285,0.0,0.9906666666666666,2.095652173913044
GJH0107,ISAC_V2,10 à 20,1,2.0,regionF,0,0,Aucun,0,Aucun,0,Aucun,Pas de traitement,0.0,0.0,0.0,0.0,0.0
GJH0108,ISAC_V2,0 à 10,1,2.0,regionF,1,0,Aucun,0,Aucun,0,Aucun,Pas de traitement,0.0,0.0,0.0,0.0,0.0
GJH0109,ISAC_V2,20 à 40,1,1.0,regionF,0,1,Aucun,0,10 - 20 ans,1,Aucun,Pas de traitement,5.306363636363636,0.0,0.0,0.0,0.0
GJH0110,ISAC_V2,10 à 20,1,3.0,regionF,0,1,Non renseigné,0,Aucun,0,Aucun,Pas de traitement,0.04818181818181819,0.0,0.0,0.0,0.0
GJH0111,ISAC_V2,0 à 10,1,3.0,regionF,0,0,Non renseigné,0,Aucun,0,Aucun,Pas de traitement,0.0,0.0,0.0,0.0,0.0
GJH0112,ISAC_V2,40 à 60,0,3.0,regionF,0,0,Aucun,0,Aucun,0,Aucun,Pas de traitement,0.0,0.0,0.0,0.0,0.0
GJH0113,ISAC_V2,40 à 60,1,3.0,regionF,0,1,Aucun,0,20 ans et plus,1,Aucun,Pas de traitement,0.0,0.008,0.08090909090909092,0.35933333333333334,0.06478260869565218
GJH0114,ISAC_V2,20 à 40,1,3.0,regionF,0,0,Aucun,0,20 ans et plus,1,Aucun,Pas de traitement,0.0,0.0,0.0,0.0,0.0
GJH0115,ISAC_V2,0 à 10,0,3.0,regionA,1,1,Non renseigné,0,Aucun,0,Aucun,Pas de traitement,0.0,0.0,0.0,0.0,1.02
GJH0116,ISAC_V2,20 à 40,0,3.0,regionF,0,1,Non renseigné,0,Aucun,0,Aucun,Pas de traitement,0.0,0.0,0.0,0.0,0.07173913043478261
GJH0117,ISAC_V2,0 à 10,1,3.0,regionF,0,0,Non renseigné,0,Aucun,0,Aucun,Pas de traitement,0.0,0.0,0.0,0.0,0.0
GJH0118,ISAC_V2,10 à 20,1,3.0,regionF,0,1,Non renseigné,0,3 - 10 ans,1,Aucun,Pas de traitement,0.0,0.012285714285714285,0.0,0.33066666666666666,6.350869565217391
GJH0119,ISAC_V2,20 à 40,1,4.0,regionF,1,1,Non renseigné,0,2 - 3 ans,1,Aucun,Pas de traitement,2.186363636363636,0.184,0.1509090909090909,0.0,0.9195652173913043
GJH0120,ISAC_V2,20 à 40,0,4.0,regionF,0,0,Aucun,0,2 - 3 ans,1,Aucun,Pas de traitement,0.0,0.0,0.0,0.0,0.0
GJH0121,ISAC_V2,0 à 10,0,4.0,regionF,0,1,Non renseigné,0,Aucun,0,Aucun,Pas de traitement,0.0,3.9337142857142857,0.0,0.0,0.06521739130434782
GJH0122,ISAC_V2,60 à Plus,0,4.0,regionF,1,1,Non renseigné,0,10 - 20 ans,1,Aucun,Pas de traitement,0.04818181818181819,0.0,0.0,0.0,0.0
GJH0123,ISAC_V2,10 à 20,0,5.0,regionF,1,1,Non renseigné,0,2 - 3 ans,1,Aucun,Pas de traitement,8.577272727272726,1.5362857142857145,0.0,1.9046666666666667,0.40956521739130436
GJH0124,ISAC_V2,60 à Plus,1,5.0,regionF,1,1,Aucun,0,Aucun,0,Aucun,Pas de traitement,0.0,0.03685714285714286,0.0,0.0,0.059565217391304354
GJH0125,ISAC_V2,20 à 40,0,5.0,regionF,0,0,Non renseigné,0,Non renseigné,0,Animaux : cheval/rongeur,Non renseigné,0.0,0.0,0.0,0.0,0.0
GJH0126,ISAC_V2,10 à 20,0,5.0,regionF,1,1,Non renseigné,0,0 - 2 ans,1,Aucun,Pas de traitement,0.0,1.5242857142857142,0.0,0.0,4.768695652173913
GJH0127,ISAC_V2,10 à 20,1,5.0,regionF,0,1,Non renseigné,0,3 - 10 ans,1,Aucun,Pas de traitement,0.6163636363636363,1.8897142857142852,2.674545454545455,1.9733333333333334,12.801739130434783
GJH0128,ISAC_V2,20 à 40,1,5.0,regionF,1,1,Aucun,0,Aucun,0,Aucun,Pas de traitement,3.5345454545454547,0.0,0.0,0.0,0.0
GJH0129,ISAC_V2,10 à 20,1,5.0,regionI,0,1,Non renseigné,0,2 - 3 ans,1,Aucun,Pas de traitement,0.0,1.654,0.01909090909090909,2.61,0.3030434782608696
GJH0130,ISAC_V2,10 à 20,1,5.0,regionF,0,0,Non renseigné,0,Aucun,0,Aucun,Pas de traitement,0.0,0.0,0.0,0.0,0.0
GJH0131,ISAC_V2,0 à 10,0,5.0,regionF,1,1,Non renseigné,0,2 - 3 ans,1,Aucun,Pas de traitement,2.428181818181818,0.039428571428571424,0.0,0.0,0.13608695652173913
GJH0132,ISAC_V2,0 à 10,0,6.0,regionF,1,1,Non renseigné,0,3 - 10 ans,1,Aucun,Pas de traitement,0.0,0.6,0.2645454545454546,0.0,0.9504347826086956
GJH0133,ISAC_V2,40 à 60,1,6.0,regionF,1,0,Aucun,0,Aucun,0,Aucun,Pas de traitement,0.0,0.0,0.0,0.0,0.0
GJH0134,ISAC_V2,10 à 20,1,6.0,regionF,1,1,Non renseigné,0,10 - 20 ans,1,Aucun,Pas de traitement,0.0,0.0,0.0,0.02666666666666667,16.88826086956522
GJH0135,ISAC_V2,20 à 40,0,6.0,regionF,1,1,Aucun,0,10 - 20 ans,1,Aucun,Pas de traitement,2.994545454545454,0.0,0.0,0.032,0.0
GJH0136,ISAC_V2,40 à 60,0,6.0,regionF,1,1,Aucun,0,Aucun,0,Aucun,Pas de traitement,0.5054545454545454,0.0,0.0,0.0,0.0
GJH0137,ISAC_V2,0 à 10,1,6.0,regionF,0,1,Non renseigné,0,Aucun,0,Aucun,Pas de traitement,0.1309090909090909,1.0577142857142858,0.0,0.0,3.869565217391304
GJH0138,ISAC_V2,10 à 20,0,6.0,regionF,1,1,Non renseigné,0,Aucun,0,Aucun,Pas de traitement,0.0,0.0,0.38818181818181824,0.0,2.3791304347826085
GJH0139,ISAC_V2,0 à 10,1,6.0,regionF,1,0,Non renseigné,0,Aucun,0,Aucun,Pas de traitement,0.0,0.0,0.0,0.0,0.0
GJH0140,ISAC_V2,10 à 20,0,7.0,regionF,1,0,Aucun,0,Aucun,0,Aucun,Pas de traitement,0.0,0.0,0.0,0.0,0.0
GJH0141,ISAC_V2,0 à 10,1,7.0,regionF,0,1,Non renseigné,0,3 - 10 ans,1,Aucun,Pas de traitement,31.534545454545455,0.29914285714285715,2.061818181818182,0.0,7.855652173913044
GJH0142,ISAC_V2,20 à 40,1,7.0,regionF,0,1,Non renseigné,0,Aucun,1,Aucun,Pas de traitement,3.0918181818181822,0.8082857142857143,2.5936363636363637,0.0,2.7256521739130433
GJH0143,ISAC_V2,0 à 10,1,7.0,regionF,0,0,Non renseigné,0,Aucun,0,Aucun,Pas de traitement,0.0,0.0,0.0,0.0,0.0
GJH0144,ISAC_V2,0 à 10,0,7.0,regionF,1,0,Non renseigné,0,Aucun,0,Aucun,Pas de traitement,0.0,0.0,0.0,0.0,0.0
GJH0145,ISAC_V2,0 à 10,0,7.0,regionF,0,1,Non renseigné,0,Aucun,0,Aucun,Pas de traitement,2.3272727272727276,0.0,0.0,0.0,0.0
GJH0146,ISAC_V2,60 à Plus,1,8.0,regionF,0,1,Non renseigné,0,10 - 20 ans,1,Aucun,Pas de traitement,0.0,0.3405714285714286,0.94,0.05333333333333334,0.8547826086956521
GJH0147,ISAC_V2,60 à Plus,1,8.0,regionF,0,1,Aucun,0,Aucun,0,Aucun,Pas de traitement,1.2763636363636364,0.0,0.0,0.02333333333333333,0.0
GJH0148,ISAC_V2,10 à 20,1,8.0,regionF,0,0,Non renseigné,0,Aucun,0,Aucun,Pas de traitement,0.0,0.0,0.0,0.0,0.0
GJH0149,ISAC_V2,10 à 20,0,8.0,regionF,0,1,Non renseigné,0,Aucun,0,Aucun,Pas de traitement,0.0,0.01542857142857143,2.307272727272727,0.0,0.0
GJH0150,ISAC_V2,0 à 10,0,8.0,regionB,0,0,Aucun,0,Aucun,0,Aucun,Pas de traitement,0.0,0.0,0.0,0.0,0.0
GJH0151,ISAC_V2,60 à Plus,1,9.0,regionF,0,0,Aucun,0,Aucun,0,Aucun,Pas de traitement,0.0,0.0,0.0,0.0,0.0
GJH0152,ISAC_V2,0 à 10,0,9.0,regionF,0,1,Non renseigné,0,Aucun,0,Aucun,Pas de traitement,0.0,0.0,0.0,0.0,0.0691304347826087
GJH0153,ISAC_V2,20 à 40,0,8.0,regionF,1,1,Non renseigné,0,Aucun,0,Aucun,Pas de traitement,0.0,0.0,1.5899999999999999,0.0,0.0
GJH0154,ISAC_V2,10 à 20,0,9.0,regionA,0,1,Aucun,0,Aucun,0,Aucun,Pas de traitement,5.210909090909091,0.0,0.0,0.0,0.0
GJH0155,ISAC_V2,0 à 10,0,9.0,regionF,1,1,Non renseigné,0,3 - 10 ans,1,Aucun,Pas de traitement,35.38181818181818,0.0,0.18545454545454546,0.0,0.1482608695652174
GJH0156,ISAC_V2,0 à 10,0,9.0,regionF,0,1,Non renseigné,0,Aucun,0,Aucun,Pas de traitement,0.15636363636363637,0.0,0.0,0.0,0.0
GJH0157,ISAC_V2,20 à 40,1,4.0,regionF,1,1,Non renseigné,0,3 - 10 ans,1,Aucun,Pas de traitement,6.907272727272727,0.05800000000000001,0.17636363636363636,0.048666666666666664,1.1569565217391304
GJH0158,ISAC_V2,0 à 10,0,4.0,regionF,0,1,Non renseigné,0,2 - 3 ans,1,Aucun,Pas de traitement,1.0163636363636364,0.10800000000000001,0.0,0.0,1.1508695652173915
HNR0001,ALEX,0 à 10,1,2.0,regionL,0,1,Aucun,0,Aucun,0,Aucun,Non renseigné,12.065454545454545,0.26,0.0,0.386,0.05
HNR0002,ALEX,20 à 40,0,2.0,regionL,0,1,Non renseigné,0,Non renseigné,0,Animaux : cheval/rongeur,Autres,0.02909090909090909,0.08685714285714285,0.0018181818181818182,0.002,0.07608695652173914
HNR0003,ALEX,40 à 60,0,3.0,regionI,1,1,Non renseigné,0,Non renseigné,1,Aucun,Pas de traitement,0.6036363636363636,0.023714285714285716,0.0,0.004666666666666667,0.4826086956521739
HNR0004,ALEX,0 à 10,1,3.0,regionI,1,0,Non renseigné,0,Aucun,0,Aucun,Pas de traitement,0.02909090909090909,0.04914285714285714,0.008181818181818182,0.02333333333333333,0.0391304347826087
HNR0005,ALEX,0 à 10,1,3.0,regionI,1,1,Non renseigné,0,0 - 2 ans,1,Aucun,Pas de traitement,2.8281818181818186,5.121714285714286,2.061818181818182,0.7353333333333333,0.01652173913043478
HNR0006,ALEX,10 à 20,0,4.0,regionO,0,1,Non renseigné,0,Non renseigné,0,Animaux : cheval/rongeur,Non renseigné,3.6654545454545455,0.036571428571428574,0.0,0.018000000000000002,0.23652173913043475
HNR0007,ALEX,10 à 20,1,5.0,regionO,0,1,Non renseigné,0,Non renseigné,0,Animaux : cheval/rongeur,Non renseigné,7.072727272727272,0.3465714285714286,0.0,0.002,4.649130434782609
HNR0008,ALEX,40 à 60,0,7.0,regionO,0,1,Non renseigné,0,Non renseigné,0,Animaux : cheval/rongeur,Non renseigné,23.421818181818182,6.6488571428571435,7.530909090909091,2.522666666666667,0.25521739130434784
HNR0009,ALEX,60 à Plus,0,7.0,regionO,0,1,Non renseigné,0,Non renseigné,0,Animaux : cheval/rongeur,Non renseigné,2.8027272727272727,1.4985714285714284,0.6063636363636363,2.2966666666666664,7.473043478260871
HNR0010,ALEX,10 à 20,1,7.0,regionO,0,1,Non renseigné,0,Non renseigné,0,Animaux : cheval/rongeur,Non renseigné,9.804545454545455,0.029142857142857144,0.002727272727272727,0.004666666666666667,0.01608695652173913
HNR0011,ALEX,10 à 20,1,7.0,regionO,0,1,Non renseigné,0,Non renseigné,0,Animaux : cheval/rongeur,Non renseigné,0.012727272727272728,0.03085714285714286,0.010909090909090908,0.044000000000000004,0.05565217391304348
HNR0012,ALEX,10 à 20,1,7.0,regionO,0,1,Non renseigné,0,Non renseigné,0,Animaux : cheval/rongeur,Non renseigné,0.03090909090909091,0.031142857142857146,0.020000000000000004,0.005333333333333333,0.01608695652173913
HNR0013,ALEX,10 à 20,1,7.0,regionO,0,1,Non renseigné,0,Non renseigné,0,Animaux : cheval/rongeur,Non renseigné,0.06272727272727273,0.04285714285714286,0.4854545454545454,0.0013333333333333333,4.75
HNR0014,ALEX,0 à 10,1,7.0,regionO,0,1,Non renseigné,0,Non renseigné,0,Animaux : cheval/rongeur,Non renseigné,0.014545454545454545,0.17971428571428572,0.004545454545454546,0.005333333333333333,0.8534782608695654
HNR0015,ALEX,0 à 10,1,6.0,regionO,0,1,Non renseigné,0,Non renseigné,0,Animaux : cheval/rongeur,Non renseigné,0.10181818181818181,0.15285714285714286,0.02,2.3433333333333333,0.08347826086956522
HNR0016,ALEX,40 à 60,0,6.0,regionO,0,1,Non renseigné,0,Non renseigné,0,Animaux : cheval/rongeur,Non renseigné,0.025454545454545455,0.04371428571428571,0.22999999999999998,0.012,0.02956521739130435
HNR0017,ALEX,40 à 60,0,6.0,regionO,0,1,Non renseigné,0,Non renseigné,0,Animaux : cheval/rongeur,Non renseigné,0.02909090909090909,0.1754285714285714,0.01090909090909091,2.85,1.141304347826087
HNR0018,ALEX,0 à 10,0,6.0,regionO,0,1,Non renseigné,0,Non renseigné,0,Animaux : cheval/rongeur,Non renseigné,0.010909090909090908,0.1882857142857143,0.049090909090909095,0.0,0.32739130434782604
HNR0019,ALEX,40 à 60,0,6.0,regionO,0,1,Non renseigné,0,Non renseigné,0,Animaux : cheval/rongeur,Non renseigné,9.593636363636364,1.1191428571428572,7.304545454545454,0.48133333333333334,5.007391304347826
HNR0020,ALEX,0 à 10,1,6.0,regionI,0,1,Anti-H1 voie générale,1,0 - 2 ans,1,Aucun,Pas de traitement,0.00818181818181818,1.6057142857142856,0.7490909090909091,0.020666666666666667,2.0778260869565215
HNR0021,ALEX,0 à 10,0,7.0,regionO,0,1,Non renseigné,0,Non renseigné,0,Animaux : cheval/rongeur,Non renseigné,0.02090909090909091,4.635714285714286,4.107272727272727,0.11466666666666667,0.5808695652173913
HNR0022,ALEX,0 à 10,1,6.0,regionO,0,1,Non renseigné,0,Non renseigné,0,Animaux : cheval/rongeur,Non renseigné,3.98,0.024857142857142855,0.014545454545454545,0.002,0.030434782608695653
HNR0023,ALEX,10 à 20,0,7.0,regionO,0,1,Non renseigné,0,Non renseigné,0,Animaux : cheval/rongeur,Non renseigné,0.002727272727272727,4.230285714285714,3.3490909090909096,1.3713333333333333,7.4747826086956515
HNR0024,ALEX,20 à 40,0,6.0,regionO,0,1,Non renseigné,0,Non renseigné,0,Animaux : cheval/rongeur,Non renseigné,0.034545454545454546,0.031142857142857146,0.11272727272727273,0.0013333333333333333,0.028695652173913046
HNR0025,ALEX,10 à 20,1,10.0,regionO,0,1,Non renseigné,0,Non renseigné,0,Animaux : cheval/rongeur,Non renseigné,0.03909090909090909,0.027428571428571427,0.004545454545454546,0.014000000000000002,0.03565217391304348
HNR0026,ALEX,10 à 20,1,9.0,regionO,0,1,Non renseigné,0,Non renseigné,0,Animaux : cheval/rongeur,Non renseigné,9.789090909090909,0.3208571428571429,0.20454545454545456,0.188,3.391304347826087
HNR0027,ALEX,40 à 60,1,10.0,regionO,0,1,Non renseigné,0,Non renseigné,0,Animaux : cheval/rongeur,Non renseigné,0.04727272727272727,0.030571428571428572,0.011818181818181818,0.016,0.21
HNR0028,ALEX,0 à 10,1,10.0,regionO,0,1,Non renseigné,0,Non renseigné,0,Animaux : cheval/rongeur,Non renseigné,0.04090909090909091,0.024,0.006363636363636364,0.010666666666666666,0.034782608695652174
HNR0029,ALEX,10 à 20,1,10.0,regionO,0,1,Non renseigné,0,Non renseigné,0,Animaux : cheval/rongeur,Non renseigné,0.009090909090909092,0.023714285714285716,0.03727272727272727,0.0006666666666666666,0.02043478260869565
HNR0030,ALEX,10 à 20,0,10.0,regionO,0,1,Non renseigné,0,Non renseigné,0,Animaux : cheval/rongeur,Non renseigné,10.704545454545455,2.418285714285714,1.7845454545454544,3.1519999999999997,1.9569565217391303
HNR0031,ALEX,20 à 40,0,10.0,regionO,0,1,Non renseigné,0,Non renseigné,0,Animaux : cheval/rongeur,Non renseigné,9.392727272727273,0.2648571428571429,0.4727272727272727,0.012666666666666666,2.141304347826087
HNR0032,ALEX,10 à 20,1,10.0,regionO,0,1,Non renseigné,0,Non renseigné,0,Animaux : cheval/rongeur,Non renseigné,18.73090909090909,1.6754285714285715,0.14363636363636365,2.1406666666666667,0.45434782608695656
HNR0033,ALEX,20 à 40,0,11.0,regionO,0,1,Non renseigné,0,Non renseigné,0,Animaux : cheval/rongeur,Non renseigné,1.3363636363636364,0.008857142857142857,0.0,0.0026666666666666666,0.01608695652173913
HNR0034,ALEX,20 à 40,1,8.0,regionO,0,1,Non renseigné,0,Non renseigné,0,Animaux : cheval/rongeur,Non renseigné,0.0018181818181818182,0.04314285714285714,0.006363636363636364,1.2386666666666666,2.5473913043478262
HNR0035,ALEX,10 à 20,1,9.0,regionO,0,1,Non renseigné,0,Non renseigné,0,Animaux : cheval/rongeur,Non renseigné,0.0036363636363636364,2.98,0.0,0.0,5.56
HNR0036,ALEX,60 à Plus,1,9.0,regionO,0,1,Non renseigné,0,Non renseigné,0,Animaux : cheval/rongeur,Non renseigné,0.03181818181818182,0.10685714285714286,0.007272727272727273,0.0,0.5460869565217391
HNR0037,ALEX,0 à 10,1,9.0,regionO,0,1,Non renseigné,0,Non renseigné,0,Animaux : cheval/rongeur,Non renseigné,0.13636363636363638,0.2977142857142857,0.01636363636363636,0.0013333333333333333,2.4065217391304348
HNR0038,ALEX,0 à 10,1,7.0,regionO,0,0,Non renseigné,0,Non renseigné,0,Animaux : cheval/rongeur,Non renseigné,0.0018181818181818182,0.016857142857142855,0.0018181818181818182,0.004,0.03391304347826087
HNR0039,ALEX,20 à 40,0,7.0,regionO,0,1,Non renseigné,0,Non renseigné,0,Animaux : cheval/rongeur,Non renseigné,16.44181818181818,1.1985714285714284,0.32727272727272727,0.008,0.02826086956521739
HNR0040,ALEX,0 à 10,1,8.0,regionO,0,1,Non renseigné,0,Non renseigné,0,Animaux : cheval/rongeur,Non renseigné,9.066363636363636,1.548857142857143,0.31636363636363635,0.12333333333333334,6.653478260869565
HNR0041,ALEX,20 à 40,0,9.0,regionO,0,1,Non renseigné,0,Non renseigné,0,Animaux : cheval/rongeur,Non renseigné,8.014545454545454,0.4314285714285714,1.8454545454545452,1.7606666666666666,4.006521739130435
HNR0042,ALEX,40 à 60,0,9.0,regionO,0,1,Non renseigné,0,Non renseigné,0,Animaux : cheval/rongeur,Non renseigné,0.03272727272727272,0.04314285714285714,0.06909090909090909,0.0,0.19347826086956524
HNR0043,ALEX,40 à 60,0,11.0,regionO,0,0,Non renseigné,0,Non renseigné,0,Animaux : cheval/rongeur,Non renseigné,0.0018181818181818182,0.009714285714285715,0.0,0.006666666666666667,0.0013043478260869564
HNR0044,ALEX,10 à 20,0,11.0,regionO,0,1,Non renseigné,0,Non renseigné,0,Animaux : cheval/rongeur,Non renseigné,0.006363636363636364,0.008857142857142857,0.0,0.007333333333333333,0.035652173913043476
HNR0045,ALEX,40 à 60,0,11.0,regionO,0,1,Non renseigné,0,Non renseigné,0,Animaux : cheval/rongeur,Non renseigné,6.181818181818182,0.43,4.512727272727273,0.035333333333333335,4.983478260869566
HNR0046,ALEX,20 à 40,0,11.0,regionO,0,1,Non renseigné,0,Non renseigné,0,Animaux : cheval/rongeur,Non renseigné,13.533636363636363,1.5974285714285716,5.21,0.010666666666666666,3.11
HNR0047,ALEX,20 à 40,1,11.0,regionO,0,1,Non renseigné,0,Non renseigné,0,Animaux : cheval/rongeur,Non renseigné,0.53,0.0054285714285714284,0.0,0.004,0.01608695652173913
HNR0048,ALEX,10 à 20,0,11.0,regionO,0,0,Non renseigné,0,Non renseigné,0,Animaux : cheval/rongeur,Non renseigné,0.004545454545454546,0.004857142857142858,0.0018181818181818182,0.0026666666666666666,0.004782608695652174
HNR0049,ALEX,60 à Plus,1,12.0,regionO,0,0,Non renseigné,0,Non renseigné,0,Animaux : cheval/rongeur,Non renseigné,0.0,0.003142857142857143,0.0,0.0,0.0
HNR0050,ALEX,0 à 10,0,12.0,regionO,0,0,Non renseigné,0,Non renseigné,0,Animaux : cheval/rongeur,Non renseigné,0.0,0.006857142857142857,0.0,0.002,0.006086956521739131
HNR0051,ALEX,40 à 60,0,12.0,regionO,0,1,Non renseigné,0,Non renseigné,0,Animaux : cheval/rongeur,Non renseigné,0.007272727272727273,0.16457142857142856,0.00818181818181818,0.002,0.55
HNR0052,ALEX,60 à Plus,0,12.0,regionO,0,1,Non renseigné,0,Non renseigné,0,Animaux : cheval/rongeur,Non renseigné,0.011818181818181818,0.07428571428571429,0.0018181818181818182,0.008666666666666666,0.4847826086956521
HNR0053,ALEX,10 à 20,0,12.0,regionO,0,0,Non renseigné,0,Non renseigné,0,Animaux : cheval/rongeur,Non renseigné,0.01090909090909091,0.006571428571428572,0.002727272727272727,0.006000000000000001,0.006086956521739131
HNR0054,ALEX,20 à 40,1,1.0,regionO,0,1,Non renseigné,0,Non renseigné,0,Animaux : cheval/rongeur,Non renseigné,2.403636363636364,0.06542857142857143,0.08363636363636363,0.018666666666666668,3.2769565217391308
HNR0055,ALEX,10 à 20,1,1.0,regionO,0,1,Non renseigné,0,Non renseigné,0,Animaux : cheval/rongeur,Non renseigné,0.0009090909090909091,0.025142857142857144,0.014545454545454545,0.01,0.01826086956521739
HNR0056,ALEX,10 à 20,1,1.0,regionO,0,1,Non renseigné,0,Non renseigné,0,Animaux : cheval/rongeur,Non renseigné,1.3754545454545455,0.24571428571428575,21.098181818181818,0.002,0.07739130434782608
HNR0057,ALEX,0 à 10,1,1.0,regionO,0,1,Non renseigné,0,Non renseigné,0,Animaux : cheval/rongeur,Non renseigné,0.042727272727272725,5.966285714285714,0.004545454545454546,0.02,2.329565217391304
HNR0058,ALEX,60 à Plus,0,1.0,regionO,0,1,Non renseigné,0,Non renseigné,0,Animaux : cheval/rongeur,Non renseigné,0.0018181818181818182,0.026571428571428572,0.006363636363636364,0.0026666666666666666,0.08478260869565217
HNR0059,ALEX,40 à 60,0,1.0,regionO,0,1,Non renseigné,0,Non renseigné,0,Animaux : cheval/rongeur,Non renseigné,0.06090909090909091,0.015142857142857144,0.0027272727272727275,0.015333333333333334,0.025652173913043478
HNR0060,ALEX,40 à 60,0,1.0,regionO,0,1,Non renseigné,0,Non renseigné,0,Animaux : cheval/rongeur,Non renseigné,0.02909090909090909,0.05114285714285714,0.015454545454545455,0.018666666666666668,0.05695652173913044
HNR0061,ALEX,10 à 20,1,3.0,regionO,0,1,Non renseigné,0,Non renseigné,0,Animaux : cheval/rongeur,Non renseigné,11.007272727272728,0.8291428571428572,2.4627272727272724,0.03333333333333333,3.143478260869565
HNR0062,ALEX,10 à 20,1,3.0,regionI,0,0,Aucun,0,2 - 3 ans,1,Aucun,Non renseigné,0.009090909090909092,0.008,0.0,0.010666666666666666,0.0034782608695652175
HNR0063,ALEX,0 à 10,1,3.0,regionO,0,1,Non renseigné,0,Non renseigné,0,Animaux : cheval/rongeur,Non renseigné,7.59909090909091,0.08771428571428572,0.01,0.214,0.43869565217391304
HNR0064,ALEX,40 à 60,0,4.0,regionO,0,1,Non renseigné,0,Non renseigné,0,Animaux : cheval/rongeur,Non renseigné,0.7736363636363636,0.12142857142857143,0.038181818181818185,0.0013333333333333333,0.13260869565217392
HNR0065,ALEX,0 à 10,1,4.0,regionO,0,1,Non renseigné,0,Non renseigné,0,Animaux : cheval/rongeur,Non renseigné,7.888181818181818,0.014857142857142857,0.007272727272727273,0.006,1.8465217391304347
HNR0066,ALEX,10 à 20,1,4.0,regionO,0,1,Non renseigné,0,Non renseigné,0,Animaux : cheval/rongeur,Non renseigné,0.9854545454545455,1.104857142857143,8.406363636363636,0.08066666666666668,1.1500000000000001
HNR0067,ALEX,20 à 40,1,4.0,regionO,0,1,Non renseigné,0,Non renseigné,0,Animaux : cheval/rongeur,Non renseigné,0.0036363636363636364,5.672285714285715,1.7863636363636362,0.04800000000000001,6.761304347826086
HNR0068,ALEX,20 à 40,0,4.0,regionO,0,1,Non renseigné,0,Non renseigné,0,Animaux : cheval/rongeur,Non renseigné,0.002727272727272727,0.003142857142857143,0.00818181818181818,0.0033333333333333335,0.0
HNR0069,ALEX,20 à 40,0,4.0,regionO,0,0,Non renseigné,0,Non renseigné,0,Animaux : cheval/rongeur,Non renseigné,0.0,0.002857142857142857,0.0,0.0,0.005652173913043478
HNR0070,ALEX,0 à 10,1,2.0,regionO,0,1,Non renseigné,0,Non renseigné,0,Animaux : cheval/rongeur,Non renseigné,0.01636363636363636,0.32685714285714285,0.05181818181818181,0.02,0.0017391304347826088
HNR0071,ALEX,0 à 10,1,3.0,regionO,0,1,Non renseigné,0,Non renseigné,0,Animaux : cheval/rongeur,Non renseigné,0.0,1.2794285714285714,0.007272727272727273,0.0013333333333333333,3.032173913043478
HNR0072,ALEX,20 à 40,0,3.0,regionO,0,1,Non renseigné,0,Non renseigné,0,Animaux : cheval/rongeur,Non renseigné,0.0,0.0017142857142857144,0.0,0.39599999999999996,0.0030434782608695656
HNR0073,ALEX,0 à 10,1,3.0,regionO,0,1,Non renseigné,0,Non renseigné,0,Animaux : cheval/rongeur,Non renseigné,0.0,0.02857142857142857,0.30727272727272725,0.206,1.4386956521739132
HNR0074,ALEX,60 à Plus,0,3.0,regionO,0,1,Non renseigné,0,Non renseigné,0,Animaux : cheval/rongeur,Non renseigné,0.023636363636363636,3.598,1.481818181818182,1.95,0.8160869565217391
HNR0075,ALEX,20 à 40,1,3.0,regionO,0,1,Non renseigné,0,Non renseigné,0,Animaux : cheval/rongeur,Non renseigné,0.62,0.03914285714285714,0.0,0.005333333333333333,0.16869565217391305
HNR0076,ALEX,20 à 40,1,3.0,regionO,0,1,Non renseigné,0,Non renseigné,0,Animaux : cheval/rongeur,Non renseigné,5.473636363636364,1.4037142857142857,0.013636363636363636,0.13,2.8382608695652176
HNR0077,ALEX,40 à 60,0,3.0,regionO,0,1,Non renseigné,0,Non renseigné,0,Animaux : cheval/rongeur,Non renseigné,0.01636363636363636,0.12542857142857142,0.4454545454545455,0.044,1.0247826086956522
HNR0078,ALEX,20 à 40,1,1.0,regionO,0,1,Non renseigné,0,Non renseigné,0,Animaux : cheval/rongeur,Non renseigné,0.009090909090909092,0.03428571428571429,0.002727272727272727,0.006666666666666667,2.2152173913043476
HNR0079,ALEX,20 à 40,0,1.0,regionO,0,0,Non renseigné,0,Non renseigné,0,Animaux : cheval/rongeur,Non renseigné,0.0036363636363636364,0.004285714285714286,0.007272727272727273,0.012666666666666666,0.006086956521739131
HNR0080,ALEX,0 à 10,1,2.0,regionO,0,1,Non renseigné,0,Non renseigné,0,Animaux : cheval/rongeur,Non renseigné,0.014545454545454545,6.686285714285715,0.011818181818181818,2.490666666666667,0.09043478260869565
HNR0081,ALEX,20 à 40,0,2.0,regionO,0,1,Non renseigné,0,Non renseigné,0,Animaux : cheval/rongeur,Non renseigné,0.03818181818181818,7.457714285714285,0.060909090909090906,2.666,0.1265217391304348
HNR0082,ALEX,0 à 10,1,1.0,regionO,0,1,Non renseigné,0,Non renseigné,0,Animaux : cheval/rongeur,Non renseigné,0.0,0.17828571428571427,0.8081818181818182,0.002,0.007826086956521738
HNR0083,ALEX,10 à 20,0,2.0,regionO,0,1,Non renseigné,0,Non renseigné,0,Animaux : cheval/rongeur,Non renseigné,0.010000000000000002,0.03085714285714286,0.026363636363636367,0.006,0.025652173913043478
HNR0084,ALEX,20 à 40,0,2.0,regionO,0,1,Non renseigné,0,Non renseigné,0,Animaux : cheval/rongeur,Non renseigné,1.4227272727272728,0.8442857142857143,2.941818181818182,0.596,1.5608695652173912
HNR0085,ALEX,20 à 40,1,2.0,regionO,0,1,Non renseigné,0,Non renseigné,0,Animaux : cheval/rongeur,Non renseigné,0.019090909090909092,0.40285714285714286,0.021818181818181816,0.008666666666666666,0.781304347826087
HNR0086,ALEX,10 à 20,1,2.0,regionO,0,1,Non renseigné,0,Non renseigné,0,Animaux : cheval/rongeur,Non renseigné,2.7736363636363635,0.782,0.32,0.007333333333333334,0.6008695652173913
HNR0087,ALEX,20 à 40,1,2.0,regionO,0,1,Non renseigné,0,Non renseigné,0,Animaux : cheval/rongeur,Non renseigné,0.004545454545454546,0.07514285714285714,0.0,1.1973333333333334,0.01956521739130435
HNR0088,ALEX,60 à Plus,0,2.0,regionO,0,0,Non renseigné,0,Non renseigné,0,Animaux : cheval/rongeur,Non renseigné,0.0,0.0051428571428571435,0.0036363636363636364,0.004,0.0004347826086956522
HNR0089,ALEX,0 à 10,0,2.0,regionO,0,0,Non renseigné,0,Non renseigné,0,Animaux : cheval/rongeur,Non renseigné,0.0,0.0034285714285714284,0.0009090909090909091,0.005333333333333333,0.0
HNR0090,ALEX,10 à 20,0,2.0,regionO,0,1,Non renseigné,0,Non renseigné,0,Animaux : cheval/rongeur,Non renseigné,0.002727272727272727,0.0054285714285714284,0.13,0.88,1.3447826086956522
HNR0091,ALEX,60 à Plus,0,2.0,regionO,0,1,Non renseigné,0,Non renseigné,0,Animaux : cheval/rongeur,Non renseigné,0.17363636363636364,0.004285714285714286,0.0018181818181818182,0.0013333333333333333,0.0
HNR0092,ALEX,20 à 40,0,2.0,regionO,0,0,Non renseigné,0,Non renseigné,0,Animaux : cheval/rongeur,Non renseigné,0.014545454545454545,0.006857142857142857,0.0009090909090909091,0.015333333333333334,0.009130434782608696
HNR0093,ALEX,20 à 40,1,2.0,regionO,0,1,Non renseigné,0,Non renseigné,0,Animaux : cheval/rongeur,Non renseigné,14.243636363636364,1.0174285714285713,0.007272727272727273,0.025333333333333333,1.7995652173913044
HNR0094,ALEX,10 à 20,1,2.0,regionO,0,1,Non renseigné,0,Non renseigné,0,Animaux : cheval/rongeur,Non renseigné,0.16454545454545455,0.27085714285714285,0.0009090909090909091,0.094,3.281739130434783
HNR0095,ALEX,40 à 60,0,2.0,regionO,0,1,Non renseigné,0,Non renseigné,0,Animaux : cheval/rongeur,Non renseigné,4.496363636363636,0.0074285714285714285,0.03272727272727272,0.009333333333333334,0.006956521739130435
HNR0096,ALEX,10 à 20,0,2.0,regionO,0,1,Non renseigné,0,Non renseigné,0,Animaux : cheval/rongeur,Non renseigné,0.45454545454545453,0.0037142857142857142,0.0,0.012666666666666666,0.004347826086956522
HNR0097,ALEX,20 à 40,1,5.0,regionO,0,0,Non renseigné,0,Non renseigné,0,Animaux : cheval/rongeur,Non renseigné,0.01,0.022000000000000002,0.0,0.020666666666666667,0.013043478260869565
HNR0098,ALEX,10 à 20,1,5.0,regionI,0,1,Non renseigné,0,10 - 20 ans,1,Aucun,Pas de traitement,8.902727272727272,0.8562857142857142,2.2845454545454547,1.6413333333333333,3.9404347826086954
HNR0099,ALEX,10 à 20,1,5.0,regionO,0,1,Non renseigné,0,Non renseigné,0,Animaux : cheval/rongeur,Non renseigné,4.991818181818181,2.9054285714285712,0.6809090909090909,0.0033333333333333335,5.825217391304348
HNR0100,ALEX,40 à 60,0,5.0,regionO,0,1,Non renseigné,0,Non renseigné,0,Animaux : cheval/rongeur,Non renseigné,0.01,0.13914285714285715,0.0018181818181818182,0.0,0.6869565217391305
HNR0101,ALEX,20 à 40,0,5.0,regionO,0,1,Non renseigné,0,Non renseigné,0,Animaux : cheval/rongeur,Non renseigné,1.1618181818181819,0.0054285714285714284,0.061818181818181814,0.0,0.22391304347826088
HNR0102,ALEX,0 à 10,1,6.0,regionO,0,0,Non renseigné,0,Non renseigné,0,Animaux : cheval/rongeur,Non renseigné,0.0,0.0034285714285714284,0.0,0.0,0.006086956521739131
HNR0103,ALEX,10 à 20,1,6.0,regionO,0,1,Non renseigné,0,Non renseigné,0,Animaux : cheval/rongeur,Non renseigné,0.023636363636363636,0.011142857142857144,0.0009090909090909091,0.002,0.011304347826086957
HNR0104,ALEX,0 à 10,1,6.0,regionO,0,1,Non renseigné,0,Non renseigné,0,Animaux : cheval/rongeur,Non renseigné,0.011818181818181818,0.027428571428571427,0.17363636363636364,0.0013333333333333333,0.006956521739130435
HNR0105,ALEX,40 à 60,0,6.0,regionO,0,0,Non renseigné,0,Non renseigné,0,Animaux : cheval/rongeur,Non renseigné,0.0,0.0051428571428571435,0.0,0.002,0.012608695652173915
HNR0106,ALEX,10 à 20,1,4.0,regionO,0,1,Non renseigné,0,Non renseigné,0,Animaux : cheval/rongeur,Non renseigné,0.9800000000000001,2.471714285714286,3.071818181818182,0.08333333333333333,5.9913043478260875
HNR0107,ALEX,60 à Plus,0,4.0,regionO,0,1,Non renseigné,0,Non renseigné,0,Animaux : cheval/rongeur,Non renseigné,0.94,2.4562857142857144,3.128181818181818,0.08666666666666667,7.515217391304349
HNR0108,ALEX,0 à 10,0,5.0,regionO,0,1,Non renseigné,0,Non renseigné,0,Animaux : cheval/rongeur,Non renseigné,0.009090909090909092,0.016571428571428574,0.3818181818181818,0.009333333333333334,0.09347826086956522
HNR0109,ALEX,20 à 40,0,5.0,regionO,0,1,Non renseigné,0,Non renseigné,0,Animaux : cheval/rongeur,Non renseigné,0.00818181818181818,0.018571428571428572,0.0,0.056666666666666664,0.021739130434782608
HNR0110,ALEX,10 à 20,1,5.0,regionO,0,1,Non renseigné,0,Non renseigné,0,Animaux : cheval/rongeur,Non renseigné,8.27909090909091,0.2377142857142857,0.519090909090909,0.022,1.3717391304347826
HNR0111,ALEX,40 à 60,0,5.0,regionO,0,1,Non renseigné,0,Non renseigné,0,Animaux : cheval/rongeur,Non renseigné,5.154545454545455,0.012857142857142857,0.0,0.008666666666666666,0.007826086956521738
HNR0112,ALEX,20 à 40,0,5.0,regionO,0,1,Non renseigné,0,Non renseigné,0,Animaux : cheval/rongeur,Non renseigné,0.005454545454545455,0.5708571428571428,0.024545454545454547,1.4446666666666668,2.0278260869565217
HNR0113,ALEX,10 à 20,0,5.0,regionO,0,1,Non renseigné,0,Non renseigné,0,Animaux : cheval/rongeur,Non renseigné,0.009090909090909092,0.032285714285714286,0.0,0.022000000000000002,0.01391304347826087
HNR0114,ALEX,0 à 10,0,10.0,regionI,1,1,Aucun,1,2 - 3 ans,0,Aucun,Pas de traitement,0.0,0.25057142857142856,11.945454545454545,0.04666666666666666,1.7600000000000002
HNR0115,ALEX,20 à 40,0,9.0,regionO,0,1,Non renseigné,0,Non renseigné,0,Animaux : cheval/rongeur,Non renseigné,0.0,0.017714285714285714,0.0036363636363636364,0.05333333333333334,0.17478260869565218
HNR0116,ALEX,60 à Plus,0,9.0,regionO,0,1,Non renseigné,0,Non renseigné,0,Animaux : cheval/rongeur,Non renseigné,0.0009090909090909091,0.012857142857142857,0.0,0.006666666666666667,0.018695652173913047
HNR0117,ALEX,10 à 20,0,9.0,regionI,0,1,Non renseigné,1,Non renseigné,0,Aucun,Pas de traitement,12.229090909090907,0.102,0.35363636363636364,0.0006666666666666666,1.1
HNR0118,ALEX,0 à 10,1,9.0,regionI,1,1,Aucun,1,Aucun,0,Aucun,Non renseigné,0.0,0.010571428571428574,0.0,0.0,0.013478260869565217
HNR0119,ALEX,10 à 20,1,9.0,regionI,0,1,Aucun,1,10 - 20 ans,0,Aucun,Pas de traitement,16.711818181818185,0.31485714285714284,0.12727272727272726,0.0026666666666666666,2.3204347826086957
HNR0120,ALEX,40 à 60,0,11.0,regionI,0,1,Non renseigné,0,Aucun,0,Aucun,Pas de traitement,4.822727272727273,0.014285714285714285,0.05272727272727273,0.007333333333333333,0.6669565217391304
HNR0121,ALEX,10 à 20,1,11.0,regionI,0,1,Non renseigné,1,0 - 2 ans,1,Aucun,Pas de traitement,0.0,5.752,0.0,0.0026666666666666666,0.01391304347826087
HNR0122,ALEX,20 à 40,0,11.0,regionI,0,0,Aucun,0,20 ans et plus,0,Aucun,Pas de traitement,0.0,0.0,0.0,0.0,0.002608695652173913
HNR0123,ALEX,40 à 60,0,11.0,regionO,0,1,Non renseigné,0,Non renseigné,0,Animaux : cheval/rongeur,Non renseigné,0.0,0.0008571428571428571,0.0,0.0,0.0030434782608695656
HNR0124,ALEX,0 à 10,0,11.0,regionI,0,1,Non renseigné,1,0 - 2 ans,0,Animaux : chat/chien,Pas de traitement,0.0,0.003142857142857143,0.0,0.0,0.016956521739130436
HNR0125,ALEX,0 à 10,1,11.0,regionI,0,1,Aucun,0,0 - 2 ans,0,Aucun,Pas de traitement,0.0,0.008571428571428572,2.1209090909090906,0.0033333333333333335,0.10652173913043479
HNR0126,ALEX,20 à 40,1,12.0,regionI,0,1,Anti-H1 voie générale,1,3 - 10 ans,0,Aucun,Pas de traitement,0.0,0.021142857142857144,0.007272727272727273,0.0,3.840434782608696
HNR0127,ALEX,20 à 40,0,12.0,regionO,0,1,Non renseigné,0,Non renseigné,0,Animaux : cheval/rongeur,Non renseigné,0.0009090909090909091,0.0019999999999999996,0.0,0.004,0.22130434782608696
HNR0128,ALEX,40 à 60,0,12.0,regionI,1,1,Anti-H1 voie générale,0,20 ans et plus,0,Aucun,Pas de traitement,0.0,0.021714285714285714,0.0,0.01,0.009565217391304347
HNR0129,ALEX,20 à 40,0,12.0,regionO,0,1,Non renseigné,0,Non renseigné,0,Animaux : cheval/rongeur,Non renseigné,0.0027272727272727275,0.011142857142857144,0.56,0.0,3.5982608695652174
HNR0130,ALEX,0 à 10,1,9.0,regionI,0,1,Non renseigné,1,Non renseigné,1,Aucun,Non renseigné,0.0,3.1051428571428574,2.8027272727272727,0.0026666666666666666,0.09608695652173913
HNR0131,ALEX,10 à 20,1,9.0,regionI,0,0,Aucun,1,Non renseigné,1,Aucun,Non renseigné,0.0018181818181818182,0.009714285714285713,0.0,0.0,0.024782608695652172
HNR0132,ALEX,0 à 10,1,9.0,regionI,1,1,Non renseigné,0,Non renseigné,1,Aucun,Pas de traitement,0.0,6.631142857142858,0.8736363636363635,0.098,2.856521739130435
HNR0133,ALEX,20 à 40,1,10.0,regionO,0,1,Non renseigné,0,Non renseigné,0,Animaux : cheval/rongeur,Non renseigné,0.18545454545454543,0.0037142857142857142,0.002727272727272727,0.009333333333333334,0.012608695652173915
HNR0134,ALEX,0 à 10,1,10.0,regionI,0,0,Aucun,0,Aucun,0,Aucun,Pas de traitement,0.0,0.0017142857142857142,0.0,0.012,0.010434782608695653
HNR0135,ALEX,0 à 10,0,10.0,regionI,0,1,Aucun,0,Aucun,0,Aucun,Pas de traitement,16.814545454545456,0.006285714285714286,0.0036363636363636364,0.1686666666666667,0.030869565217391304
HNR0136,ALEX,0 à 10,0,10.0,regionO,0,1,Non renseigné,0,Non renseigné,0,Animaux : cheval/rongeur,Non renseigné,0.0018181818181818182,0.01942857142857143,0.01,0.0,0.45869565217391306
HNR0137,ALEX,20 à 40,0,10.0,regionO,0,0,Non renseigné,0,Non renseigné,0,Animaux : cheval/rongeur,Non renseigné,0.0,0.016285714285714285,0.0,0.007333333333333333,0.02826086956521739
HNR0138,ALEX,20 à 40,0,10.0,regionO,0,1,Non renseigné,0,Non renseigné,0,Animaux : cheval/rongeur,Non renseigné,0.024545454545454547,0.007714285714285715,0.0,0.002,0.18
HNR0139,ALEX,20 à 40,0,10.0,regionO,0,1,Non renseigné,0,Non renseigné,0,Animaux : cheval/rongeur,Non renseigné,2.2845454545454547,1.1317142857142857,0.5018181818181818,0.0,0.8134782608695652
HNR0140,ALEX,0 à 10,1,11.0,regionI,1,1,Aucun,0,3 - 10 ans,1,Aucun,Pas de traitement,0.011818181818181818,0.032285714285714286,0.9445454545454546,0.01,0.6521739130434783
HNR0141,ALEX,10 à 20,1,10.0,regionI,1,1,Non renseigné,0,10 - 20 ans,1,Aucun,Non renseigné,2.8709090909090906,0.08942857142857143,2.307272727272727,0.006,0.9060869565217391
HNR0142,ALEX,40 à 60,1,11.0,regionI,0,1,Aucun,0,20 ans et plus,1,Aucun,Pas de traitement,0.5227272727272727,0.3425714285714286,0.22727272727272727,0.35666666666666663,0.29043478260869565
HNR0143,ALEX,20 à 40,0,6.0,regionO,0,1,Non renseigné,0,Non renseigné,0,Animaux : cheval/rongeur,Non renseigné,10.704545454545455,0.07428571428571429,0.0036363636363636364,0.008,0.03304347826086956
HNR0144,ALEX,10 à 20,0,7.0,regionI,1,1,"Anti-H1, voie locale",1,3 - 10 ans,1,Aucun,Non renseigné,4.904545454545454,3.6477142857142857,11.495454545454544,0.378,10.722173913043479
HNR0145,ALEX,10 à 20,1,7.0,regionI,1,1,Non renseigné,0,3 - 10 ans,1,Aucun,Pas de traitement,0.007272727272727273,1.2425714285714284,0.5181818181818181,1.4673333333333332,3.5478260869565217
HNR0146,ALEX,20 à 40,0,7.0,regionO,0,1,"Anti-H1, voie locale",1,Non renseigné,0,Aucun,Pas de traitement,0.01,3.39,0.07090909090909091,0.5013333333333333,6.362173913043478
HNR0147,ALEX,20 à 40,0,7.0,regionO,0,1,Non renseigné,0,Non renseigné,0,Animaux : cheval/rongeur,Non renseigné,11.266363636363636,2.4097142857142857,0.7918181818181819,3.362666666666667,0.08695652173913043
HNR0148,ALEX,0 à 10,1,7.0,regionI,1,1,Aucun,0,Non renseigné,1,Aucun,Pas de traitement,0.015454545454545455,0.16685714285714284,2.9627272727272724,0.021333333333333333,2.162608695652174
HNR0149,ALEX,20 à 40,0,7.0,regionO,0,1,Non renseigné,0,Non renseigné,0,Animaux : cheval/rongeur,Non renseigné,10.844545454545456,2.309142857142857,0.7327272727272726,3.2186666666666666,0.044782608695652176
HNR0150,ALEX,10 à 20,0,7.0,regionO,0,1,Non renseigné,0,Non renseigné,0,Animaux : cheval/rongeur,Non renseigné,0.0,0.7011428571428571,0.0,0.0013333333333333333,0.024347826086956525
HNR0151,ALEX,40 à 60,0,7.0,regionO,0,1,Non renseigné,0,Non renseigné,0,Animaux : cheval/rongeur,Non renseigné,1.1081818181818182,0.03142857142857143,0.002727272727272727,0.010666666666666666,1.584782608695652
HNR0152,ALEX,40 à 60,0,9.0,regionO,0,1,Non renseigné,0,Non renseigné,0,Animaux : cheval/rongeur,Non renseigné,0.025454545454545455,0.01742857142857143,0.0,0.016,0.01
HNR0153,ALEX,20 à 40,1,6.0,regionO,0,1,Non renseigné,0,Non renseigné,0,Animaux : cheval/rongeur,Non renseigné,0.0,0.009142857142857144,0.0,0.0006666666666666666,1.076086956521739
HNR0154,ALEX,0 à 10,0,6.0,regionO,0,1,Non renseigné,0,Non renseigné,0,Animaux : cheval/rongeur,Non renseigné,7.659090909090909,0.048857142857142856,4.8136363636363635,0.0033333333333333335,0.6430434782608695
HNR0155,ALEX,0 à 10,1,8.0,regionI,0,1,Non renseigné,0,Non renseigné,0,Aucun,Pas de traitement,0.0009090909090909091,2.3154285714285714,0.0,0.018666666666666668,0.011304347826086957
HNR0156,ALEX,0 à 10,0,8.0,regionI,0,1,Non renseigné,0,0 - 2 ans,1,Animaux : cheval/rongeur,Non renseigné,0.006363636363636364,0.5442857142857142,0.09272727272727273,0.012666666666666666,0.018695652173913047
HNR0157,ALEX,40 à 60,0,8.0,regionO,0,1,Non renseigné,0,Non renseigné,0,Animaux : cheval/rongeur,Non renseigné,0.0,0.016571428571428574,0.0,0.007333333333333333,0.020869565217391306
HNR0158,ALEX,0 à 10,1,8.0,regionI,0,0,Aucun,0,Non renseigné,0,Aucun,Pas de traitement,0.002727272727272727,0.012857142857142857,0.0,0.004666666666666667,0.015217391304347825
HNR0159,ALEX,40 à 60,0,7.0,regionO,0,1,Non renseigné,0,Non renseigné,0,Animaux : cheval/rongeur,Non renseigné,1.260909090909091,0.042,0.004545454545454546,0.014666666666666666,0.06652173913043478
HNR0160,ALEX,10 à 20,1,7.0,regionO,0,1,Non renseigné,0,Non renseigné,0,Animaux : cheval/rongeur,Non renseigné,0.19272727272727275,1.841142857142857,2.982727272727273,2.7826666666666666,9.118695652173914
HNR0161,ALEX,10 à 20,0,6.0,regionI,0,1,Aucun,0,10 - 20 ans,1,Aucun,Pas de traitement,3.0509090909090903,0.06085714285714285,0.21818181818181817,0.21733333333333335,1.48
HNR0162,ALEX,40 à 60,0,6.0,regionO,0,1,Non renseigné,0,Non renseigné,0,Animaux : cheval/rongeur,Non renseigné,0.022727272727272728,6.008571428571428,0.0,0.021333333333333333,1.4591304347826088
HNR0163,ALEX,20 à 40,0,6.0,regionO,0,1,Non renseigné,0,Non renseigné,0,Animaux : cheval/rongeur,Non renseigné,0.0009090909090909091,0.015714285714285715,0.002727272727272727,0.0013333333333333333,0.018695652173913047
HNR0164,ALEX,0 à 10,1,6.0,regionL,0,1,Non renseigné,0,0 - 2 ans,1,Aucun,Pas de traitement,0.017272727272727273,0.6508571428571429,0.06272727272727273,0.5926666666666667,7.29695652173913
HNR0165,ALEX,10 à 20,0,5.0,regionO,0,1,Non renseigné,0,Non renseigné,0,Animaux : cheval/rongeur,Non renseigné,0.0,0.6368571428571428,0.03909090909090909,0.8086666666666668,5.304782608695652
HNR0166,ALEX,60 à Plus,0,6.0,regionO,0,1,Non renseigné,0,Non renseigné,0,Animaux : cheval/rongeur,Non renseigné,0.005454545454545454,0.5094285714285715,2.377272727272727,0.05466666666666666,8.245217391304347
HNR0167,ALEX,0 à 10,1,6.0,regionI,0,1,Aucun,1,0 - 2 ans,1,Aucun,Pas de traitement,0.0,0.012857142857142857,0.0,0.0013333333333333333,0.021304347826086957
HNR0168,ALEX,10 à 20,0,2.0,regionO,0,0,Non renseigné,0,Non renseigné,0,Animaux : cheval/rongeur,Non renseigné,0.0,0.0,0.0,0.0,0.0
HNR0169,ALEX,20 à 40,0,2.0,regionI,0,0,Aucun,0,Non renseigné,1,Aucun,Pas de traitement,0.0,0.0,0.0,0.0,0.0
HNR0170,ALEX,10 à 20,1,2.0,regionO,0,0,Aucun,1,Aucun,0,Aucun,Pas de traitement,0.0,0.0,0.0,0.0,0.0
HNR0171,ALEX,20 à 40,0,2.0,regionO,0,1,Non renseigné,0,Non renseigné,0,Animaux : cheval/rongeur,Non renseigné,0.23,0.0,0.0,0.0,0.53
HNR0172,ALEX,40 à 60,0,2.0,regionI,0,0,Non renseigné,0,20 ans et plus,1,Aucun,Non renseigné,0.0036363636363636364,0.0025714285714285713,0.0,0.0,0.0
HNR0173,ALEX,0 à 10,1,2.0,regionI,1,0,Non renseigné,0,2 - 3 ans,0,Aucun,Non renseigné,0.0,0.0,0.0,0.0,0.0
HNR0174,ALEX,40 à 60,0,3.0,regionI,0,1,Anti-H1 voie générale,1,Non renseigné,1,Aucun,Pas de traitement,1.31,0.008285714285714287,0.1409090909090909,0.0,1.4269565217391307
HNR0175,ALEX,20 à 40,0,3.0,regionO,0,0,Non renseigné,0,Non renseigné,0,Animaux : cheval/rongeur,Non renseigné,0.002727272727272727,0.0005714285714285715,0.0,0.0,0.0034782608695652175
HNR0176,ALEX,10 à 20,1,3.0,regionI,1,1,Aucun,0,10 - 20 ans,0,Aucun,Pas de traitement,0.0,1.1162857142857143,2.8063636363636366,0.0,1.7808695652173914
HNR0177,ALEX,10 à 20,1,4.0,regionI,0,1,Non renseigné,1,Non renseigné,1,Aucun,Pas de traitement,0.0,0.04742857142857143,0.0,0.0,0.06521739130434782
HNR0178,ALEX,20 à 40,0,4.0,regionO,0,0,Non renseigné,0,Non renseigné,0,Animaux : cheval/rongeur,Non renseigné,0.0,0.006285714285714286,0.0,0.0,0.0
HNR0179,ALEX,40 à 60,0,4.0,regionI,0,1,Aucun,0,20 ans et plus,1,Aucun,Pas de traitement,1.949090909090909,0.5514285714285715,0.33,0.004,2.2273913043478264
HNR0180,ALEX,20 à 40,1,4.0,regionI,0,1,Anti-H1 voie générale,1,20 ans et plus,0,Aucun,Pas de traitement,2.6454545454545455,1.1665714285714286,0.8327272727272728,0.0,1.8904347826086956
HNR0181,ALEX,10 à 20,0,5.0,regionI,0,1,Aucun,1,3 - 10 ans,1,Aucun,Pas de traitement,5.59,0.018,0.0009090909090909091,0.0,1.713913043478261
HNR0182,ALEX,60 à Plus,1,5.0,regionI,0,1,Aucun,0,20 ans et plus,0,Autres,Pas de traitement,0.0,0.096,0.17727272727272728,0.8079999999999999,0.8152173913043478
HNR0183,ALEX,60 à Plus,1,5.0,regionI,0,1,Aucun,0,20 ans et plus,1,Autres,Pas de traitement,0.0,0.03257142857142858,0.0,0.0,0.013478260869565217
HNR0184,ALEX,10 à 20,1,5.0,regionI,0,1,Non renseigné,0,3 - 10 ans,1,Aucun,Pas de traitement,0.0036363636363636364,0.008857142857142859,0.27909090909090906,0.7146666666666667,0.4782608695652174
HNR0185,ALEX,20 à 40,0,5.0,regionO,0,1,Non renseigné,0,Non renseigné,0,Animaux : cheval/rongeur,Non renseigné,0.6309090909090909,0.0074285714285714285,0.5018181818181818,0.0,0.23565217391304347
HNR0186,ALEX,0 à 10,1,3.0,regionO,0,1,Non renseigné,0,Non renseigné,0,Animaux : cheval/rongeur,Non renseigné,0.00818181818181818,0.004857142857142858,0.004545454545454546,0.0,0.0030434782608695656
HNR0187,ALEX,40 à 60,0,3.0,regionO,0,0,Non renseigné,0,Non renseigné,0,Animaux : cheval/rongeur,Non renseigné,0.0,0.002857142857142857,0.0,0.0,0.0013043478260869564
HNR0188,ALEX,0 à 10,0,4.0,regionO,0,1,Non renseigné,0,Non renseigné,0,Animaux : cheval/rongeur,Non renseigné,0.02090909090909091,0.027142857142857142,0.03727272727272727,0.0,0.010434782608695651
HNR0189,ALEX,20 à 40,1,4.0,regionO,0,0,Non renseigné,0,Non renseigné,0,Animaux : cheval/rongeur,Non renseigné,0.014545454545454545,0.010285714285714287,0.0,0.0,0.009130434782608695
HNR0190,ALEX,20 à 40,0,4.0,regionI,0,1,Anti-H1 voie générale,0,20 ans et plus,1,Animaux : cheval/rongeur,Pas de traitement,8.398181818181818,1.712,15.15,1.288,2.9730434782608692
HNR0191,ALEX,20 à 40,0,4.0,regionO,0,1,Non renseigné,0,Non renseigné,0,Animaux : cheval/rongeur,Non renseigné,0.0,0.26571428571428574,0.0,0.0,1.4021739130434783
HNR0192,ALEX,20 à 40,0,4.0,regionO,0,1,Non renseigné,0,Non renseigné,0,Animaux : cheval/rongeur,Non renseigné,1.4409090909090911,0.21485714285714286,0.09727272727272727,0.006,0.1973913043478261
HNR0193,ALEX,20 à 40,1,4.0,regionI,0,1,Anti-H1 voie générale,1,10 - 20 ans,0,Animaux : chat/chien,Autres,0.03272727272727272,0.006857142857142857,0.2990909090909091,0.0026666666666666666,0.010434782608695653
HNR0194,ALEX,20 à 40,1,7.0,regionI,1,1,Anti-H1 voie générale,0,20 ans et plus,1,Effort/Activité sportive,Pas de traitement,0.0409090909090909,0.532,0.7109090909090909,0.0,0.2491304347826087
HNR0195,ALEX,60 à Plus,0,7.0,regionI,1,1,Aucun,0,20 ans et plus,1,Aucun,Pas de traitement,0.05,0.05971428571428571,0.03272727272727272,0.012666666666666666,0.03173913043478261
HNR0196,ALEX,0 à 10,0,7.0,regionI,0,1,Aucun,0,0 - 2 ans,1,Aucun,Dermocorticoïdes,2.3636363636363638,0.24285714285714285,2.5890909090909093,0.01,0.018260869565217393
HNR0197,ALEX,0 à 10,0,7.0,regionO,0,1,Non renseigné,0,Non renseigné,0,Animaux : cheval/rongeur,Non renseigné,0.0,0.2442857142857143,1.7872727272727273,0.02,0.0013043478260869564
HNR0198,ALEX,0 à 10,1,6.0,regionO,0,1,Non renseigné,0,Non renseigné,0,Animaux : cheval/rongeur,Non renseigné,0.0,0.02457142857142857,0.0,0.0,0.015652173913043476
HNR0199,ALEX,60 à Plus,1,6.0,regionI,0,1,Aucun,0,20 ans et plus,1,Autres,Pas de traitement,0.0009090909090909091,1.3405714285714285,0.519090909090909,0.0,3.576521739130435
HNR0200,ALEX,0 à 10,1,6.0,regionI,0,1,Non renseigné,0,3 - 10 ans,1,Aucun,Pas de traitement,0.0,0.04657142857142857,0.0,0.0,0.017391304347826087
HNR0201,ALEX,40 à 60,0,5.0,regionO,0,1,Non renseigné,0,Non renseigné,0,Animaux : cheval/rongeur,Non renseigné,9.893636363636363,5.222,5.446363636363636,0.7586666666666667,4.340869565217392
HNR0202,ALEX,0 à 10,1,5.0,regionI,0,1,Aucun,0,2 - 3 ans,1,Aucun,Pas de traitement,0.004545454545454546,0.023714285714285716,0.013636363636363636,0.002,0.019130434782608695
HNR0203,ALEX,0 à 10,1,5.0,regionO,0,1,Non renseigné,0,Non renseigné,0,Animaux : cheval/rongeur,Non renseigné,0.014545454545454545,2.802285714285714,0.021818181818181816,0.0033333333333333335,2.0786956521739133
HNR0204,ALEX,10 à 20,0,5.0,regionI,0,1,Aucun,1,3 - 10 ans,1,Aucun,Pas de traitement,3.01,1.1705714285714284,0.4390909090909091,3.7373333333333334,4.39
HNR0205,ALEX,0 à 10,0,6.0,regionI,1,1,Aucun,0,0 - 2 ans,1,Aucun,Pas de traitement,0.01,0.012285714285714285,0.005454545454545455,0.006666666666666667,0.041304347826086954
HNR0206,ALEX,20 à 40,1,6.0,regionI,0,1,Aucun,0,Aucun,0,Aucun,Pas de traitement,7.770909090909091,4.739142857142857,7.087272727272728,0.152,11.114782608695652
HNR0207,ALEX,20 à 40,1,6.0,regionI,0,1,Anti-H1 voie générale,1,10 - 20 ans,1,Aucun,Dermocorticoïdes,0.002727272727272727,0.30542857142857144,1.6727272727272726,0.0,2.928695652173913
HNR0208,ALEX,20 à 40,1,6.0,regionI,0,1,Anti-H1 voie générale,0,3 - 10 ans,1,Aucun,Autres,0.0,0.009714285714285713,0.002727272727272727,0.0,0.005652173913043478
HNR0209,ALEX,20 à 40,0,3.0,regionO,0,0,Non renseigné,0,Non renseigné,0,Animaux : cheval/rongeur,Non renseigné,0.0,0.002285714285714286,0.0,0.0,0.0
HNR0210,ALEX,0 à 10,1,12.0,regionO,0,1,Non renseigné,0,Non renseigné,0,Animaux : cheval/rongeur,Non renseigné,0.0,0.024285714285714285,0.49,0.002,0.20608695652173914
HNR0211,ALEX,40 à 60,0,2.0,regionO,0,1,Non renseigné,0,Non renseigné,0,Animaux : cheval/rongeur,Non renseigné,0.049090909090909095,2.613142857142857,0.035454545454545454,0.4346666666666667,1.116086956521739
HNR0212,ALEX,20 à 40,1,1.0,regionI,0,1,Anti-H1 voie générale,1,10 - 20 ans,0,Aucun,Autres,0.006363636363636364,0.0008571428571428571,0.0036363636363636364,0.0,0.0017391304347826088
HNR0213,ALEX,40 à 60,0,2.0,regionO,0,1,Non renseigné,0,Non renseigné,0,Animaux : cheval/rongeur,Non renseigné,14.245454545454548,3.7522857142857147,25.345454545454547,3.134,6.019130434782609
HNR0214,ALEX,10 à 20,1,1.0,regionI,0,1,Aucun,0,3 - 10 ans,0,Aucun,Pas de traitement,0.002727272727272727,0.024285714285714285,0.0,0.37066666666666664,0.0
HNR0215,ALEX,40 à 60,0,12.0,regionI,0,1,Non renseigné,1,20 ans et plus,0,Aucun,Pas de traitement,11.41909090909091,1.6394285714285715,0.8163636363636364,0.0013333333333333333,1.127391304347826
HNR0216,ALEX,60 à Plus,0,12.0,regionO,0,1,Non renseigné,0,Non renseigné,0,Animaux : cheval/rongeur,Non renseigné,0.02727272727272727,2.041142857142857,0.0,0.4013333333333333,1.2091304347826086
HNR0217,ALEX,10 à 20,0,12.0,regionO,0,1,Non renseigné,0,Non renseigné,0,Animaux : cheval/rongeur,Non renseigné,0.004545454545454546,0.0017142857142857142,0.0,0.0,0.0
HNR0218,ALEX,10 à 20,1,9.0,regionI,1,1,Aucun,0,0 - 2 ans,1,Aucun,Pas de traitement,0.01636363636363636,0.1662857142857143,0.009090909090909092,0.0,0.01173913043478261
HNR0219,ALEX,10 à 20,0,9.0,regionI,1,0,Anti-H1 + CS,0,Aucun,0,Moisissures,Pas de traitement,0.024545454545454547,0.018285714285714287,0.014545454545454545,0.0,0.010434782608695651
HNR0220,ALEX,60 à Plus,0,8.0,regionI,0,0,Aucun,1,20 ans et plus,1,Autres,Pas de traitement,0.026363636363636367,0.006,0.0,0.0,0.0
HNR0221,ALEX,0 à 10,0,9.0,regionI,0,0,Aucun,1,Aucun,0,Aucun,Pas de traitement,0.042727272727272725,0.031142857142857146,0.01,0.010666666666666666,0.01391304347826087
HNR0222,ALEX,20 à 40,1,10.0,regionI,0,1,Non renseigné,0,20 ans et plus,1,Effort/Activité sportive,Pas de traitement,0.11545454545454546,0.7208571428571429,0.034545454545454546,0.014666666666666666,2.2700000000000005
HNR0223,ALEX,10 à 20,0,9.0,regionI,0,1,Non renseigné,0,3 - 10 ans,1,Animaux : cheval/rongeur,Non renseigné,0.10363636363636362,0.14285714285714285,0.035454545454545454,0.006666666666666667,0.022173913043478263
HNR0224,ALEX,20 à 40,1,10.0,regionO,0,1,Non renseigné,0,Non renseigné,0,Animaux : cheval/rongeur,Non renseigné,0.02090909090909091,0.012000000000000002,0.01,0.008666666666666666,0.012173913043478262
HNR0225,ALEX,10 à 20,0,9.0,regionI,0,1,Non renseigné,1,2 - 3 ans,0,Aucun,Pas de traitement,9.60909090909091,0.4042857142857143,0.4890909090909092,0.0,2.3195652173913044
HNR0226,ALEX,0 à 10,0,8.0,regionO,0,1,Non renseigné,0,Non renseigné,0,Animaux : cheval/rongeur,Non renseigné,0.07090909090909091,0.040857142857142856,0.031818181818181815,0.008666666666666666,0.03652173913043478
HNR0227,ALEX,0 à 10,1,8.0,regionI,0,1,Anti-H1 voie générale,1,0 - 2 ans,1,Aucun,Dermocorticoïdes,4.53909090909091,2.0117142857142856,0.12363636363636363,1.2033333333333331,12.164347826086955
HNR0228,ALEX,20 à 40,0,8.0,regionO,0,1,Non renseigné,0,Non renseigné,0,Animaux : cheval/rongeur,Non renseigné,0.017272727272727273,0.09057142857142857,0.0,0.0,1.0339130434782609
HNR0229,ALEX,20 à 40,0,8.0,regionO,0,1,Non renseigné,0,Non renseigné,0,Animaux : cheval/rongeur,Non renseigné,0.14454545454545456,0.9828571428571428,0.39,0.03666666666666667,5.509565217391304
HNR0230,ALEX,20 à 40,1,8.0,regionI,0,1,Aucun,0,10 - 20 ans,1,Animaux : chat/chien,Pas de traitement,5.7318181818181815,0.2531428571428571,0.7245454545454546,2.7993333333333337,3.502608695652174
HNR0231,ALEX,0 à 10,1,8.0,regionI,0,1,Aucun,0,0 - 2 ans,1,Aucun,Dermocorticoïdes,6.784545454545454,3.2154285714285717,0.04090909090909091,0.037333333333333336,0.0626086956521739
HNR0232,ALEX,10 à 20,1,8.0,regionI,0,1,Non renseigné,0,10 - 20 ans,1,Aucun,Dermocorticoïdes,0.05909090909090909,0.33314285714285713,0.06727272727272728,0.04133333333333333,6.271304347826088
HNR0233,ALEX,0 à 10,0,8.0,regionI,0,1,Anti-H1 voie générale,1,0 - 2 ans,1,Aucun,Pas de traitement,0.25363636363636366,7.748857142857142,4.280909090909091,0.016,0.09086956521739131
HNR0234,ALEX,10 à 20,0,1.0,regionI,1,0,Aucun,0,Aucun,0,Aucun,Pas de traitement,0.0,0.009714285714285713,0.0,0.0,0.005217391304347826
HNR0235,ALEX,0 à 10,1,1.0,regionL,1,1,Aucun,0,0 - 2 ans,1,Aucun,Pas de traitement,0.01,3.4817142857142858,0.0,0.015333333333333334,0.010869565217391304
HNR0236,ALEX,10 à 20,1,12.0,regionI,0,1,Non renseigné,0,0 - 2 ans,1,Effort/Activité sportive,Non renseigné,8.506363636363636,0.048,0.6645454545454546,0.14533333333333331,1.1721739130434783
HNR0237,ALEX,20 à 40,1,12.0,regionI,0,1,Non renseigné,0,3 - 10 ans,1,Aucun,Non renseigné,0.5572727272727271,0.16142857142857145,0.03636363636363637,0.7793333333333333,0.9191304347826087
HNR0238,ALEX,20 à 40,0,12.0,regionL,1,1,Non renseigné,0,0 - 2 ans,1,Aucun,Pas de traitement,0.03363636363636364,0.018857142857142857,0.2509090909090909,0.0,0.21956521739130433
HNR0239,ALEX,20 à 40,0,12.0,regionL,1,1,Non renseigné,0,10 - 20 ans,1,Aucun,Non renseigné,8.899999999999999,0.3568571428571428,0.7572727272727273,0.3626666666666667,4.53
HNR0240,ALEX,0 à 10,1,12.0,regionL,0,0,Aucun,0,Aucun,0,Aucun,Pas de traitement,0.011818181818181818,0.016571428571428574,0.0,0.018000000000000002,0.014782608695652172
HNR0241,ALEX,10 à 20,1,1.0,regionI,0,1,Non renseigné,0,3 - 10 ans,1,Aucun,Non renseigné,0.0,0.7768571428571428,0.7,0.042,0.05695652173913044
HNR0242,ALEX,10 à 20,0,1.0,regionI,1,1,Non renseigné,0,3 - 10 ans,1,Aucun,Non renseigné,2.2181818181818183,0.29857142857142854,0.6218181818181818,0.20800000000000002,1.5082608695652173
HNR0243,ALEX,20 à 40,1,1.0,regionI,1,1,Non renseigné,0,3 - 10 ans,1,Aucun,Non renseigné,0.6427272727272727,0.0,0.0,0.0,0.45478260869565224
HNR0244,ALEX,20 à 40,0,12.0,regionL,1,1,Non renseigné,0,3 - 10 ans,1,Aucun,Pas de traitement,0.0,0.09485714285714286,0.0,0.0,1.4052173913043478
HNR0245,ALEX,20 à 40,0,12.0,regionI,1,1,Non renseigné,0,Aucun,0,Aucun,Non renseigné,1.4436363636363636,0.0,0.0,0.03666666666666667,0.03304347826086956
HNR0246,ALEX,10 à 20,1,11.0,regionI,0,1,Anti-H1 voie générale,1,0 - 2 ans,0,Aucun,Non renseigné,0.03272727272727272,0.6534285714285715,4.32,1.9373333333333334,5.913913043478261
HNR0247,ALEX,20 à 40,0,12.0,regionI,1,1,Anti-H1 voie générale,1,2 - 3 ans,0,Animaux : chat/chien,Autres,6.308181818181819,0.302,0.08090909090909092,0.10200000000000001,1.7091304347826088
HNR0248,ALEX,0 à 10,1,11.0,regionI,0,1,Aucun,1,2 - 3 ans,0,Animaux : cheval/rongeur,Pas de traitement,0.018181818181818184,0.009428571428571427,10.643636363636363,0.0,0.060000000000000005
HNR0249,ALEX,0 à 10,0,11.0,regionI,0,1,Aucun,0,0 - 2 ans,1,Aucun,Dermocorticoïdes,0.06636363636363636,2.7634285714285713,2.550909090909091,0.0,0.009565217391304347
HNR0250,ALEX,20 à 40,0,11.0,regionI,1,1,Non renseigné,0,3 - 10 ans,1,Animaux : chat/chien,Dermocorticoïdes,16.517272727272726,1.7925714285714285,5.301818181818182,1.0586666666666666,3.927826086956522
HNR0251,ALEX,0 à 10,1,12.0,regionI,1,1,Aucun,0,0 - 2 ans,1,Aucun,Pas de traitement,0.034545454545454546,0.33057142857142857,0.0,0.0,0.06608695652173913
HNR0252,ALEX,10 à 20,1,12.0,regionL,0,1,Non renseigné,0,2 - 3 ans,1,Aucun,Non renseigné,13.460909090909091,3.072,5.027272727272727,2.0580000000000003,0.10391304347826087
HNR0253,ALEX,0 à 10,1,12.0,regionL,1,1,Non renseigné,0,2 - 3 ans,1,Aucun,Non renseigné,0.0,2.1877142857142857,0.0,0.0,0.03347826086956522
HNR0254,ALEX,40 à 60,1,10.0,regionI,0,1,Non renseigné,0,20 ans et plus,1,Aucun,Pas de traitement,0.015454545454545455,0.021714285714285714,0.010909090909090908,0.0,0.2295652173913043
HNR0255,ALEX,40 à 60,1,9.0,regionI,0,1,Aucun,0,20 ans et plus,1,Aucun,Pas de traitement,0.030000000000000002,0.016857142857142855,0.0,0.0,0.011304347826086957
HNR0256,ALEX,20 à 40,1,10.0,regionO,0,1,Non renseigné,0,Non renseigné,0,Animaux : cheval/rongeur,Non renseigné,4.038181818181818,0.6622857142857143,4.0609090909090915,1.2706666666666668,6.388695652173913
HNR0257,ALEX,10 à 20,1,10.0,regionI,0,1,Non renseigné,0,2 - 3 ans,0,Aucun,Non renseigné,0.060000000000000005,1.5834285714285714,3.2363636363636363,0.11133333333333333,13.249130434782609
HNR0258,ALEX,0 à 10,1,11.0,regionI,1,1,Aucun,0,0 - 2 ans,1,Animaux : cheval/rongeur,Dermocorticoïdes,0.010909090909090908,1.806,0.05090909090909091,0.0,0.010434782608695653
HNR0259,ALEX,10 à 20,1,11.0,regionI,0,1,Anti-H1 voie générale,1,2 - 3 ans,0,Animaux : cheval/rongeur,Non renseigné,1.3081818181818183,0.3251428571428572,3.511818181818182,1.364,0.1760869565217391
HNR0260,ALEX,0 à 10,1,11.0,regionI,0,1,Non renseigné,1,0 - 2 ans,0,Animaux : cheval/rongeur,Pas de traitement,0.019090909090909092,0.003142857142857143,0.010909090909090908,0.0,0.016956521739130436
HNR0261,ALEX,10 à 20,1,11.0,regionI,1,1,Aucun,0,Aucun,0,Animaux : cheval/rongeur,Pas de traitement,9.210909090909091,0.018285714285714287,0.6045454545454545,0.008,0.4147826086956522
HNR0262,ALEX,20 à 40,0,3.0,regionO,0,1,Non renseigné,0,Non renseigné,0,Animaux : cheval/rongeur,Non renseigné,17.773636363636363,4.053714285714285,29.994545454545456,3.5753333333333335,7.757391304347827
HNR0263,ALEX,10 à 20,1,1.0,regionL,1,1,Aucun,0,Aucun,0,Aucun,Pas de traitement,0.0,0.006285714285714286,0.0,0.0,0.005217391304347826
HNR0264,ALEX,10 à 20,0,1.0,regionI,1,1,Non renseigné,0,Aucun,0,Aucun,Non renseigné,0.0,0.14114285714285715,0.0,0.0,2.7082608695652173
HNR0265,ALEX,20 à 40,1,1.0,regionI,1,1,Aucun,0,Aucun,1,Effort/Activité sportive,Pas de traitement,0.0,0.0034285714285714284,0.0,0.0,0.004347826086956522
HNR0266,ALEX,40 à 60,0,1.0,regionI,1,1,Non renseigné,0,Aucun,0,Aucun,Non renseigné,0.0,0.005714285714285714,0.0,0.0,0.3947826086956522
HNR0267,ALEX,20 à 40,0,1.0,regionF,0,1,Non renseigné,0,Aucun,0,Aucun,Non renseigné,0.0,0.312,0.0,0.058666666666666666,0.841304347826087
HNR0268,ALEX,20 à 40,0,2.0,regionI,1,1,Non renseigné,0,Aucun,0,Aucun,Non renseigné,0.0,0.006857142857142857,0.0,0.0,3.103478260869565
HNR0269,ALEX,60 à Plus,1,1.0,regionI,1,0,Aucun,0,Aucun,0,Aucun,Pas de traitement,0.0,0.0,0.0,0.0,0.005652173913043478
HNR0270,ALEX,20 à 40,0,1.0,regionI,1,1,Non renseigné,0,3 - 10 ans,1,Aucun,Non renseigné,0.0,0.006857142857142857,0.0,0.0,0.03782608695652174
HNR0271,ALEX,10 à 20,1,2.0,regionI,1,1,Non renseigné,0,10 - 20 ans,1,Effort/Activité sportive,Non renseigné,0.0,0.9891428571428573,0.8581818181818183,0.6733333333333333,1.2608695652173914
HNR0272,ALEX,10 à 20,0,2.0,regionI,1,1,Non renseigné,0,0 - 2 ans,1,Aucun,Non renseigné,4.100909090909091,0.0,0.27,0.020666666666666667,3.864347826086957
HNR0273,ALEX,0 à 10,1,2.0,regionI,0,1,Non renseigné,0,0 - 2 ans,1,Aucun,Non renseigné,5.877272727272728,4.392857142857143,0.5854545454545454,0.10666666666666666,0.07652173913043478
HNR0274,ALEX,20 à 40,0,2.0,regionI,0,0,Aucun,0,Aucun,0,Aucun,Pas de traitement,0.0,0.0,0.0,0.0,0.0
HNR0275,ALEX,10 à 20,1,2.0,regionI,0,1,Aucun,0,10 - 20 ans,1,Aucun,Pas de traitement,0.11181818181818182,0.02057142857142857,0.0,1.2093333333333334,0.5878260869565217
HNR0276,ALEX,40 à 60,1,2.0,regionI,0,1,Non renseigné,0,Aucun,0,Aucun,Pas de traitement,5.63,0.07628571428571429,12.045454545454545,2.222,4.004782608695652
HNR0277,ALEX,20 à 40,1,2.0,regionI,1,1,Non renseigné,0,2 - 3 ans,1,Aucun,Non renseigné,8.394545454545455,3.39,7.6054545454545455,0.0,8.18304347826087
HNR0278,ALEX,40 à 60,0,2.0,regionI,1,1,Non renseigné,0,Aucun,0,Aucun,Pas de traitement,11.023636363636363,0.023428571428571427,0.41818181818181815,0.046,0.5221739130434783
HNR0279,ALEX,40 à 60,0,2.0,regionI,0,1,Aucun,0,Aucun,0,Aucun,Pas de traitement,0.0,0.0,0.0,0.0,0.0
PCR0001,ALEX,20 à 40,1,7.0,regionF,0,1,Non renseigné,0,Non renseigné,0,Animaux : cheval/rongeur,Non renseigné,0.002727272727272727,0.008857142857142857,0.0,2.0246666666666666,2.853478260869565
PCR0002,ALEX,10 à 20,0,7.0,regionF,0,1,Non renseigné,0,Non renseigné,0,Animaux : cheval/rongeur,Non renseigné,6.097272727272727,0.18742857142857142,0.0,0.0,0.004347826086956522
PCR0003,ALEX,10 à 20,0,7.0,regionF,0,1,Non renseigné,0,Non renseigné,0,Animaux : cheval/rongeur,Non renseigné,11.965454545454547,0.3305714285714286,3.0290909090909093,0.49600000000000005,0.01173913043478261
PCR0004,ALEX,20 à 40,1,7.0,regionF,0,1,Non renseigné,0,Non renseigné,0,Animaux : cheval/rongeur,Non renseigné,0.35090909090909095,0.05257142857142857,0.0,0.0,0.4426086956521739
PCR0005,ALEX,0 à 10,1,7.0,regionF,0,1,Non renseigné,0,Non renseigné,0,Animaux : cheval/rongeur,Non renseigné,0.0,0.32142857142857145,0.0,0.35333333333333333,1.31
PCR0006,ALEX,10 à 20,0,7.0,regionF,0,1,Non renseigné,0,Non renseigné,0,Animaux : cheval/rongeur,Non renseigné,0.09181818181818181,0.018285714285714287,0.03272727272727272,0.002,0.6608695652173914
PCR0007,ALEX,40 à 60,1,7.0,regionF,0,1,Non renseigné,0,Non renseigné,0,Animaux : cheval/rongeur,Non renseigné,4.126363636363636,0.006571428571428572,0.0009090909090909091,0.0,0.0013043478260869564
PCR0008,ALEX,40 à 60,0,7.0,regionF,0,1,Non renseigné,0,Non renseigné,0,Animaux : cheval/rongeur,Non renseigné,0.005454545454545455,0.009142857142857144,0.0,0.0033333333333333335,0.00826086956521739
PCR0009,ALEX,10 à 20,1,7.0,regionF,0,1,Non renseigné,0,Non renseigné,0,Animaux : cheval/rongeur,Non renseigné,0.029999999999999995,0.028285714285714286,0.0009090909090909091,0.006,0.017391304347826087
PCR0010,ALEX,20 à 40,0,7.0,regionF,0,1,Non renseigné,0,Non renseigné,0,Animaux : cheval/rongeur,Non renseigné,15.244545454545454,0.07485714285714286,0.9800000000000001,0.20199999999999999,1.4908695652173913
PCR0011,ALEX,20 à 40,0,7.0,regionF,0,1,Non renseigné,0,Non renseigné,0,Animaux : cheval/rongeur,Non renseigné,0.005454545454545455,0.008857142857142857,0.0,0.0,0.006086956521739131
PCR0012,ALEX,10 à 20,1,7.0,regionF,0,1,Non renseigné,0,Non renseigné,0,Animaux : cheval/rongeur,Non renseigné,6.031818181818181,0.3705714285714286,0.024545454545454547,0.019333333333333334,0.002173913043478261
PCR0013,ALEX,10 à 20,1,7.0,regionF,0,1,Non renseigné,0,Non renseigné,0,Animaux : cheval/rongeur,Non renseigné,3.444545454545455,0.010571428571428572,0.03727272727272727,0.002,0.002173913043478261
PCR0014,ALEX,60 à Plus,0,7.0,regionF,0,1,Non renseigné,0,Non renseigné,0,Animaux : cheval/rongeur,Non renseigné,0.008181818181818182,0.008,0.0,0.0,0.002173913043478261
PCR0015,ALEX,10 à 20,1,7.0,regionF,0,1,Non renseigné,0,Non renseigné,0,Animaux : cheval/rongeur,Non renseigné,3.61,0.9817142857142857,3.03,3.198,3.6652173913043478
PCR0016,ALEX,0 à 10,1,7.0,regionF,0,1,Non renseigné,0,Non renseigné,0,Animaux : cheval/rongeur,Non renseigné,0.05181818181818181,1.413714285714286,3.2545454545454544,0.08133333333333333,0.05565217391304348
PCR0017,ALEX,10 à 20,1,7.0,regionF,0,1,Non renseigné,0,Non renseigné,0,Animaux : cheval/rongeur,Non renseigné,5.871818181818182,0.37485714285714283,0.7581818181818182,0.018000000000000002,1.6113043478260871
PCR0018,ALEX,0 à 10,1,7.0,regionF,0,0,Non renseigné,0,Non renseigné,0,Animaux : cheval/rongeur,Non renseigné,0.004545454545454546,0.003142857142857143,0.0009090909090909091,0.0,0.0026086956521739132
PCR0019,ALEX,0 à 10,1,7.0,regionF,0,0,Non renseigné,0,Non renseigné,0,Animaux : cheval/rongeur,Non renseigné,0.01636363636363636,0.002285714285714286,0.0,0.0006666666666666666,0.0
PCR0020,ALEX,10 à 20,0,7.0,regionF,0,1,Non renseigné,0,Non renseigné,0,Animaux : cheval/rongeur,Non renseigné,0.007272727272727273,0.6577142857142857,6.614545454545455,0.982,1.8986956521739131
PCR0021,ALEX,20 à 40,0,7.0,regionF,0,1,Non renseigné,0,Non renseigné,0,Animaux : cheval/rongeur,Non renseigné,12.357272727272727,2.1042857142857145,9.502727272727272,4.617333333333333,5.734782608695652
PCR0022,ALEX,0 à 10,0,7.0,regionF,0,1,Non renseigné,0,Non renseigné,0,Animaux : cheval/rongeur,Non renseigné,5.902727272727272,0.27028571428571424,1.0327272727272727,0.006666666666666667,0.015652173913043476
PCR0023,ALEX,40 à 60,0,7.0,regionF,0,1,Non renseigné,0,Non renseigné,0,Animaux : cheval/rongeur,Non renseigné,0.03636363636363637,0.04114285714285714,0.959090909090909,0.0,0.026956521739130435
PCR0024,ALEX,20 à 40,0,7.0,regionF,0,1,Non renseigné,0,Non renseigné,0,Animaux : cheval/rongeur,Non renseigné,2.1599999999999997,0.6659999999999999,1.450909090909091,0.16533333333333333,4.130869565217392
PCR0025,ALEX,20 à 40,1,7.0,regionF,0,1,Non renseigné,0,Non renseigné,0,Animaux : cheval/rongeur,Non renseigné,0.005454545454545454,0.26085714285714284,0.8627272727272728,0.006,0.657391304347826
PCR0026,ALEX,10 à 20,1,7.0,regionF,0,1,Non renseigné,0,Non renseigné,0,Animaux : cheval/rongeur,Non renseigné,0.013636363636363636,0.22657142857142856,0.62,0.010000000000000002,2.4856521739130435
PCR0027,ALEX,20 à 40,1,7.0,regionF,0,1,Non renseigné,0,Non renseigné,0,Animaux : cheval/rongeur,Non renseigné,0.02909090909090909,0.021714285714285714,0.0018181818181818182,0.010666666666666666,0.12347826086956522
PCR0028,ALEX,0 à 10,1,1.0,regionF,1,1,Non renseigné,0,Non renseigné,0,Aucun,Pas de traitement,15.33,8.051714285714286,0.6418181818181818,0.6346666666666666,0.06608695652173913
PCR0029,ALEX,60 à Plus,1,1.0,regionN,0,1,Non renseigné,0,Non renseigné,0,Aucun,Pas de traitement,0.017272727272727273,0.008285714285714285,0.0,0.0,0.005652173913043478
PCR0030,ALEX,40 à 60,0,1.0,regionF,0,1,Non renseigné,0,20 ans et plus,0,Aucun,Pas de traitement,8.55181818181818,0.018285714285714287,0.0018181818181818182,0.0,0.009130434782608695
PCR0031,ALEX,10 à 20,1,1.0,regionI,0,1,Aucun,0,Non renseigné,1,Aucun,Pas de traitement,8.904545454545454,9.693428571428571,4.935454545454546,4.433333333333334,7.213043478260869
PCR0032,ALEX,10 à 20,1,1.0,regionL,0,0,Non renseigné,0,Non renseigné,0,Aucun,Pas de traitement,0.0,0.010285714285714285,0.0,0.004666666666666667,0.0008695652173913044
PCR0033,ALEX,40 à 60,0,1.0,regionF,0,0,Non renseigné,0,Non renseigné,0,Aucun,Non renseigné,0.012727272727272728,0.014,0.0,0.006666666666666667,0.012173913043478262
PCR0034,ALEX,10 à 20,1,1.0,regionF,1,1,Non renseigné,1,0 - 2 ans,1,Aucun,Non renseigné,0.01,3.234857142857143,3.1381818181818186,0.08533333333333333,3.7808695652173916
PCR0035,ALEX,10 à 20,0,1.0,regionI,0,1,Non renseigné,0,Non renseigné,0,Aucun,Non renseigné,13.00181818181818,1.670857142857143,0.0,0.968,4.556521739130434
PCR0036,ALEX,10 à 20,1,1.0,regionF,1,1,Non renseigné,0,Non renseigné,0,Aucun,Pas de traitement,0.5781818181818182,0.34285714285714286,0.6063636363636363,0.02,2.9969565217391305
PCR0037,ALEX,60 à Plus,1,2.0,regionF,1,0,Aucun,0,20 ans et plus,1,Aucun,Pas de traitement,0.03090909090909091,0.02142857142857143,0.0,0.0,0.00956521739130435
PCR0038,ALEX,10 à 20,0,2.0,regionF,0,1,"Anti-H1, voie locale",0,Non renseigné,1,Aucun,Non renseigné,1.8763636363636365,1.895142857142857,0.0,0.0006666666666666666,6.242608695652175
PCR0039,ALEX,10 à 20,0,2.0,regionF,1,1,Aucun,0,Non renseigné,1,Aucun,Pas de traitement,0.03818181818181818,0.054571428571428576,0.0,0.012666666666666666,0.02
PCR0040,ALEX,10 à 20,1,1.0,regionF,1,1,Aucun,0,Non renseigné,0,Aucun,Pas de traitement,0.08363636363636363,0.004857142857142858,0.0,2.258666666666666,0.01608695652173913
PCR0041,ALEX,10 à 20,0,1.0,regionF,1,1,Non renseigné,0,Non renseigné,0,Aucun,Pas de traitement,0.10363636363636365,0.014571428571428572,0.14727272727272728,0.0,0.013478260869565217
PCR0042,ALEX,20 à 40,0,1.0,regionL,0,0,Non renseigné,0,Non renseigné,0,Aucun,Pas de traitement,0.0,0.002,0.0,0.002,0.0004347826086956522
PCR0043,ALEX,0 à 10,1,1.0,regionF,1,0,Aucun,0,Non renseigné,1,Aucun,Dermocorticoïdes,0.02909090909090909,0.006571428571428572,0.0,0.0,0.003913043478260869
PCR0044,ALEX,0 à 10,0,1.0,regionF,1,1,Non renseigné,0,Non renseigné,1,Aucun,Non renseigné,13.205454545454545,0.006571428571428572,0.0,0.006,0.002608695652173913
PCR0045,ALEX,0 à 10,0,1.0,regionK,0,0,Aucun,0,0 - 2 ans,1,Aucun,Pas de traitement,0.010909090909090908,0.007142857142857143,0.0,0.0,0.0013043478260869564
PCR0046,ALEX,0 à 10,1,1.0,regionF,0,1,Non renseigné,0,Non renseigné,0,Aucun,Non renseigné,5.921818181818182,1.848,0.5572727272727273,0.005333333333333333,0.7452173913043478
PCR0047,ALEX,10 à 20,1,1.0,regionF,0,1,Non renseigné,0,Non renseigné,0,Animaux : cheval/rongeur,Non renseigné,1.3036363636363637,0.005714285714285714,0.013636363636363636,0.0,3.9904347826086957
PCR0048,ALEX,60 à Plus,1,2.0,regionF,0,1,Aucun,0,20 ans et plus,1,Aucun,Pas de traitement,0.4481818181818182,0.11742857142857144,0.03363636363636364,0.24466666666666667,0.03173913043478261
PCR0049,ALEX,20 à 40,1,2.0,regionF,0,1,Anti-H1 + CS,0,20 ans et plus,0,Aucun,Pas de traitement,10.577272727272726,0.026571428571428572,0.7963636363636364,0.011333333333333332,0.8504347826086956
PCR0050,ALEX,0 à 10,0,2.0,regionF,0,1,Aucun,0,Non renseigné,0,Aucun,Pas de traitement,0.08363636363636363,0.01742857142857143,0.05090909090909091,0.0006666666666666666,0.02043478260869565
PCR0051,ALEX,0 à 10,1,2.0,regionF,0,1,Non renseigné,0,3 - 10 ans,1,Aucun,Pas de traitement,0.09545454545454546,8.400285714285713,0.029999999999999995,0.116,1.0865217391304347
PCR0052,ALEX,20 à 40,0,3.0,regionF,1,1,Non renseigné,0,Non renseigné,0,Moisissures,Pas de traitement,0.8781818181818182,0.018571428571428572,0.5527272727272726,0.014,0.03217391304347826
PCR0053,ALEX,10 à 20,0,6.0,regionF,1,1,Non renseigné,0,Non renseigné,0,Animaux : cheval/rongeur,Non renseigné,16.223636363636363,1.9517142857142857,17.732727272727274,2.5293333333333337,15.42086956521739
PCR0054,ALEX,10 à 20,0,1.0,regionF,0,1,Non renseigné,0,Non renseigné,0,Animaux : cheval/rongeur,Non renseigné,0.013636363636363636,0.008285714285714287,0.0018181818181818182,0.0,0.005652173913043478
PCR0055,ALEX,0 à 10,1,5.0,regionF,1,0,Aucun,0,0 - 2 ans,1,Aucun,Pas de traitement,0.0009090909090909091,0.009714285714285713,0.0018181818181818182,0.0026666666666666666,0.00956521739130435
PCR0056,ALEX,0 à 10,1,5.0,regionF,1,1,Aucun,0,0 - 2 ans,1,Aucun,Pas de traitement,16.150909090909092,0.040857142857142856,3.4672727272727273,0.007333333333333333,0.09999999999999999
PCR0057,ALEX,10 à 20,0,5.0,regionF,1,1,"Anti-H1, voie locale",0,Non renseigné,1,Aucun,Pas de traitement,8.275454545454545,1.2202857142857144,0.004545454545454546,0.007333333333333333,0.7256521739130435
PCR0058,ALEX,20 à 40,1,5.0,regionI,0,1,Non renseigné,0,20 ans et plus,0,Animaux : cheval/rongeur,Non renseigné,0.1,1.0748571428571427,0.37545454545454543,0.292,1.4073913043478259
PCR0059,ALEX,0 à 10,1,3.0,regionF,0,1,Aucun,1,0 - 2 ans,1,Aucun,Pas de traitement,6.941818181818181,4.852857142857142,0.17,1.3526666666666667,0.029130434782608697
PCR0060,ALEX,20 à 40,0,3.0,regionF,1,1,Non renseigné,1,Non renseigné,1,Aucun,Pas de traitement,0.06272727272727273,0.031142857142857146,1.0972727272727274,0.01933333333333333,0.6100000000000001
PCR0061,ALEX,0 à 10,0,3.0,regionF,1,1,Non renseigné,0,2 - 3 ans,1,Aucun,Non renseigné,0.05909090909090909,0.020285714285714285,0.00818181818181818,0.024,0.03695652173913044
PCR0062,ALEX,10 à 20,1,6.0,regionF,1,1,"Anti-H1, voie locale",0,3 - 10 ans,1,Aucun,Pas de traitement,0.026363636363636367,0.015714285714285715,0.0,0.006666666666666666,3.1230434782608696
PCR0063,ALEX,40 à 60,0,6.0,regionF,1,1,Non renseigné,0,Non renseigné,0,Aucun,Non renseigné,0.16727272727272727,0.04542857142857143,0.014545454545454545,0.029333333333333333,0.05391304347826087
PCR0064,ALEX,20 à 40,1,6.0,regionF,0,1,Aucun,0,Non renseigné,0,Aucun,Pas de traitement,2.429090909090909,0.029714285714285714,0.005454545454545454,0.0006666666666666666,0.0491304347826087
PCR0065,ALEX,20 à 40,0,6.0,regionL,0,1,Non renseigné,0,Non renseigné,0,Aucun,Non renseigné,0.09818181818181819,0.15828571428571428,5.026363636363636,2.7319999999999998,0.19608695652173913
PCR0066,ALEX,10 à 20,1,6.0,regionF,1,1,Aucun,0,Non renseigné,0,Animaux : cheval/rongeur,Pas de traitement,0.2772727272727273,4.635428571428572,0.005454545454545454,0.38266666666666665,8.067391304347826
PCR0067,ALEX,10 à 20,1,1.0,regionF,0,1,Non renseigné,0,Non renseigné,0,Animaux : cheval/rongeur,Non renseigné,7.574545454545454,0.014571428571428572,0.0018181818181818182,0.02933333333333333,4.7873913043478264
PCR0068,ALEX,20 à 40,0,1.0,regionF,0,1,Non renseigné,0,Non renseigné,0,Animaux : cheval/rongeur,Non renseigné,9.649090909090908,0.29371428571428576,1.4581818181818185,0.46466666666666673,7.916521739130434
PCR0069,ALEX,10 à 20,1,1.0,regionF,0,1,Non renseigné,0,Non renseigné,0,Animaux : cheval/rongeur,Non renseigné,0.04818181818181819,0.7411428571428571,2.0963636363636367,0.03133333333333334,3.0813043478260873
PCR0070,ALEX,20 à 40,0,1.0,regionF,0,1,Non renseigné,0,Non renseigné,0,Animaux : cheval/rongeur,Non renseigné,0.006363636363636364,0.009142857142857144,0.004545454545454546,0.008666666666666666,0.010434782608695651
PCR0071,ALEX,40 à 60,0,1.0,regionF,0,1,Non renseigné,0,Non renseigné,0,Animaux : cheval/rongeur,Non renseigné,0.03363636363636364,0.428,0.0018181818181818182,0.0026666666666666666,3.39
PCR0072,ALEX,60 à Plus,0,1.0,regionF,0,0,Non renseigné,0,Non renseigné,0,Animaux : cheval/rongeur,Non renseigné,0.02090909090909091,0.008285714285714287,0.0,0.012,0.008695652173913044
PCR0073,ALEX,10 à 20,0,1.0,regionF,0,1,Non renseigné,0,Non renseigné,0,Animaux : cheval/rongeur,Non renseigné,3.7027272727272726,0.22342857142857145,0.34363636363636363,0.004666666666666666,2.967826086956521
PCR0074,ALEX,60 à Plus,0,1.0,regionF,0,1,Non renseigné,0,Non renseigné,0,Animaux : cheval/rongeur,Non renseigné,0.03909090909090909,0.030285714285714287,0.007272727272727273,0.02533333333333333,3.176086956521739
PCR0075,ALEX,60 à Plus,1,1.0,regionF,0,0,Non renseigné,0,Non renseigné,0,Animaux : cheval/rongeur,Non renseigné,0.022727272727272728,0.007142857142857143,0.0036363636363636364,0.0,0.006956521739130435
PCR0076,ALEX,10 à 20,0,2.0,regionF,0,1,Anti-H1 + CS,0,Non renseigné,1,Aucun,Pas de traitement,0.03818181818181818,0.04057142857142858,1.4163636363636363,0.0,0.013043478260869565
PCR0077,ALEX,0 à 10,1,2.0,regionI,0,1,Aucun,0,Non renseigné,0,Aucun,Pas de traitement,0.05,2.3288571428571427,0.00818181818181818,0.12666666666666668,0.17391304347826086
PCR0078,ALEX,10 à 20,1,2.0,regionI,0,1,Non renseigné,0,Non renseigné,0,Aucun,Pas de traitement,8.945454545454545,0.015714285714285715,0.12181818181818183,0.002,0.07652173913043478
PCR0079,ALEX,0 à 10,1,2.0,regionF,1,1,Non renseigné,0,Non renseigné,0,Aucun,Pas de traitement,0.02909090909090909,0.022857142857142857,0.0,0.002,0.014347826086956523
PCR0080,ALEX,20 à 40,0,10.0,regionF,0,1,Non renseigné,0,Non renseigné,0,Animaux : cheval/rongeur,Non renseigné,8.905454545454546,0.946,23.995454545454546,1.8233333333333333,5.252608695652174
PCR0081,ALEX,20 à 40,0,10.0,regionF,0,1,Non renseigné,0,Non renseigné,0,Animaux : cheval/rongeur,Non renseigné,0.9545454545454546,0.19628571428571426,0.16545454545454547,0.004666666666666667,3.5652173913043477
PCR0082,ALEX,60 à Plus,0,10.0,regionF,0,0,Non renseigné,1,Aucun,0,Animaux : cheval/rongeur,Non renseigné,0.0,0.0005714285714285715,0.0,0.0013333333333333333,0.0
PCR0083,ALEX,40 à 60,1,9.0,regionF,0,1,Non renseigné,1,20 ans et plus,0,Animaux : cheval/rongeur,Pas de traitement,0.0,0.0,0.0,0.0,0.0
PCR0084,ALEX,20 à 40,1,9.0,regionF,0,1,Non renseigné,0,0 - 2 ans,1,Animaux : cheval/rongeur,Pas de traitement,0.0,0.5517142857142858,4.680000000000001,1.184,0.6852173913043478
PCR0085,ALEX,20 à 40,0,9.0,regionF,0,1,"Anti-H1, voie locale",0,Non renseigné,1,Aucun,Non renseigné,0.009090909090909092,0.013142857142857144,0.9172727272727272,0.0006666666666666666,4.254347826086956
PCR0086,ALEX,10 à 20,1,10.0,regionA,0,1,Non renseigné,0,Non renseigné,1,Animaux : cheval/rongeur,Non renseigné,3.5454545454545454,5.009428571428572,0.00818181818181818,0.042,7.786086956521738
PCR0087,ALEX,0 à 10,0,10.0,regionF,0,1,Non renseigné,0,Non renseigné,1,Animaux : cheval/rongeur,Non renseigné,4.545454545454546,2.512857142857143,0.41,1.7386666666666666,0.28043478260869564
PCR0088,ALEX,20 à 40,0,10.0,regionF,0,1,Non renseigné,0,Non renseigné,1,Animaux : cheval/rongeur,Pas de traitement,0.1190909090909091,0.0025714285714285717,0.0,0.0,0.3408695652173913
PCR0089,ALEX,10 à 20,1,7.0,regionF,1,1,Non renseigné,0,Non renseigné,1,Effort/Activité sportive,Pas de traitement,0.020909090909090912,1.250857142857143,0.0,0.024,0.8165217391304348
PCR0090,ALEX,10 à 20,1,7.0,regionF,1,1,"Anti-H1, voie locale",0,3 - 10 ans,1,Effort/Activité sportive,Pas de traitement,0.002727272727272727,0.9754285714285714,0.25545454545454543,2.1046666666666667,3.3660869565217393
PCR0091,ALEX,20 à 40,1,10.0,regionL,0,1,Non renseigné,0,Aucun,0,Animaux : cheval/rongeur,Non renseigné,0.10090909090909089,0.045142857142857144,0.06636363636363636,0.011333333333333334,0.6895652173913043
PCR0092,ALEX,20 à 40,0,1.0,regionF,0,1,Anti-H1 + CS,0,Non renseigné,0,Aucun,Pas de traitement,10.426363636363636,0.03085714285714286,1.5054545454545454,0.0,1.2982608695652174
PCR0093,ALEX,0 à 10,1,10.0,regionF,0,1,Non renseigné,0,0 - 2 ans,0,Animaux : cheval/rongeur,Non renseigné,0.09363636363636364,0.49971428571428567,0.0009090909090909091,5.264666666666667,1.1986956521739132
PCR0094,ALEX,20 à 40,1,10.0,regionF,0,0,Non renseigné,0,Non renseigné,1,Animaux : cheval/rongeur,Non renseigné,0.0,0.004857142857142858,0.0,0.002,0.009999999999999998
PCR0095,ALEX,10 à 20,0,10.0,regionF,0,1,Aucun,1,Non renseigné,0,Aucun,Pas de traitement,0.007272727272727273,1.6271428571428572,3.12,1.2973333333333334,2.9369565217391305
PCR0096,ALEX,10 à 20,1,1.0,regionK,0,0,Non renseigné,0,Non renseigné,0,Aucun,Pas de traitement,0.026363636363636363,0.011714285714285715,0.0036363636363636364,0.008,0.009565217391304347
PCR0097,ALEX,40 à 60,1,12.0,regionF,0,0,Non renseigné,0,20 ans et plus,1,Aucun,Pas de traitement,0.011818181818181818,0.008,0.0,0.008666666666666666,0.010434782608695653
PCR0098,ALEX,10 à 20,1,12.0,regionF,0,0,Aucun,0,3 - 10 ans,1,Aucun,Pas de traitement,0.004545454545454546,0.006285714285714286,0.0,0.008666666666666666,0.0030434782608695647
PCR0099,ALEX,60 à Plus,1,12.0,regionI,0,0,Aucun,0,20 ans et plus,1,Aucun,Pas de traitement,0.00818181818181818,0.0037142857142857142,0.0,0.0,0.003913043478260869
PCR0100,ALEX,10 à 20,0,11.0,regionF,0,1,Aucun,1,10 - 20 ans,1,Aucun,Pas de traitement,7.698181818181817,0.094,0.5272727272727272,2.329333333333333,1.2652173913043476
PCR0101,ALEX,10 à 20,1,11.0,regionF,1,1,Non renseigné,1,Non renseigné,1,Aucun,Dupilumab,6.757272727272727,6.366285714285714,0.15454545454545457,1.9100000000000001,8.285217391304348
PCR0102,ALEX,10 à 20,1,11.0,regionI,0,1,Non renseigné,0,Non renseigné,0,Aucun,Non renseigné,8.422727272727274,5.631714285714286,20.38909090909091,3.091333333333333,5.036086956521739
PCR0103,ALEX,40 à 60,0,11.0,regionF,0,1,Non renseigné,0,20 ans et plus,0,Aucun,Pas de traitement,3.5063636363636363,0.014285714285714285,0.1990909090909091,0.010666666666666666,0.831304347826087
PCR0104,ALEX,0 à 10,1,11.0,regionF,0,1,Non renseigné,0,Non renseigné,1,Aucun,Pas de traitement,0.02090909090909091,8.095714285714287,2.8972727272727274,0.08600000000000001,5.061304347826087
PCR0105,ALEX,20 à 40,0,10.0,regionF,1,1,Non renseigné,0,Aucun,0,Animaux : cheval/rongeur,Non renseigné,0.04727272727272727,0.023714285714285712,0.6836363636363636,2.517333333333333,0.2017391304347826
PCR0106,ALEX,0 à 10,1,1.0,regionF,1,1,Anti-H1 + CS,1,Non renseigné,0,Animaux : cheval/rongeur,Pas de traitement,0.04363636363636363,0.3402857142857143,0.8409090909090909,0.018666666666666668,1.0413043478260868
PCR0107,ALEX,60 à Plus,0,11.0,regionF,0,1,Aucun,0,20 ans et plus,1,Aucun,Pas de traitement,0.026363636363636367,0.017142857142857144,0.0,0.010666666666666666,0.016956521739130436
PCR0108,ALEX,20 à 40,0,11.0,regionF,1,1,Non renseigné,1,Non renseigné,0,Aucun,Pas de traitement,0.37999999999999995,0.02428571428571429,0.8936363636363637,0.012,6.290000000000001
PCR0109,ALEX,10 à 20,0,11.0,regionF,1,1,Non renseigné,0,Non renseigné,1,Aucun,Pas de traitement,1.4054545454545453,0.7065714285714286,0.5490909090909091,0.022666666666666665,6.721739130434782
PCR0110,ALEX,20 à 40,1,1.0,regionF,0,1,Non renseigné,0,Non renseigné,0,Animaux : cheval/rongeur,Non renseigné,0.37636363636363634,0.049428571428571426,0.0,0.25666666666666665,2.034782608695652
PCR0111,ALEX,60 à Plus,0,1.0,regionF,0,0,Non renseigné,0,Non renseigné,0,Animaux : cheval/rongeur,Non renseigné,0.014545454545454545,0.016,0.002727272727272727,0.011333333333333334,0.009565217391304347
PCR0112,ALEX,40 à 60,0,10.0,regionF,0,1,"Anti-H1, voie locale",0,Non renseigné,1,Animaux : cheval/rongeur,Non renseigné,0.028181818181818183,0.022571428571428572,0.004545454545454546,0.0006666666666666666,4.956956521739131
PCR0113,ALEX,10 à 20,0,10.0,regionF,0,1,Non renseigné,0,Non renseigné,0,Animaux : cheval/rongeur,Non renseigné,3.347272727272727,0.7328571428571429,0.6154545454545455,0.011333333333333334,6.848695652173913
PCR0114,ALEX,10 à 20,0,10.0,regionF,1,1,Non renseigné,0,3 - 10 ans,0,Moisissures,Pas de traitement,1.766363636363636,2.4994285714285716,1.6645454545454543,0.06599999999999999,1.83
PCR0115,ALEX,0 à 10,1,11.0,regionF,1,1,Aucun,0,0 - 2 ans,1,Aucun,Pas de traitement,0.02090909090909091,0.007714285714285715,0.002727272727272727,0.007333333333333333,0.012608695652173912
PCR0116,ALEX,10 à 20,1,1.0,regionF,1,0,Aucun,0,Non renseigné,0,Aucun,Pas de traitement,0.0009090909090909091,0.004,0.0,0.004666666666666667,0.0
PCR0117,ALEX,10 à 20,0,1.0,regionF,1,1,Non renseigné,0,Non renseigné,1,Aucun,Pas de traitement,0.009090909090909092,1.3657142857142857,0.0,0.006666666666666667,0.832608695652174
PCR0118,ALEX,40 à 60,0,1.0,regionI,0,0,Non renseigné,0,20 ans et plus,0,Aucun,Pas de traitement,0.030000000000000002,0.008285714285714287,0.0009090909090909091,0.028666666666666667,0.01608695652173913
PCR0119,ALEX,20 à 40,0,1.0,regionF,1,1,Non renseigné,0,Non renseigné,1,Aucun,Pas de traitement,0.5627272727272727,0.015142857142857144,0.05272727272727273,0.007333333333333334,0.002173913043478261
PCR0120,ALEX,40 à 60,0,1.0,regionF,1,0,Non renseigné,0,Non renseigné,1,Aucun,Pas de traitement,0.022727272727272728,0.012571428571428572,0.0,0.007333333333333333,0.008695652173913044
PCR0121,ALEX,60 à Plus,1,12.0,regionF,1,1,Aucun,0,20 ans et plus,0,Aucun,Pas de traitement,0.034545454545454546,0.022285714285714287,0.004545454545454546,0.035333333333333335,0.06478260869565217
PCR0122,ALEX,10 à 20,0,12.0,regionF,1,1,Non renseigné,0,3 - 10 ans,1,Aucun,Pas de traitement,2.950909090909091,0.20400000000000001,0.056363636363636366,0.006,2.703043478260869
PCR0123,ALEX,10 à 20,0,1.0,regionF,1,0,Non renseigné,1,Non renseigné,0,Animaux : cheval/rongeur,Pas de traitement,0.0018181818181818182,0.006571428571428572,0.0,0.0026666666666666666,0.006521739130434784
PCR0124,ALEX,20 à 40,0,2.0,regionF,0,1,Non renseigné,0,Non renseigné,0,Animaux : cheval/rongeur,Pas de traitement,0.004545454545454546,0.4308571428571429,0.5018181818181818,0.004,5.886086956521739
PCR0125,ALEX,10 à 20,1,2.0,regionF,0,1,Non renseigné,0,Non renseigné,0,Animaux : cheval/rongeur,Non renseigné,0.026363636363636367,0.4674285714285714,0.9454545454545454,1.2966666666666666,9.023478260869565
PCR0126,ALEX,40 à 60,1,3.0,regionF,0,1,Aucun,1,20 ans et plus,0,Aucun,Pas de traitement,1.2572727272727273,0.013428571428571429,3.1290909090909094,0.6606666666666666,0.09434782608695652
PCR0127,ALEX,10 à 20,0,7.0,regionF,0,1,Non renseigné,0,Non renseigné,0,Animaux : cheval/rongeur,Non renseigné,0.007272727272727273,0.12371428571428572,0.060909090909090906,0.010666666666666666,1.3
PCR0128,ALEX,60 à Plus,0,7.0,regionF,0,1,Non renseigné,0,Non renseigné,0,Animaux : cheval/rongeur,Non renseigné,0.005454545454545454,0.15685714285714283,0.35000000000000003,0.004666666666666667,2.079565217391304
PCR0129,ALEX,40 à 60,1,7.0,regionF,0,1,Non renseigné,0,Non renseigné,0,Animaux : cheval/rongeur,Non renseigné,0.3290909090909091,0.006000000000000001,0.005454545454545455,0.0,1.7782608695652173
PCR0130,ALEX,20 à 40,1,7.0,regionF,0,1,Non renseigné,0,Non renseigné,0,Animaux : cheval/rongeur,Non renseigné,0.03818181818181818,0.018,0.05181818181818181,2.3926666666666665,2.036086956521739
PCR0131,ALEX,40 à 60,0,7.0,regionF,0,1,Non renseigné,0,Non renseigné,0,Animaux : cheval/rongeur,Non renseigné,0.00818181818181818,0.10857142857142857,0.0018181818181818182,0.0,0.9743478260869566
PCR0132,ALEX,20 à 40,0,7.0,regionF,0,0,Non renseigné,0,Non renseigné,0,Animaux : cheval/rongeur,Non renseigné,0.02090909090909091,0.009142857142857144,0.002727272727272727,0.0,0.0004347826086956522
PCR0133,ALEX,20 à 40,1,7.0,regionF,0,1,Non renseigné,0,Non renseigné,0,Animaux : cheval/rongeur,Non renseigné,15.232727272727272,3.506,12.46,0.3173333333333333,1.072608695652174
PCR0134,ALEX,20 à 40,1,7.0,regionF,0,1,Non renseigné,0,Non renseigné,0,Animaux : cheval/rongeur,Non renseigné,0.010909090909090908,0.04742857142857143,0.1836363636363636,0.0,0.0
PCR0135,ALEX,20 à 40,0,3.0,regionF,0,1,Non renseigné,0,2 - 3 ans,1,Aucun,Pas de traitement,0.16181818181818183,0.254,0.07727272727272727,0.13999999999999999,0.0017391304347826088
PCR0136,ALEX,20 à 40,0,3.0,regionF,0,0,Aucun,1,Aucun,0,Aucun,Pas de traitement,0.02727272727272727,0.009428571428571429,0.006363636363636364,0.005333333333333333,0.0017391304347826088
PCR0137,ALEX,20 à 40,0,3.0,regionF,0,0,Non renseigné,0,Aucun,0,Aucun,Pas de traitement,0.026363636363636367,0.006,0.0018181818181818182,0.0,0.01
PCR0138,ALEX,10 à 20,1,3.0,regionF,0,1,Non renseigné,0,Non renseigné,0,Animaux : cheval/rongeur,Non renseigné,1.0418181818181818,0.010857142857142857,0.02181818181818182,0.3953333333333333,0.4091304347826087
PCR0139,ALEX,10 à 20,1,7.0,regionF,0,1,Non renseigné,0,Non renseigné,0,Animaux : cheval/rongeur,Non renseigné,12.776363636363635,0.9702857142857143,0.06636363636363637,0.006,2.0817391304347828
PCR0140,ALEX,0 à 10,1,7.0,regionF,0,1,Non renseigné,0,Non renseigné,0,Animaux : cheval/rongeur,Non renseigné,0.0018181818181818182,0.2977142857142857,0.0,0.0,0.0
PCR0141,ALEX,40 à 60,0,3.0,regionF,0,0,Aucun,0,20 ans et plus,0,Aucun,Pas de traitement,0.0036363636363636364,0.0034285714285714284,0.0,0.007333333333333333,0.008695652173913044
PCR0142,ALEX,20 à 40,1,3.0,regionF,0,1,Non renseigné,0,Aucun,0,Aucun,Pas de traitement,0.006363636363636364,0.03371428571428572,0.015454545454545455,0.016,0.29782608695652174
PCR0143,ALEX,20 à 40,0,3.0,regionF,0,1,Non renseigné,0,0 - 2 ans,1,Aucun,Pas de traitement,8.409090909090908,0.016285714285714285,7.275454545454545,0.004,4.96695652173913
PCR0144,ALEX,20 à 40,1,3.0,regionF,0,1,Non renseigné,0,Aucun,0,Moisissures,Non renseigné,0.0036363636363636364,0.004285714285714286,0.004545454545454546,0.7426666666666666,0.6199999999999999
PCR0145,ALEX,20 à 40,1,7.0,regionF,0,1,Non renseigné,0,Non renseigné,0,Animaux : cheval/rongeur,Non renseigné,5.748181818181819,1.3117142857142856,3.5409090909090906,2.744,6.753913043478261
PCR0146,ALEX,20 à 40,0,2.0,regionF,1,1,Aucun,0,Aucun,0,Effort/Activité sportive,Pas de traitement,0.022727272727272728,0.01,0.0,2.548,2.591304347826087
PCR0147,ALEX,20 à 40,0,2.0,regionF,0,0,Aucun,0,Aucun,0,Aucun,Pas de traitement,0.015454545454545453,0.004857142857142858,0.0,0.0013333333333333333,0.0017391304347826088
PCR0148,ALEX,40 à 60,1,2.0,regionF,0,1,Aucun,0,20 ans et plus,1,Aucun,Pas de traitement,0.01090909090909091,0.010857142857142857,0.0,0.0026666666666666666,0.005217391304347826
PCR0149,ALEX,0 à 10,1,7.0,regionF,0,1,Non renseigné,0,Non renseigné,0,Animaux : cheval/rongeur,Non renseigné,4.537272727272728,0.012857142857142857,0.12181818181818183,0.016,0.006086956521739131
PCR0150,ALEX,10 à 20,1,7.0,regionF,0,1,Non renseigné,0,Non renseigné,0,Animaux : cheval/rongeur,Non renseigné,0.009090909090909092,0.019714285714285712,0.0,0.002,0.005652173913043478
PCR0151,ALEX,40 à 60,0,3.0,regionF,1,1,Anti-H1 + CS,1,2 - 3 ans,1,Aucun,Pas de traitement,0.5163636363636365,0.006571428571428571,0.4318181818181818,0.0,0.6991304347826086
PCR0152,ALEX,0 à 10,0,7.0,regionF,0,1,Non renseigné,0,Non renseigné,0,Animaux : cheval/rongeur,Non renseigné,0.007272727272727273,0.06428571428571428,0.0,0.0013333333333333333,2.467826086956521
PCR0153,ALEX,0 à 10,0,7.0,regionF,0,1,Non renseigné,0,Non renseigné,0,Animaux : cheval/rongeur,Non renseigné,0.0018181818181818182,0.3425714285714286,0.0,0.008,0.0
PCR0154,ALEX,40 à 60,0,7.0,regionF,0,0,Non renseigné,0,Non renseigné,0,Animaux : cheval/rongeur,Non renseigné,0.006363636363636363,0.007142857142857143,0.0,0.010666666666666666,0.0030434782608695656
PCR0155,ALEX,20 à 40,0,2.0,regionF,1,1,Non renseigné,0,0 - 2 ans,1,Aucun,Pas de traitement,8.08909090909091,1.9080000000000001,2.1654545454545455,2.1839999999999997,3.9565217391304346
PCR0156,ALEX,0 à 10,1,7.0,regionF,0,0,Non renseigné,0,Non renseigné,0,Animaux : cheval/rongeur,Non renseigné,0.0,0.006857142857142857,0.0,0.0013333333333333333,0.003913043478260869
PCR0157,ALEX,20 à 40,1,2.0,regionL,0,1,Non renseigné,0,2 - 3 ans,1,Aucun,Pas de traitement,0.3809090909090909,3.9462857142857137,0.3436363636363637,0.01,0.02
PCR0158,ALEX,20 à 40,0,7.0,regionF,0,0,Non renseigné,0,Non renseigné,0,Animaux : cheval/rongeur,Non renseigné,0.0018181818181818182,0.018,0.0018181818181818182,0.0033333333333333335,0.002173913043478261
PCR0159,ALEX,20 à 40,0,7.0,regionF,0,0,Non renseigné,0,Non renseigné,0,Animaux : cheval/rongeur,Non renseigné,0.0,0.010285714285714285,0.0,0.0,0.0034782608695652175
PCR0160,ALEX,10 à 20,0,7.0,regionF,0,1,Non renseigné,0,Non renseigné,0,Animaux : cheval/rongeur,Non renseigné,0.040909090909090916,0.06228571428571429,0.7909090909090909,0.282,0.7352173913043477
PCR0161,ALEX,20 à 40,1,7.0,regionF,0,1,Non renseigné,0,Non renseigné,0,Animaux : cheval/rongeur,Non renseigné,3.0318181818181817,1.174857142857143,0.15545454545454546,2.016,0.02826086956521739
PCR0162,ALEX,0 à 10,1,7.0,regionF,0,1,Non renseigné,0,Non renseigné,0,Animaux : cheval/rongeur,Non renseigné,0.0009090909090909091,2.8865714285714286,0.009090909090909092,0.0033333333333333335,0.0004347826086956522
PCR0163,ALEX,20 à 40,0,7.0,regionF,0,1,Non renseigné,0,Non renseigné,0,Animaux : cheval/rongeur,Non renseigné,0.00818181818181818,0.0008571428571428571,0.0,0.014666666666666666,0.0
PCR0164,ALEX,20 à 40,1,7.0,regionF,0,1,Non renseigné,0,Non renseigné,0,Animaux : cheval/rongeur,Non renseigné,7.282727272727272,0.8148571428571428,1.810909090909091,1.8426666666666667,5.013913043478261
PCR0165,ALEX,40 à 60,0,7.0,regionF,0,1,Non renseigné,0,Non renseigné,0,Animaux : cheval/rongeur,Non renseigné,4.279090909090909,0.005714285714285713,2.0663636363636364,0.02066666666666667,0.6039130434782609
PCR0166,ALEX,10 à 20,1,1.0,regionJ,0,1,Non renseigné,1,Non renseigné,1,Animaux : cheval/rongeur,Non renseigné,0.0009090909090909091,0.007714285714285715,0.0,0.026000000000000002,0.0
PCR0167,ALEX,60 à Plus,1,1.0,regionF,1,1,Non renseigné,0,Non renseigné,1,Effort/Activité sportive,Pas de traitement,0.0,0.014285714285714285,0.0,0.0033333333333333335,0.0004347826086956522
PCR0168,ALEX,40 à 60,0,1.0,regionF,0,1,Non renseigné,0,Non renseigné,0,Animaux : cheval/rongeur,Pas de traitement,0.0,0.008,0.0,0.002,0.08826086956521738
PCR0169,ALEX,10 à 20,0,7.0,regionF,0,1,Non renseigné,0,Non renseigné,0,Animaux : cheval/rongeur,Non renseigné,0.14272727272727273,2.276,0.0,0.004,0.04565217391304347
PCR0170,ALEX,10 à 20,1,2.0,regionF,0,1,Aucun,0,10 - 20 ans,1,Aucun,Pas de traitement,6.718181818181819,0.004857142857142858,0.0,0.03733333333333333,0.1760869565217391
PCR0171,ALEX,20 à 40,0,3.0,regionL,0,1,Non renseigné,0,10 - 20 ans,1,Aucun,Pas de traitement,0.21818181818181823,0.1402857142857143,0.2990909090909091,0.004,1.8382608695652174
PCR0172,ALEX,20 à 40,0,3.0,regionF,0,0,Aucun,0,Aucun,0,Aucun,Pas de traitement,0.013636363636363636,0.006,0.0,0.0026666666666666666,0.003913043478260869
PCR0173,ALEX,20 à 40,1,3.0,regionI,0,1,Non renseigné,0,3 - 10 ans,1,Aucun,Pas de traitement,0.24818181818181817,0.124,0.035454545454545454,0.004,0.91
PCR0174,ALEX,20 à 40,0,3.0,regionI,0,1,Non renseigné,0,10 - 20 ans,1,Aucun,Pas de traitement,0.004545454545454546,0.029714285714285714,0.006363636363636363,0.006,0.14913043478260868
PCR0175,ALEX,10 à 20,0,3.0,regionF,0,1,Non renseigné,0,Aucun,0,Aucun,Pas de traitement,0.007272727272727273,0.014857142857142857,0.014545454545454545,1.886,0.23826086956521736
PCR0176,ALEX,20 à 40,0,7.0,regionF,0,0,Non renseigné,0,Non renseigné,0,Animaux : cheval/rongeur,Non renseigné,0.01636363636363636,0.006,0.0,0.0033333333333333335,0.004782608695652174
PCR0177,ALEX,20 à 40,0,7.0,regionF,0,0,Non renseigné,0,Non renseigné,0,Animaux : cheval/rongeur,Non renseigné,0.00818181818181818,0.003142857142857143,0.005454545454545454,0.008,0.002173913043478261
PCR0178,ALEX,0 à 10,1,4.0,regionL,0,1,Non renseigné,0,Aucun,0,Aucun,Pas de traitement,0.38090909090909086,0.004571428571428572,0.0,0.002,0.01173913043478261
PCR0179,ALEX,20 à 40,0,3.0,regionF,0,1,Aucun,0,10 - 20 ans,1,Effort/Activité sportive,Pas de traitement,0.014545454545454545,0.01542857142857143,0.0036363636363636364,0.025333333333333333,0.005652173913043478
PCR0180,ALEX,0 à 10,1,7.0,regionF,0,1,Non renseigné,0,Non renseigné,0,Animaux : cheval/rongeur,Non renseigné,0.007272727272727273,0.007142857142857143,0.0,0.012,0.0017391304347826088
PCR0181,ALEX,10 à 20,0,7.0,regionF,0,0,Non renseigné,0,Non renseigné,0,Animaux : cheval/rongeur,Non renseigné,0.009090909090909092,0.021142857142857144,0.0036363636363636364,0.008,0.005652173913043478
PCR0182,ALEX,40 à 60,0,3.0,regionI,0,1,Non renseigné,0,2 - 3 ans,1,Aucun,Pas de traitement,0.028181818181818183,0.010571428571428572,0.0036363636363636364,0.07733333333333332,0.0026086956521739132
PCR0183,ALEX,40 à 60,1,4.0,regionF,0,1,Non renseigné,0,Aucun,1,Effort/Activité sportive,Pas de traitement,2.772727272727273,0.16028571428571428,0.32545454545454544,0.002,0.13478260869565217
PCR0184,ALEX,40 à 60,1,4.0,regionF,0,1,Non renseigné,0,3 - 10 ans,1,Aucun,Pas de traitement,0.0,0.0,0.5909090909090909,0.0,0.08217391304347826
PCR0185,ALEX,60 à Plus,1,7.0,regionF,0,1,Non renseigné,0,Non renseigné,0,Animaux : cheval/rongeur,Non renseigné,0.0,0.0017142857142857144,0.0,0.002,0.0
PCR0186,ALEX,20 à 40,1,4.0,regionF,0,1,Non renseigné,0,Aucun,0,Aucun,Pas de traitement,0.0,0.008857142857142857,0.0,0.0,2.3347826086956522
PCR0187,ALEX,40 à 60,0,4.0,regionF,0,0,Non renseigné,0,Aucun,0,Aucun,Pas de traitement,0.0,0.002,0.0,0.0033333333333333335,0.0
PCR0188,ALEX,60 à Plus,0,7.0,regionF,0,0,Non renseigné,0,Non renseigné,0,Animaux : cheval/rongeur,Non renseigné,0.0,0.0,0.0,0.0006666666666666666,0.0
PCR0189,ALEX,20 à 40,0,7.0,regionF,0,1,Non renseigné,0,Non renseigné,0,Animaux : cheval/rongeur,Non renseigné,0.0009090909090909091,1.5894285714285712,0.0009090909090909091,0.008666666666666666,6.083478260869565
PCR0190,ALEX,40 à 60,1,7.0,regionF,0,1,Non renseigné,0,Non renseigné,0,Animaux : cheval/rongeur,Non renseigné,0.0,0.14085714285714288,0.057272727272727274,0.016,1.956086956521739
PCR0191,ALEX,0 à 10,1,5.0,regionF,0,1,Aucun,0,Aucun,0,Aucun,Pas de traitement,0.0,0.015142857142857144,0.0,0.006,0.006086956521739131
PCR0192,ALEX,10 à 20,1,7.0,regionF,0,1,Non renseigné,0,Non renseigné,0,Animaux : cheval/rongeur,Non renseigné,0.019090909090909092,0.018857142857142854,4.792727272727273,0.0,0.7621739130434783
PCR0193,ALEX,40 à 60,0,7.0,regionF,0,1,Non renseigné,0,Non renseigné,0,Animaux : cheval/rongeur,Non renseigné,0.45909090909090916,0.002857142857142857,0.0,0.008666666666666666,0.14391304347826087
PCR0194,ALEX,10 à 20,1,7.0,regionF,0,1,Non renseigné,0,Non renseigné,0,Animaux : cheval/rongeur,Non renseigné,9.48,0.47714285714285715,0.02,0.006666666666666667,0.6413043478260869
PCR0195,ALEX,0 à 10,1,7.0,regionF,0,1,Non renseigné,0,Non renseigné,0,Animaux : cheval/rongeur,Non renseigné,0.0,0.018571428571428572,0.0,0.005333333333333333,1.0421739130434784
PCR0196,ALEX,40 à 60,0,7.0,regionF,0,0,Non renseigné,0,Non renseigné,0,Animaux : cheval/rongeur,Non renseigné,0.002727272727272727,0.016,0.0,0.004,0.009130434782608696
PCR0197,ALEX,10 à 20,1,7.0,regionF,0,1,Non renseigné,0,Non renseigné,0,Animaux : cheval/rongeur,Non renseigné,0.0,1.0288571428571427,0.0,0.013333333333333334,5.838260869565217
PCR0198,ALEX,20 à 40,1,4.0,regionF,0,1,Aucun,0,3 - 10 ans,1,Aucun,Pas de traitement,0.05,0.2,0.01,0.06733333333333333,0.002608695652173913
PCR0199,ALEX,20 à 40,1,3.0,regionF,0,0,Aucun,0,0 - 2 ans,1,Aucun,Pas de traitement,0.0,0.001142857142857143,0.0,0.0,0.0
PCR0200,ALEX,20 à 40,1,7.0,regionF,0,1,Non renseigné,0,Non renseigné,0,Animaux : cheval/rongeur,Non renseigné,0.031818181818181815,0.3157142857142857,0.0,0.021333333333333333,0.23869565217391306
PCR0201,ALEX,40 à 60,0,3.0,regionF,0,1,Aucun,0,Aucun,0,Aucun,Pas de traitement,0.0,0.1834285714285714,0.011818181818181818,0.0,0.8182608695652174
PCR0202,ALEX,60 à Plus,0,3.0,regionI,0,1,Aucun,0,Aucun,0,Aucun,Pas de traitement,0.1918181818181818,0.02342857142857143,0.01,0.02333333333333333,0.012608695652173915
PCR0203,ALEX,20 à 40,0,7.0,regionF,0,1,Non renseigné,0,Non renseigné,0,Animaux : cheval/rongeur,Non renseigné,0.0,2.818,0.0,0.09200000000000001,8.606521739130434
PCR0204,ALEX,40 à 60,1,3.0,regionF,0,1,Non renseigné,0,Aucun,0,Aucun,Pas de traitement,4.6881818181818184,0.00028571428571428574,0.09,0.0,0.003913043478260869
PCR0205,ALEX,40 à 60,0,3.0,regionF,0,1,Aucun,0,Aucun,0,Aucun,Pas de traitement,0.05454545454545454,0.0017142857142857142,0.0,0.15666666666666665,0.0
PCR0206,ALEX,0 à 10,0,5.0,regionL,0,0,Aucun,0,Aucun,0,Aucun,Pas de traitement,0.0,0.010285714285714285,0.0,0.007333333333333333,0.004347826086956522
PCR0207,ALEX,0 à 10,0,7.0,regionF,0,1,Non renseigné,0,Non renseigné,0,Animaux : cheval/rongeur,Non renseigné,2.6036363636363635,7.678857142857143,13.139999999999999,0.196,7.578695652173913
PCR0208,ALEX,20 à 40,1,6.0,regionF,0,1,Aucun,0,20 ans et plus,0,Effort/Activité sportive,Pas de traitement,0.22090909090909092,0.012571428571428572,0.18181818181818182,0.007333333333333333,0.7165217391304348
PCR0209,ALEX,0 à 10,0,7.0,regionF,0,1,Non renseigné,0,Non renseigné,0,Animaux : cheval/rongeur,Non renseigné,4.588181818181818,0.21171428571428572,0.022727272727272728,0.2633333333333333,3.721304347826087
PCR0210,ALEX,20 à 40,1,5.0,regionF,0,1,Non renseigné,0,3 - 10 ans,1,Aucun,Pas de traitement,0.052727272727272734,0.8608571428571429,0.7345454545454545,0.04933333333333333,6.923913043478261
PCR0211,ALEX,60 à Plus,0,5.0,regionF,0,1,Non renseigné,0,Non renseigné,0,Aucun,Pas de traitement,0.053636363636363635,0.037714285714285714,0.011818181818181818,0.029333333333333333,0.044782608695652176
PCR0212,ALEX,40 à 60,1,5.0,regionF,0,0,Non renseigné,0,Aucun,0,Aucun,Pas de traitement,0.03363636363636364,0.028,0.011818181818181818,0.026000000000000002,0.022173913043478263
PCR0213,ALEX,40 à 60,1,7.0,regionF,0,1,Non renseigné,0,Non renseigné,0,Animaux : cheval/rongeur,Non renseigné,0.28727272727272724,0.328,0.007272727272727273,0.02666666666666667,2.293913043478261
PCR0214,ALEX,60 à Plus,1,7.0,regionF,0,1,Non renseigné,0,Non renseigné,0,Animaux : cheval/rongeur,Non renseigné,0.03636363636363637,0.05514285714285714,0.06909090909090909,0.06066666666666667,0.043043478260869565
PCR0215,ALEX,40 à 60,1,5.0,regionF,0,0,Aucun,0,Aucun,0,Aucun,Pas de traitement,0.031818181818181815,0.02857142857142857,0.017272727272727273,0.015333333333333334,0.03130434782608695
PCR0216,ALEX,0 à 10,1,5.0,regionL,0,1,Non renseigné,0,3 - 10 ans,0,Aucun,Pas de traitement,0.06454545454545456,0.05028571428571429,0.00818181818181818,0.10133333333333333,0.035217391304347825
PCR0217,ALEX,20 à 40,1,7.0,regionF,0,1,Non renseigné,0,Non renseigné,0,Animaux : cheval/rongeur,Non renseigné,5.492727272727273,0.04314285714285714,0.004545454545454546,0.029333333333333333,0.03565217391304348
PCR0218,ALEX,20 à 40,1,6.0,regionL,0,1,Non renseigné,0,20 ans et plus,1,Aucun,Pas de traitement,20.405454545454546,0.042,0.0,1.7006666666666668,0.5052173913043478
PCR0219,ALEX,0 à 10,1,7.0,regionF,0,0,Non renseigné,0,Non renseigné,0,Animaux : cheval/rongeur,Non renseigné,0.0,0.004857142857142857,0.0,0.008,0.008695652173913044
PCR0220,ALEX,10 à 20,1,6.0,regionF,1,1,Non renseigné,0,2 - 3 ans,1,Aucun,Pas de traitement,0.0,0.3,3.712727272727273,0.0,0.9256521739130434
PCR0221,ALEX,20 à 40,0,6.0,regionF,0,0,Non renseigné,0,Aucun,0,Aucun,Pas de traitement,0.0,0.0054285714285714284,0.0,0.002,0.01173913043478261
PCR0222,ALEX,40 à 60,1,6.0,regionF,0,1,Aucun,0,Aucun,0,Aucun,Pas de traitement,0.14818181818181816,0.04971428571428571,0.0,0.008,0.34
PCR0223,ALEX,0 à 10,1,7.0,regionF,0,1,Non renseigné,0,Non renseigné,0,Animaux : cheval/rongeur,Non renseigné,0.0,10.238,7.679090909090909,0.009333333333333334,11.025217391304347
PCR0224,ALEX,20 à 40,1,6.0,regionF,0,0,Non renseigné,0,Aucun,0,Aucun,Pas de traitement,0.0,0.006285714285714286,0.0,0.009333333333333334,0.01652173913043478
PCR0225,ALEX,10 à 20,1,7.0,regionF,0,1,Non renseigné,0,Non renseigné,0,Animaux : cheval/rongeur,Non renseigné,0.0,6.761428571428572,0.0,1.9186666666666667,0.3573913043478261
PCR0226,ALEX,40 à 60,1,6.0,regionF,0,1,Non renseigné,0,3 - 10 ans,1,Aucun,Pas de traitement,0.0,0.07857142857142857,0.002727272727272727,0.020666666666666667,0.01608695652173913
PCR0227,ALEX,0 à 10,1,7.0,regionF,0,1,Non renseigné,0,Non renseigné,0,Animaux : cheval/rongeur,Non renseigné,0.0,0.22485714285714287,0.31999999999999995,0.0026666666666666666,0.29043478260869565
PCR0228,ALEX,20 à 40,1,7.0,regionF,0,1,Non renseigné,0,Non renseigné,0,Animaux : cheval/rongeur,Non renseigné,0.0018181818181818182,0.11257142857142857,0.0,0.13,0.06304347826086958
PCR0229,ALEX,10 à 20,1,7.0,regionF,0,1,Non renseigné,0,Non renseigné,0,Animaux : cheval/rongeur,Non renseigné,0.0,0.03885714285714286,0.0009090909090909091,0.0,0.53
PCR0230,ALEX,20 à 40,0,6.0,regionL,0,1,Non renseigné,0,Aucun,0,Aucun,Pas de traitement,0.004545454545454546,0.29285714285714287,0.0,0.002,0.7604347826086956
PCR0231,ALEX,40 à 60,0,6.0,regionL,0,1,Non renseigné,0,Non renseigné,1,Aucun,Pas de traitement,19.314545454545456,0.017714285714285714,1.010909090909091,0.7913333333333334,0.8404347826086958
PCR0232,ALEX,10 à 20,0,7.0,regionF,1,1,Non renseigné,0,Aucun,0,Aucun,Pas de traitement,0.0,0.0,0.0,0.0,1.1921739130434783
PCR0233,ALEX,0 à 10,1,7.0,regionF,0,1,Non renseigné,0,Non renseigné,0,Animaux : cheval/rongeur,Non renseigné,0.012727272727272728,2.673142857142857,0.9990909090909091,0.016,5.213478260869565
PCR0234,ALEX,10 à 20,1,7.0,regionD,0,1,Aucun,0,0 - 2 ans,1,Aucun,Non renseigné,0.419090909090909,0.1305714285714286,3.5963636363636367,0.064,0.011304347826086957
PCR0235,ALEX,20 à 40,0,7.0,regionL,1,1,Non renseigné,0,Non renseigné,0,Animaux : cheval/rongeur,Non renseigné,0.0,0.6294285714285714,0.0,0.019333333333333334,1.2408695652173913
PCR0236,ALEX,10 à 20,1,7.0,regionF,0,0,Non renseigné,0,Non renseigné,0,Animaux : cheval/rongeur,Non renseigné,0.0,0.010571428571428572,0.0,0.006,0.012608695652173915
PCR0237,ALEX,0 à 10,1,7.0,regionL,0,1,Aucun,0,Aucun,0,Aucun,Pas de traitement,0.018181818181818184,0.036571428571428574,0.24545454545454548,0.006666666666666667,0.021304347826086957
PCR0238,ALEX,20 à 40,1,7.0,regionF,0,1,Non renseigné,0,Non renseigné,0,Animaux : cheval/rongeur,Non renseigné,0.0,0.006571428571428571,0.0,0.004,2.3343478260869563
PCR0239,ALEX,10 à 20,1,7.0,regionF,0,1,Non renseigné,0,Non renseigné,0,Animaux : cheval/rongeur,Non renseigné,0.006363636363636364,0.007142857142857143,0.0,0.002,2.274782608695652
PCR0240,ALEX,10 à 20,1,7.0,regionF,0,1,Non renseigné,0,Non renseigné,0,Animaux : cheval/rongeur,Non renseigné,0.6672727272727272,3.982,0.11545454545454546,0.09266666666666667,9.108695652173912
PCR0241,ALEX,0 à 10,0,6.0,regionF,1,1,Aucun,1,Non renseigné,1,Acariens,Pas de traitement,0.0,0.002285714285714286,0.0,0.0026666666666666666,0.8265217391304347
PCR0242,ALEX,0 à 10,1,7.0,regionF,0,1,Non renseigné,0,Non renseigné,0,Animaux : cheval/rongeur,Non renseigné,1.7309090909090907,0.5377142857142857,0.007272727272727273,0.03866666666666666,5.857826086956522
PCR0243,ALEX,10 à 20,0,7.0,regionF,0,1,Non renseigné,0,0 - 2 ans,1,Aucun,Pas de traitement,0.0,0.0005714285714285715,0.0,0.004666666666666667,3.960869565217391
PCR0244,ALEX,10 à 20,1,7.0,regionF,0,1,Non renseigné,0,Non renseigné,0,Animaux : cheval/rongeur,Non renseigné,0.0,0.0005714285714285715,0.0,2.7319999999999998,0.018695652173913047
PCR0245,ALEX,60 à Plus,0,7.0,regionF,0,1,Non renseigné,0,Non renseigné,0,Animaux : cheval/rongeur,Non renseigné,0.0,0.00028571428571428574,0.0,0.0,0.059565217391304354
PCR0246,ALEX,20 à 40,0,7.0,regionF,0,0,Non renseigné,0,Non renseigné,0,Animaux : cheval/rongeur,Non renseigné,0.0,0.0,0.0,0.0,0.004347826086956522
PCR0247,ALEX,40 à 60,0,7.0,regionF,0,1,Non renseigné,0,Non renseigné,0,Animaux : cheval/rongeur,Non renseigné,0.0,0.029142857142857144,0.0,0.004666666666666667,2.2360869565217394
PCR0248,ALEX,60 à Plus,1,7.0,regionF,0,1,Non renseigné,0,Non renseigné,0,Animaux : cheval/rongeur,Non renseigné,2.0954545454545457,0.13542857142857143,0.0,0.0,1.9947826086956524
PCR0249,ALEX,20 à 40,0,11.0,regionF,0,1,Non renseigné,0,20 ans et plus,1,Aucun,Pas de traitement,0.0,0.004857142857142858,0.35545454545454547,1.9933333333333332,2.4756521739130433
PCR0250,ALEX,20 à 40,1,7.0,regionF,0,1,Non renseigné,0,Non renseigné,0,Animaux : cheval/rongeur,Non renseigné,0.0,0.003142857142857143,0.0,0.0006666666666666666,0.008695652173913044
PCR0251,ALEX,0 à 10,1,7.0,regionI,0,1,Non renseigné,0,0 - 2 ans,1,Aucun,Pas de traitement,0.0,0.27114285714285713,1.5363636363636362,0.0,2.2726086956521736
PCR0252,ALEX,20 à 40,0,7.0,regionF,0,1,Non renseigné,0,Non renseigné,0,Animaux : cheval/rongeur,Non renseigné,1.1272727272727272,0.0005714285714285715,0.0,0.0,0.06913043478260869
PCR0253,ALEX,60 à Plus,0,7.0,regionL,1,1,Non renseigné,0,Non renseigné,0,Animaux : cheval/rongeur,Non renseigné,0.0,0.0,0.0,0.0006666666666666666,0.07434782608695653
PCR0254,ALEX,40 à 60,0,7.0,regionF,0,1,Non renseigné,0,Non renseigné,0,Animaux : cheval/rongeur,Non renseigné,0.0,0.001142857142857143,0.005454545454545454,0.018000000000000002,0.3656521739130435
PCR0255,ALEX,40 à 60,1,7.0,regionF,0,1,Non renseigné,0,Non renseigné,0,Animaux : cheval/rongeur,Non renseigné,0.0,0.005714285714285714,0.004545454545454546,0.246,2.276521739130435
PCR0256,ALEX,0 à 10,1,7.0,regionF,1,1,Anti-H1 voie générale,0,0 - 2 ans,1,Aucun,Dermocorticoïdes,9.581818181818182,6.8111428571428565,4.337272727272727,3.0133333333333336,4.641739130434782
PCR0257,ALEX,0 à 10,1,6.0,regionF,0,0,Non renseigné,0,Non renseigné,0,Animaux : cheval/rongeur,Non renseigné,0.0,0.0025714285714285717,0.0,0.0026666666666666666,0.010434782608695651
PCR0258,ALEX,10 à 20,1,6.0,regionF,0,1,Non renseigné,0,Non renseigné,1,Aucun,Pas de traitement,0.6854545454545454,2.278857142857143,1.1090909090909091,0.016666666666666666,4.706521739130435
PCR0259,ALEX,20 à 40,0,6.0,regionF,1,1,Aucun,0,20 ans et plus,0,Aucun,Pas de traitement,0.0018181818181818182,0.010285714285714285,0.0,0.002,0.010869565217391304
PCR0260,ALEX,10 à 20,1,6.0,regionL,0,1,Non renseigné,0,Non renseigné,0,Aucun,Pas de traitement,0.0,0.010285714285714285,0.0,0.0026666666666666666,0.1126086956521739
PCR0261,ALEX,20 à 40,0,8.0,regionF,0,1,Non renseigné,0,3 - 10 ans,1,Aucun,Pas de traitement,0.3518181818181818,0.5168571428571429,0.9490909090909091,0.006000000000000001,4.81695652173913
PCR0262,ALEX,20 à 40,0,7.0,regionF,0,1,Non renseigné,0,Non renseigné,0,Animaux : cheval/rongeur,Non renseigné,0.017272727272727273,0.0074285714285714285,0.022727272727272728,0.012,4.551304347826087
PCR0263,ALEX,20 à 40,0,7.0,regionF,0,1,Non renseigné,0,Non renseigné,0,Animaux : cheval/rongeur,Non renseigné,1.049090909090909,3.145142857142857,3.1263636363636365,1.552,3.8030434782608693
PCR0264,ALEX,10 à 20,0,7.0,regionI,0,1,Aucun,0,Non renseigné,0,Animaux : cheval/rongeur,Pas de traitement,0.0,0.43,0.004545454545454546,0.0,0.0008695652173913044
PCR0265,ALEX,40 à 60,1,7.0,regionF,0,1,Non renseigné,0,Non renseigné,0,Animaux : cheval/rongeur,Non renseigné,2.4972727272727275,0.004571428571428572,0.25181818181818183,0.0006666666666666666,0.0
PCR0266,ALEX,40 à 60,0,8.0,regionF,0,1,Non renseigné,0,Aucun,0,Aucun,Pas de traitement,0.3709090909090909,0.003142857142857143,0.04090909090909091,0.004666666666666666,0.10260869565217393
PCR0267,ALEX,20 à 40,1,5.0,regionI,0,1,Aucun,0,0 - 2 ans,1,Effort/Activité sportive,Pas de traitement,0.006363636363636364,0.06799999999999999,0.0,0.004,0.11782608695652173
PCR0268,ALEX,0 à 10,0,7.0,regionF,0,1,Aucun,0,3 - 10 ans,1,Aucun,Pas de traitement,0.009090909090909092,0.002857142857142857,0.0,0.0,0.002608695652173913
PCR0269,ALEX,10 à 20,0,8.0,regionF,0,1,Non renseigné,0,Non renseigné,1,Aucun,Pas de traitement,0.02,0.25571428571428567,3.49,0.0,0.3030434782608696
PCR0270,ALEX,20 à 40,1,8.0,regionL,0,1,Non renseigné,0,Non renseigné,0,Aucun,Pas de traitement,0.014545454545454545,0.0017142857142857144,0.05,0.0013333333333333333,0.6247826086956522
PCR0271,ALEX,0 à 10,0,8.0,regionF,0,1,Non renseigné,0,3 - 10 ans,1,Aucun,Pas de traitement,11.159999999999998,4.666,3.043636363636364,1.7793333333333332,9.571739130434782
PCR0272,ALEX,40 à 60,1,9.0,regionF,0,1,Non renseigné,0,Non renseigné,1,Aucun,Non renseigné,10.593636363636364,0.0005714285714285715,0.0,1.4093333333333333,0.0026086956521739132
PCR0273,ALEX,0 à 10,1,9.0,regionF,0,1,Non renseigné,0,0 - 2 ans,0,Aucun,Non renseigné,0.017272727272727273,0.0037142857142857142,0.004545454545454546,0.008,0.28739130434782606
PCR0274,ALEX,10 à 20,0,10.0,regionF,0,0,Non renseigné,0,Non renseigné,0,Animaux : cheval/rongeur,Non renseigné,0.01,0.0008571428571428571,0.0,0.010666666666666668,0.004782608695652174
PCR0275,ALEX,40 à 60,0,10.0,regionF,0,0,Non renseigné,0,Non renseigné,0,Animaux : cheval/rongeur,Non renseigné,0.0018181818181818182,0.002,0.0,0.008666666666666666,0.006956521739130435
PCR0276,ALEX,0 à 10,0,10.0,regionL,0,0,Non renseigné,0,Non renseigné,0,Animaux : cheval/rongeur,Non renseigné,0.00818181818181818,0.0005714285714285715,0.0,0.002,0.007391304347826088
PCR0277,ALEX,0 à 10,1,9.0,regionF,1,1,Aucun,1,3 - 10 ans,1,Aucun,Pas de traitement,0.3054545454545454,3.7354285714285718,0.049090909090909095,0.029333333333333333,0.061739130434782616
PCR0278,ALEX,20 à 40,1,9.0,regionF,0,1,Aucun,0,Non renseigné,1,Aucun,Pas de traitement,0.01090909090909091,0.0008571428571428571,0.0,0.010666666666666666,0.003913043478260869
PCR0279,ALEX,10 à 20,1,9.0,regionF,1,1,Non renseigné,0,Non renseigné,1,Animaux : cheval/rongeur,Non renseigné,0.002727272727272727,3.6325714285714286,0.0,0.0,0.6926086956521739
PCR0280,ALEX,10 à 20,0,8.0,regionF,1,1,Non renseigné,1,Non renseigné,1,Acariens,Dupilumab,20.14636363636364,2.8045714285714283,0.03272727272727272,1.3840000000000001,1.833913043478261
PCR0281,ALEX,40 à 60,0,9.0,regionF,1,0,Aucun,0,Non renseigné,0,Aucun,Pas de traitement,0.0,0.0014285714285714286,0.0,0.004666666666666667,0.0030434782608695647
PCR0282,ALEX,60 à Plus,0,9.0,regionF,0,1,Anti-H1 + CS,0,Non renseigné,0,Aucun,Pas de traitement,0.0,0.0,0.0,0.03266666666666666,0.0
PCR0283,ALEX,40 à 60,1,9.0,regionF,0,1,Anti-H1 voie générale,1,Non renseigné,0,Aucun,Pas de traitement,18.076363636363638,0.004857142857142858,0.015454545454545453,0.018000000000000002,1.327391304347826
PCR0284,ALEX,20 à 40,0,7.0,regionF,0,0,Non renseigné,0,Non renseigné,0,Animaux : cheval/rongeur,Non renseigné,0.011818181818181818,0.0037142857142857142,0.0,0.004666666666666667,0.00391304347826087
PCR0285,ALEX,10 à 20,1,10.0,regionF,0,1,Non renseigné,0,Non renseigné,0,Animaux : cheval/rongeur,Non renseigné,0.002727272727272727,0.532,0.12545454545454546,0.014,6.061304347826087
PCR0286,ALEX,10 à 20,0,9.0,regionF,1,1,Non renseigné,1,3 - 10 ans,0,Aucun,Non renseigné,2.070909090909091,2.107142857142857,4.245454545454545,0.17333333333333334,10.876086956521739
PCR0287,ALEX,0 à 10,1,9.0,regionF,0,1,Non renseigné,0,0 - 2 ans,1,Aucun,Pas de traitement,0.016363636363636365,0.8085714285714285,0.06181818181818182,0.206,0.08173913043478262
PCR0288,ALEX,20 à 40,0,10.0,regionF,0,1,Anti-H1 voie générale,1,Non renseigné,0,Effort/Activité sportive,Pas de traitement,0.002727272727272727,0.15799999999999997,0.8781818181818182,0.5206666666666666,0.9669565217391305
PCR0289,ALEX,20 à 40,0,10.0,regionF,1,1,Non renseigné,0,Non renseigné,0,Aucun,Pas de traitement,0.002727272727272727,0.009142857142857144,0.0,0.014666666666666668,0.010869565217391304
PCR0290,ALEX,40 à 60,1,10.0,regionF,1,1,Non renseigné,0,Non renseigné,0,Animaux : cheval/rongeur,Non renseigné,0.3836363636363636,0.0,0.0,0.0,0.0
PCR0291,ALEX,0 à 10,1,10.0,regionF,0,1,Aucun,0,Non renseigné,0,Aucun,Pas de traitement,1.2554545454545456,0.002,0.0,0.31733333333333336,0.07565217391304349
PCR0292,ALEX,20 à 40,0,10.0,regionF,1,1,Anti-H1 voie générale,0,Non renseigné,1,Aucun,Pas de traitement,0.3245454545454546,0.002,0.0,0.0,2.332608695652174
PCR0293,ALEX,10 à 20,0,10.0,regionI,1,1,Non renseigné,0,Non renseigné,0,Aucun,Non renseigné,0.1827272727272727,0.06285714285714286,0.08181818181818182,0.0013333333333333333,4.132173913043479
PCR0294,ALEX,40 à 60,0,7.0,regionF,0,1,Non renseigné,0,Non renseigné,0,Animaux : cheval/rongeur,Non renseigné,0.0,0.002857142857142857,0.0,0.0,0.012173913043478262
PCR0295,ALEX,0 à 10,1,7.0,regionF,0,1,Non renseigné,0,Non renseigné,0,Animaux : cheval/rongeur,Non renseigné,0.009090909090909092,0.013714285714285714,0.0,0.0,1.8782608695652174
PCR0296,ALEX,0 à 10,1,7.0,regionF,0,0,Non renseigné,0,Non renseigné,0,Animaux : cheval/rongeur,Non renseigné,0.014545454545454545,0.0005714285714285715,0.0,0.005333333333333333,0.0004347826086956522
PCR0297,ALEX,60 à Plus,0,7.0,regionF,0,0,Non renseigné,0,Non renseigné,0,Animaux : cheval/rongeur,Non renseigné,0.006363636363636364,0.0037142857142857142,0.0,0.0013333333333333333,0.0008695652173913044
PCR0298,ALEX,20 à 40,0,7.0,regionF,0,0,Non renseigné,0,Non renseigné,0,Animaux : cheval/rongeur,Non renseigné,0.002727272727272727,0.004285714285714286,0.0,0.0033333333333333335,0.0004347826086956522
PCR0299,ALEX,40 à 60,1,1.0,regionF,1,0,Aucun,0,20 ans et plus,0,Aucun,Pas de traitement,0.0,0.0017142857142857142,0.0,0.0,0.0030434782608695656
PCR0300,ALEX,10 à 20,1,12.0,regionF,0,1,Non renseigné,0,3 - 10 ans,1,Effort/Activité sportive,Pas de traitement,0.0,0.0,1.0818181818181818,0.006,1.7095652173913043
PCR0301,ALEX,20 à 40,0,12.0,regionF,0,1,Non renseigné,0,20 ans et plus,0,Aucun,Pas de traitement,0.00818181818181818,0.0,0.007272727272727273,0.0006666666666666666,0.019130434782608695
PCR0302,ALEX,0 à 10,1,2.0,regionF,1,1,Aucun,0,0 - 2 ans,1,Aucun,Pas de traitement,1.2736363636363637,0.0008571428571428571,0.0,0.0,0.0
PCR0303,ALEX,10 à 20,1,11.0,regionF,1,1,Aucun,0,0 - 2 ans,1,Aucun,Pas de traitement,0.3609090909090909,1.0542857142857143,0.9281818181818182,0.18533333333333335,2.8665217391304343
PCR0304,ALEX,40 à 60,0,7.0,regionF,0,1,Non renseigné,0,Non renseigné,0,Animaux : cheval/rongeur,Non renseigné,1.241818181818182,0.0008571428571428571,0.18999999999999997,0.0,0.0482608695652174
PCR0305,ALEX,60 à Plus,0,7.0,regionF,0,1,Non renseigné,0,Non renseigné,0,Animaux : cheval/rongeur,Non renseigné,0.011818181818181818,0.004,0.0,0.030000000000000006,0.006086956521739131
PCR0306,ALEX,20 à 40,0,1.0,regionF,1,1,Aucun,0,Aucun,0,Aucun,Pas de traitement,4.38909090909091,0.004571428571428572,0.024545454545454547,1.6766666666666665,0.4330434782608696
PCR0307,ALEX,0 à 10,1,2.0,regionF,0,1,Non renseigné,0,Non renseigné,1,Aucun,Pas de traitement,0.009090909090909092,0.6214285714285714,0.6709090909090908,0.852,2.720434782608695
PCR0308,ALEX,60 à Plus,0,2.0,regionF,0,1,Anti-H1 voie générale,0,Aucun,0,Aucun,Pas de traitement,0.00818181818181818,0.0,0.0018181818181818182,0.07733333333333332,0.005652173913043478
PCR0309,ALEX,20 à 40,1,7.0,regionF,0,1,Non renseigné,0,Non renseigné,0,Animaux : cheval/rongeur,Non renseigné,18.645454545454545,4.8425714285714285,35.45454545454545,4.922,9.21782608695652
PCR0310,ALEX,40 à 60,0,7.0,regionF,0,1,Non renseigné,0,Non renseigné,0,Animaux : cheval/rongeur,Non renseigné,0.9672727272727273,0.026857142857142857,1.0372727272727273,0.0026666666666666666,0.11130434782608696
PCR0311,ALEX,10 à 20,0,2.0,regionF,0,1,"Anti-H1, voie locale",0,Aucun,0,Aucun,Pas de traitement,2.3290909090909087,0.010857142857142857,0.05454545454545454,0.23933333333333331,0.31086956521739134
PCR0312,ALEX,40 à 60,0,7.0,regionF,0,1,Non renseigné,0,Non renseigné,0,Animaux : cheval/rongeur,Non renseigné,0.0,0.0,0.5109090909090909,0.014666666666666666,0.6708695652173913
PCR0313,ALEX,10 à 20,1,11.0,regionF,0,1,Non renseigné,0,Aucun,0,Aucun,Pas de traitement,0.0,0.0017142857142857144,0.0,0.009333333333333334,0.5986956521739131
PCR0314,ALEX,10 à 20,1,1.0,regionF,0,1,Non renseigné,0,Aucun,0,Aucun,Pas de traitement,18.279090909090908,0.0005714285714285715,0.12818181818181817,0.004666666666666667,8.313478260869566
PCR0315,ALEX,20 à 40,0,7.0,regionF,0,1,Non renseigné,0,Non renseigné,0,Animaux : cheval/rongeur,Non renseigné,1.5463636363636362,0.08542857142857144,1.6109090909090908,0.058666666666666666,2.1478260869565218
PCR0316,ALEX,40 à 60,1,11.0,regionF,0,1,Aucun,0,Aucun,0,Aucun,Pas de traitement,0.13545454545454547,0.0,0.1390909090909091,0.006666666666666667,1.982608695652174
PCR0317,ALEX,10 à 20,1,11.0,regionF,0,1,"Anti-H1, voie locale",0,10 - 20 ans,1,Aucun,Pas de traitement,0.0018181818181818182,0.004285714285714286,0.0,0.0,6.355217391304349
PCR0318,ALEX,10 à 20,0,7.0,regionF,0,1,Non renseigné,0,Non renseigné,0,Animaux : cheval/rongeur,Non renseigné,0.018181818181818184,0.6699999999999999,0.011818181818181818,0.0006666666666666666,2.819130434782609
PCR0319,ALEX,60 à Plus,0,1.0,regionF,0,1,Aucun,0,Aucun,0,Aucun,Pas de traitement,0.0,0.001142857142857143,0.0,0.0,0.34739130434782606
PCR0320,ALEX,40 à 60,1,7.0,regionF,0,0,Non renseigné,0,Non renseigné,0,Animaux : cheval/rongeur,Non renseigné,0.006363636363636364,0.0,0.0,0.0,0.0008695652173913044
PCR0321,ALEX,0 à 10,1,1.0,regionF,1,1,Aucun,0,0 - 2 ans,1,Aucun,Pas de traitement,0.007272727272727273,7.114,0.7954545454545454,0.0026666666666666666,0.002173913043478261
PCR0322,ALEX,10 à 20,1,7.0,regionF,0,1,Non renseigné,0,Non renseigné,0,Animaux : cheval/rongeur,Non renseigné,8.888181818181819,4.833142857142857,0.1690909090909091,0.012,5.289130434782609
PCR0323,ALEX,10 à 20,1,3.0,regionF,0,1,Non renseigné,0,0 - 2 ans,1,Aucun,Pas de traitement,0.007272727272727273,0.001142857142857143,0.0018181818181818182,0.0,5.231739130434782
PCR0324,ALEX,0 à 10,0,7.0,regionF,0,0,Non renseigné,0,Non renseigné,0,Animaux : cheval/rongeur,Non renseigné,0.007272727272727273,0.0019999999999999996,0.0,0.0,0.002608695652173913
PCR0325,ALEX,0 à 10,0,2.0,regionF,0,1,Aucun,1,0 - 2 ans,1,Aucun,Pas de traitement,0.028181818181818183,4.706571428571429,13.270909090909093,1.1133333333333333,0.9221739130434783
PCR0326,ALEX,0 à 10,1,7.0,regionF,0,1,Non renseigné,0,Non renseigné,0,Animaux : cheval/rongeur,Non renseigné,13.137272727272727,0.9279999999999999,6.598181818181818,0.024000000000000004,0.32
PCR0327,ALEX,10 à 20,0,3.0,regionF,0,1,Non renseigné,0,3 - 10 ans,1,Aucun,Pas de traitement,0.0,0.0,0.03909090909090909,0.002,1.0926086956521741
PCR0328,ALEX,20 à 40,0,1.0,regionF,1,1,Aucun,0,Aucun,0,Effort/Activité sportive,Pas de traitement,3.1345454545454543,0.020857142857142855,4.95,0.0026666666666666666,4.375217391304347
PCR0329,ALEX,40 à 60,0,7.0,regionF,0,0,Non renseigné,0,Non renseigné,0,Animaux : cheval/rongeur,Non renseigné,0.006363636363636364,0.0017142857142857142,0.007272727272727273,0.002,0.00826086956521739
PCR0330,ALEX,0 à 10,1,7.0,regionF,0,1,Non renseigné,0,Non renseigné,0,Animaux : cheval/rongeur,Non renseigné,0.32363636363636367,3.2608571428571427,3.286363636363636,0.1833333333333333,1.315217391304348
PCR0331,ALEX,10 à 20,1,7.0,regionF,0,1,Non renseigné,0,Non renseigné,0,Animaux : cheval/rongeur,Non renseigné,3.8663636363636367,0.09685714285714286,0.7981818181818183,0.027333333333333334,0.2708695652173913
PCR0332,ALEX,10 à 20,0,2.0,regionI,0,1,Non renseigné,0,Non renseigné,1,Aucun,Pas de traitement,15.538181818181819,8.360857142857142,8.73,1.6433333333333335,6.55304347826087
PCR0333,ALEX,0 à 10,0,1.0,regionD,0,1,Non renseigné,0,0 - 2 ans,1,Aucun,Autres,16.894545454545455,0.007714285714285715,8.298181818181819,0.036000000000000004,0.7752173913043477
PCR0334,ALEX,40 à 60,1,7.0,regionF,0,1,Non renseigné,0,Non renseigné,0,Animaux : cheval/rongeur,Non renseigné,7.622727272727274,0.04314285714285714,1.9654545454545456,0.5273333333333333,1.0804347826086957
PCR0335,ALEX,20 à 40,1,1.0,regionF,0,1,Non renseigné,0,10 - 20 ans,1,Aucun,Pas de traitement,0.26363636363636367,0.006285714285714286,0.012727272727272728,0.006666666666666667,0.0052173913043478265
PCR0336,ALEX,0 à 10,1,12.0,regionF,0,0,Aucun,0,Aucun,0,Aucun,Pas de traitement,0.0,0.002285714285714286,0.005454545454545455,0.0033333333333333335,0.006956521739130435
PCR0337,ALEX,40 à 60,0,7.0,regionL,1,1,Non renseigné,0,Non renseigné,0,Animaux : cheval/rongeur,Non renseigné,0.0,0.0,0.0,0.002,0.9234782608695652
PCR0338,ALEX,40 à 60,1,7.0,regionL,1,1,Non renseigné,0,Non renseigné,0,Animaux : cheval/rongeur,Non renseigné,3.3190909090909098,0.05,3.9954545454545456,0.006,0.12565217391304348
PCR0339,ALEX,10 à 20,1,1.0,regionF,0,1,Aucun,0,Aucun,0,Aucun,Pas de traitement,0.7427272727272727,0.005142857142857143,0.14545454545454545,0.0033333333333333335,0.005652173913043478
PCR0340,ALEX,20 à 40,1,7.0,regionF,0,1,Non renseigné,0,Non renseigné,0,Animaux : cheval/rongeur,Non renseigné,0.01909090909090909,0.0025714285714285713,0.0,0.0,0.003913043478260869
PCR0341,ALEX,10 à 20,0,7.0,regionF,0,1,Non renseigné,0,Non renseigné,0,Animaux : cheval/rongeur,Non renseigné,3.019090909090909,4.184571428571429,16.150000000000002,0.286,4.116086956521739
PCR0342,ALEX,40 à 60,0,2.0,regionI,0,0,Aucun,0,20 ans et plus,1,Aucun,Pas de traitement,0.0036363636363636364,0.005142857142857143,0.0,0.0006666666666666666,0.01173913043478261
PCR0343,ALEX,20 à 40,0,2.0,regionF,0,1,"Anti-H1, voie locale",0,Aucun,0,Aucun,Pas de traitement,0.0,0.001142857142857143,0.007272727272727273,0.006666666666666666,0.06304347826086958
PCR0344,ALEX,20 à 40,0,1.0,regionF,0,1,Non renseigné,0,Aucun,0,Aucun,Pas de traitement,0.0,0.001142857142857143,0.0,0.654,0.1482608695652174
PCR0345,ALEX,10 à 20,0,7.0,regionL,1,1,Non renseigné,0,Non renseigné,0,Animaux : cheval/rongeur,Non renseigné,12.944545454545453,0.392,1.8136363636363635,0.01,3.6708695652173917
PCR0346,ALEX,60 à Plus,0,12.0,regionF,0,1,Aucun,0,0 - 2 ans,1,Aucun,Pas de traitement,0.010000000000000002,0.23971428571428574,0.006363636363636364,0.002,0.010000000000000002
PCR0347,ALEX,60 à Plus,0,12.0,regionF,0,1,Aucun,0,Aucun,1,Aucun,Pas de traitement,0.009090909090909092,0.002857142857142857,0.0,0.013333333333333334,0.017826086956521738
PCR0348,ALEX,40 à 60,0,7.0,regionF,0,0,Non renseigné,0,Non renseigné,0,Animaux : cheval/rongeur,Non renseigné,0.018181818181818184,0.005714285714285714,0.0,0.0,0.0017391304347826088
PCR0349,ALEX,40 à 60,1,7.0,regionF,0,1,Non renseigné,0,Non renseigné,0,Animaux : cheval/rongeur,Non renseigné,10.244545454545454,0.6214285714285714,2.2827272727272727,0.028666666666666667,3.1365217391304356
PCR0350,ALEX,20 à 40,0,2.0,regionF,0,0,Aucun,0,Aucun,0,Aucun,Pas de traitement,0.01,0.0025714285714285713,0.0,0.0026666666666666666,0.0034782608695652175
PCR0351,ALEX,40 à 60,0,2.0,regionF,0,1,Anti-H1 + CS,0,0 - 2 ans,1,Aucun,Pas de traitement,12.0,0.008285714285714287,1.7127272727272727,0.008666666666666666,5.342608695652174
PCR0352,ALEX,20 à 40,1,7.0,regionF,0,1,Non renseigné,0,Non renseigné,0,Animaux : cheval/rongeur,Non renseigné,0.0,0.0,0.005454545454545454,0.5093333333333333,0.1252173913043478
PCR0353,ALEX,40 à 60,0,11.0,regionF,0,1,Aucun,0,Aucun,0,Aucun,Pas de traitement,0.0,0.00028571428571428574,0.0018181818181818182,0.0,0.007391304347826088
PCR0354,ALEX,60 à Plus,0,12.0,regionF,0,0,Aucun,0,Aucun,0,Aucun,Pas de traitement,0.0018181818181818182,0.006000000000000001,0.0,0.0006666666666666666,0.008695652173913044
PCR0355,ALEX,60 à Plus,1,7.0,regionL,1,1,Non renseigné,0,Non renseigné,0,Animaux : cheval/rongeur,Non renseigné,0.002727272727272727,0.006857142857142858,0.41181818181818175,0.002,1.1043478260869564
PCR0356,ALEX,40 à 60,1,7.0,regionF,0,1,Non renseigné,0,Non renseigné,0,Animaux : cheval/rongeur,Non renseigné,0.006363636363636364,0.0017142857142857142,0.0,0.0033333333333333335,0.0004347826086956522
PCR0357,ALEX,40 à 60,0,3.0,regionF,0,1,Aucun,0,Aucun,0,Aucun,Pas de traitement,0.8327272727272728,0.0005714285714285715,0.0018181818181818182,0.002,0.03260869565217391
PCR0358,ALEX,20 à 40,0,3.0,regionF,0,1,Aucun,0,Aucun,0,Aucun,Pas de traitement,0.022727272727272728,0.6174285714285714,3.522727272727273,0.007333333333333333,12.69086956521739
PCR0359,ALEX,0 à 10,0,3.0,regionF,0,1,Aucun,0,2 - 3 ans,1,Aucun,Pas de traitement,0.017272727272727273,0.842,0.009090909090909092,0.0026666666666666666,0.005652173913043478
PCR0360,ALEX,20 à 40,0,3.0,regionF,0,1,Non renseigné,0,20 ans et plus,1,Aucun,Pas de traitement,0.0009090909090909091,0.0008571428571428571,2.7281818181818185,0.002,2.96
PCR0361,ALEX,0 à 10,0,7.0,regionF,0,0,Non renseigné,0,Non renseigné,0,Animaux : cheval/rongeur,Non renseigné,0.005454545454545454,0.0005714285714285715,0.0,0.0006666666666666666,0.0
PCR0362,ALEX,20 à 40,0,7.0,regionF,0,0,Non renseigné,0,Non renseigné,0,Animaux : cheval/rongeur,Non renseigné,0.0,0.001142857142857143,0.0036363636363636364,0.0026666666666666666,0.004347826086956522
PCR0363,ALEX,40 à 60,0,12.0,regionF,0,1,Non renseigné,0,0 - 2 ans,1,Aucun,Pas de traitement,0.0,0.0025714285714285713,0.7681818181818181,0.38799999999999996,0.017826086956521738
PCR0364,ALEX,0 à 10,1,7.0,regionF,0,1,Non renseigné,0,Non renseigné,0,Animaux : cheval/rongeur,Non renseigné,0.0,0.4382857142857143,0.0,0.007333333333333333,0.27695652173913043
PCR0365,ALEX,0 à 10,1,11.0,regionL,0,1,"Anti-H1, voie locale",0,Aucun,0,Aucun,Pas de traitement,10.980909090909092,0.156,0.9245454545454546,0.008666666666666666,3.847826086956522
PCR0366,ALEX,40 à 60,0,12.0,regionF,0,1,Aucun,0,20 ans et plus,1,Aucun,Pas de traitement,9.15090909090909,0.002285714285714286,0.3609090909090909,0.07400000000000001,0.30173913043478257
PCR0367,ALEX,20 à 40,1,7.0,regionF,0,1,Non renseigné,0,Non renseigné,0,Animaux : cheval/rongeur,Non renseigné,0.0009090909090909091,0.0017142857142857142,0.3336363636363636,0.006666666666666667,1.6443478260869566
PCR0368,ALEX,60 à Plus,1,3.0,regionF,0,0,Non renseigné,0,20 ans et plus,0,Aucun,Pas de traitement,0.023636363636363636,0.002,0.0018181818181818182,0.0013333333333333333,0.011304347826086957
PCR0369,ALEX,10 à 20,1,3.0,regionF,0,1,Non renseigné,0,Aucun,0,Aucun,Pas de traitement,0.00818181818181818,0.4491428571428572,0.9781818181818182,1.7466666666666668,9.909565217391306
PCR0370,ALEX,20 à 40,0,3.0,regionF,0,1,Non renseigné,0,Non renseigné,1,Aucun,Pas de traitement,0.0018181818181818182,0.0008571428571428571,0.0,0.0006666666666666666,1.9982608695652175
PCR0371,ALEX,10 à 20,1,3.0,regionF,1,1,Non renseigné,0,Non renseigné,1,Aucun,Pas de traitement,0.2290909090909091,2.0682857142857145,0.017272727272727273,2.5940000000000003,9.727826086956522
PCR0372,ALEX,0 à 10,1,7.0,regionF,1,1,Non renseigné,0,Non renseigné,0,Animaux : cheval/rongeur,Non renseigné,0.010909090909090908,3.47,0.23454545454545456,0.02866666666666667,9.441304347826087
PCR0373,ALEX,10 à 20,0,11.0,regionF,1,1,Non renseigné,1,2 - 3 ans,1,Aucun,Pas de traitement,0.013636363636363636,1.7994285714285716,0.007272727272727273,0.009333333333333332,4.722173913043478
PCR0374,ALEX,40 à 60,0,11.0,regionF,0,1,Aucun,0,Non renseigné,1,Aucun,Pas de traitement,0.02090909090909091,0.05171428571428571,0.0,0.005333333333333333,0.013478260869565217
PCR0375,ALEX,20 à 40,0,7.0,regionF,0,1,Non renseigné,0,Non renseigné,0,Animaux : cheval/rongeur,Non renseigné,0.004545454545454546,0.0005714285714285715,0.0009090909090909091,0.0026666666666666666,0.6517391304347825
PCR0376,ALEX,60 à Plus,1,2.0,regionI,0,1,Non renseigné,0,Non renseigné,1,Aucun,Pas de traitement,0.004545454545454546,0.0014285714285714286,0.0,0.004666666666666667,0.041304347826086954
PCR0377,ALEX,60 à Plus,0,2.0,regionF,0,1,Non renseigné,0,Non renseigné,0,Aucun,Pas de traitement,0.0018181818181818182,0.0,0.0,0.002,0.8865217391304349
PCR0378,ALEX,40 à 60,0,2.0,regionF,0,0,Non renseigné,0,Aucun,0,Aucun,Pas de traitement,0.002727272727272727,0.00028571428571428574,0.0018181818181818182,0.0026666666666666666,0.0034782608695652175
PCR0379,ALEX,40 à 60,0,2.0,regionF,0,0,Aucun,0,Aucun,0,Aucun,Pas de traitement,0.0,0.0,0.0,0.0026666666666666666,0.008695652173913044
PCR0380,ALEX,20 à 40,0,7.0,regionF,0,1,Non renseigné,0,Non renseigné,0,Animaux : cheval/rongeur,Non renseigné,0.3909090909090909,0.0025714285714285713,0.0,0.012,0.0034782608695652175
PCR0381,ALEX,40 à 60,0,12.0,regionF,0,1,Non renseigné,0,0 - 2 ans,1,Aucun,Pas de traitement,0.017272727272727273,0.002857142857142857,0.017272727272727273,0.24466666666666667,0.0008695652173913044
PCR0382,ALEX,20 à 40,0,7.0,regionF,0,1,Non renseigné,0,Non renseigné,0,Animaux : cheval/rongeur,Non renseigné,0.023636363636363636,0.0,0.0036363636363636364,0.35,0.3160869565217391
PCR0383,ALEX,40 à 60,0,12.0,regionG,0,1,Aucun,0,Aucun,0,Effort/Activité sportive,Pas de traitement,0.013636363636363636,0.006285714285714286,0.06636363636363636,0.007333333333333333,0.3517391304347826
PCR0384,ALEX,0 à 10,1,3.0,regionF,0,0,Aucun,0,0 - 2 ans,0,Aucun,Pas de traitement,0.017272727272727273,0.00028571428571428574,0.006363636363636364,0.006,0.004347826086956522
PCR0385,ALEX,40 à 60,1,7.0,regionF,0,0,Non renseigné,0,Non renseigné,0,Animaux : cheval/rongeur,Non renseigné,0.0018181818181818182,0.0034285714285714284,0.011818181818181818,0.0033333333333333335,0.0
PCR0386,ALEX,40 à 60,1,2.0,regionI,0,1,Aucun,0,20 ans et plus,1,Aucun,Pas de traitement,0.01909090909090909,0.0,0.0009090909090909091,0.0,0.08869565217391305
PCR0387,ALEX,0 à 10,1,7.0,regionF,0,1,Non renseigné,0,Non renseigné,0,Animaux : cheval/rongeur,Non renseigné,0.022727272727272728,0.0014285714285714286,0.002727272727272727,0.0026666666666666666,2.41
PCR0388,ALEX,60 à Plus,0,6.0,regionF,0,1,Non renseigné,0,20 ans et plus,1,Autres,Pas de traitement,0.02,0.001142857142857143,0.006363636363636364,0.012,0.027391304347826086
PCR0389,ALEX,40 à 60,0,6.0,regionF,1,1,Aucun,0,Non renseigné,1,Aucun,Pas de traitement,0.035454545454545454,0.015142857142857144,0.0036363636363636364,0.009333333333333334,0.012173913043478262
PCR0390,ALEX,20 à 40,1,4.0,regionF,0,1,"Anti-H1, voie locale",1,3 - 10 ans,1,Animaux : chat/chien,Pas de traitement,0.010909090909090908,0.0005714285714285715,2.159090909090909,0.47733333333333333,2.14
PCR0391,ALEX,40 à 60,1,4.0,regionF,0,1,Aucun,0,Non renseigné,1,Aucun,Non renseigné,0.0009090909090909091,0.0014285714285714286,1.699090909090909,0.002,0.016956521739130436
PCR0392,ALEX,10 à 20,1,4.0,regionF,1,1,Non renseigné,0,10 - 20 ans,1,Aucun,Pas de traitement,6.374545454545455,0.9914285714285715,1.321818181818182,0.442,6.125217391304347
PCR0393,ALEX,40 à 60,0,5.0,regionI,0,0,Aucun,0,Non renseigné,0,Aucun,Pas de traitement,0.03363636363636364,0.006000000000000001,0.014545454545454549,0.0,0.002608695652173913
PCR0394,ALEX,10 à 20,1,4.0,regionL,1,1,Non renseigné,0,Non renseigné,0,Aucun,Non renseigné,0.00818181818181818,0.0037142857142857142,0.011818181818181818,0.004666666666666667,2.5269565217391308
PCR0395,ALEX,20 à 40,0,4.0,regionF,1,1,Non renseigné,0,Non renseigné,0,Aucun,Non renseigné,0.5081818181818182,0.0,0.0009090909090909091,0.0033333333333333335,0.08739130434782608
PCR0396,ALEX,20 à 40,0,3.0,regionI,1,1,Non renseigné,0,Non renseigné,0,Aucun,Pas de traitement,4.816363636363636,0.00028571428571428574,0.43636363636363634,0.0013333333333333333,0.8804347826086957
PCR0397,ALEX,20 à 40,0,4.0,regionF,0,0,Non renseigné,0,Non renseigné,0,Aucun,Non renseigné,0.0,0.0,0.0,0.0,0.0
PCR0398,ALEX,10 à 20,1,4.0,regionF,1,1,"Anti-H1, voie locale",0,2 - 3 ans,0,Aucun,Non renseigné,0.011818181818181818,0.0,0.0,0.0006666666666666666,0.002608695652173913
PCR0399,ALEX,20 à 40,0,6.0,regionF,0,0,Aucun,0,Non renseigné,1,Aucun,Pas de traitement,0.009090909090909092,0.005714285714285714,0.0018181818181818182,0.002,0.0004347826086956522
PCR0400,ALEX,10 à 20,1,4.0,regionF,0,1,Non renseigné,0,Non renseigné,0,Acariens,Pas de traitement,0.020000000000000004,0.02542857142857143,0.014545454545454545,0.012666666666666666,12.75
PCR0401,ALEX,0 à 10,1,6.0,regionF,1,1,Non renseigné,0,Non renseigné,0,Aucun,Non renseigné,15.058181818181817,2.7445714285714287,0.34,0.011333333333333332,10.731304347826088
PCR0402,ALEX,20 à 40,0,4.0,regionF,0,1,Non renseigné,0,Non renseigné,1,Acariens,Pas de traitement,0.002727272727272727,0.0,0.0018181818181818182,0.0,0.0034782608695652175
PCR0403,ALEX,0 à 10,1,6.0,regionF,0,1,"Anti-H1, voie locale",1,3 - 10 ans,1,Animaux : chat/chien,Pas de traitement,9.443636363636363,0.4225714285714286,2.8572727272727274,0.0,6.193913043478261
PCR0404,ALEX,40 à 60,0,6.0,regionF,0,0,Anti-H1 voie générale,1,Non renseigné,0,Aucun,Pas de traitement,0.01636363636363636,0.004,0.0,0.0,0.0
PCR0405,ALEX,20 à 40,0,6.0,regionF,0,0,Aucun,0,Non renseigné,0,Aucun,Pas de traitement,0.0,0.0008571428571428571,0.0009090909090909091,0.0033333333333333335,0.005652173913043478
PCR0406,ALEX,0 à 10,1,5.0,regionF,1,1,Aucun,0,Non renseigné,0,Aucun,Pas de traitement,0.0036363636363636364,0.3977142857142857,0.00818181818181818,0.018666666666666665,0.0
PCR0407,ALEX,10 à 20,1,6.0,regionF,1,1,Anti-H1 voie générale,1,2 - 3 ans,1,Aucun,Pas de traitement,0.012727272727272728,0.039714285714285716,0.0018181818181818182,0.002,4.757391304347826
PCR0408,ALEX,40 à 60,1,7.0,regionF,0,1,Non renseigné,0,Non renseigné,0,Animaux : cheval/rongeur,Non renseigné,2.8518181818181816,0.0014285714285714286,0.004545454545454546,0.021333333333333333,1.8543478260869564
PCR0409,ALEX,0 à 10,0,5.0,regionD,0,0,Anti-H1 voie générale,1,10 - 20 ans,1,Aucun,Pas de traitement,0.0,0.0,0.002727272727272727,0.0,0.010434782608695651
PCR0410,ALEX,10 à 20,1,6.0,regionF,0,0,Anti-H1 voie générale,0,Non renseigné,0,Acariens,Pas de traitement,0.014545454545454545,0.007999999999999998,0.006363636363636364,0.008,0.004347826086956522
PCR0411,ALEX,20 à 40,0,6.0,regionI,1,0,Aucun,0,Non renseigné,1,Aucun,Non renseigné,0.0,0.0,0.002727272727272727,0.0006666666666666666,0.004782608695652174
PCR0412,ALEX,10 à 20,0,6.0,regionF,1,1,Non renseigné,0,Non renseigné,0,Aucun,Non renseigné,0.004545454545454546,0.39971428571428574,0.002727272727272727,0.0026666666666666666,0.006086956521739131
PCR0413,ALEX,10 à 20,1,4.0,regionF,0,1,Non renseigné,0,Non renseigné,0,Aucun,Pas de traitement,16.415454545454544,0.26485714285714285,2.666363636363636,0.0026666666666666666,4.833913043478261
PCR0414,ALEX,20 à 40,1,5.0,regionF,0,1,Aucun,0,Non renseigné,0,Aucun,Pas de traitement,2.036363636363636,0.006285714285714286,0.005454545454545454,1.6446666666666667,3.289130434782609
PCR0415,ALEX,20 à 40,0,5.0,regionF,0,1,Non renseigné,0,Non renseigné,1,Aucun,Pas de traitement,0.03272727272727272,0.004285714285714286,0.0036363636363636364,0.007333333333333333,0.004347826086956522
PCR0416,ALEX,0 à 10,0,6.0,regionF,1,0,Anti-H1 + CS,1,0 - 2 ans,0,Aucun,Pas de traitement,0.0,0.0014285714285714286,0.0,0.0013333333333333333,0.003913043478260869
PCR0417,ALEX,20 à 40,0,7.0,regionA,0,1,Non renseigné,0,Non renseigné,1,Effort/Activité sportive,Non renseigné,0.04727272727272727,0.052571428571428575,0.011818181818181818,0.004,0.01652173913043478
PCR0418,ALEX,20 à 40,0,7.0,regionF,0,1,Non renseigné,0,Non renseigné,1,Animaux : cheval/rongeur,Non renseigné,0.057272727272727274,0.08114285714285714,0.0009090909090909091,0.0,4.823478260869565
PCR0419,ALEX,40 à 60,0,7.0,regionF,1,1,Non renseigné,0,Non renseigné,1,Animaux : cheval/rongeur,Non renseigné,0.04181818181818182,0.008571428571428572,0.0009090909090909091,0.004666666666666667,0.009565217391304347
PCR0420,ALEX,40 à 60,0,5.0,regionF,0,1,Non renseigné,0,Non renseigné,1,Aucun,Non renseigné,0.15181818181818182,0.020857142857142855,0.025454545454545455,0.016,0.008695652173913044
PCR0421,ALEX,20 à 40,0,7.0,regionF,0,1,Non renseigné,0,Non renseigné,1,Animaux : cheval/rongeur,Non renseigné,0.8245454545454546,0.41514285714285715,0.07181818181818182,0.35,5.931304347826088
PCR0422,ALEX,10 à 20,1,5.0,regionF,0,1,Non renseigné,0,Non renseigné,0,Aucun,Non renseigné,0.006363636363636364,0.002,0.0009090909090909091,0.004,0.5147826086956522
PCR0423,ALEX,40 à 60,1,7.0,regionF,0,1,Non renseigné,0,Non renseigné,0,Animaux : cheval/rongeur,Non renseigné,4.315454545454545,0.878,2.7045454545454546,2.691333333333333,7.544782608695653
PCR0424,ALEX,0 à 10,1,7.0,regionF,0,1,Non renseigné,0,Non renseigné,0,Animaux : cheval/rongeur,Non renseigné,0.4727272727272727,0.3097142857142857,0.08090909090909092,0.006666666666666667,0.4469565217391305
PCR0425,ALEX,10 à 20,0,7.0,regionF,1,1,Aucun,0,Non renseigné,0,Animaux : cheval/rongeur,Pas de traitement,0.017272727272727273,0.14571428571428574,0.05818181818181818,0.004,4.236086956521739
PCR0426,ALEX,10 à 20,0,7.0,regionF,0,0,Non renseigné,0,Non renseigné,0,Animaux : cheval/rongeur,Non renseigné,0.0,0.0,0.0,0.0,0.0
PCR0427,ALEX,40 à 60,0,7.0,regionF,0,1,Non renseigné,0,Non renseigné,0,Animaux : cheval/rongeur,Non renseigné,0.22727272727272727,0.6862857142857144,0.0,0.0,4.517391304347826
PCR0428,ALEX,10 à 20,0,8.0,regionF,1,0,Non renseigné,0,Non renseigné,0,Animaux : cheval/rongeur,Non renseigné,0.011818181818181818,0.0,0.01636363636363636,0.017333333333333333,0.014782608695652176
PCR0429,ALEX,20 à 40,0,7.0,regionF,0,1,Non renseigné,0,Non renseigné,0,Animaux : cheval/rongeur,Non renseigné,0.0,0.0,3.590909090909091,0.23266666666666666,1.9078260869565218
PCR0430,ALEX,20 à 40,0,7.0,regionF,0,1,Non renseigné,0,Non renseigné,0,Animaux : cheval/rongeur,Non renseigné,6.791818181818183,0.004571428571428572,0.009090909090909092,0.008666666666666666,1.5060869565217392
PCR0431,ALEX,20 à 40,1,3.0,regionF,0,1,Aucun,0,Non renseigné,1,Aucun,Non renseigné,0.004545454545454546,0.002857142857142857,0.004545454545454546,0.005333333333333333,0.0
PCR0432,ALEX,40 à 60,1,3.0,regionL,1,1,Aucun,1,3 - 10 ans,0,Aucun,Pas de traitement,1.5800000000000003,0.006285714285714286,0.057272727272727274,0.0033333333333333335,0.003913043478260869
PCR0433,ALEX,0 à 10,1,5.0,regionF,0,1,Non renseigné,0,Non renseigné,0,Aucun,Pas de traitement,0.0036363636363636364,0.0,0.018181818181818184,0.0006666666666666666,0.19521739130434784
PCR0434,ALEX,20 à 40,0,5.0,regionF,0,0,Non renseigné,0,Non renseigné,0,Aucun,Pas de traitement,0.0018181818181818182,0.0005714285714285715,0.0,0.0,0.006956521739130435
PCR0435,ALEX,40 à 60,0,5.0,regionF,1,0,Anti-H1 voie générale,0,20 ans et plus,1,Aucun,Pas de traitement,0.0009090909090909091,0.0,0.0,0.0033333333333333335,0.013043478260869565
PCR0436,ALEX,0 à 10,1,5.0,regionF,1,1,Anti-H1 voie générale,1,Non renseigné,1,Aucun,Pas de traitement,0.007272727272727273,0.14257142857142857,0.004545454545454546,0.0,0.22304347826086957
PCR0437,ALEX,0 à 10,1,5.0,regionF,1,1,Aucun,1,3 - 10 ans,0,Aucun,Pas de traitement,0.10363636363636365,7.2542857142857144,1.95,0.012,12.447826086956523
PCR0438,ALEX,10 à 20,1,7.0,regionF,1,1,Aucun,0,Non renseigné,1,Effort/Activité sportive,Non renseigné,3.5600000000000005,0.23971428571428574,0.00818181818181818,0.58,6.672173913043479
PCR0439,ALEX,60 à Plus,0,7.0,regionF,1,1,Non renseigné,0,Non renseigné,1,Animaux : cheval/rongeur,Non renseigné,0.023636363636363636,0.0074285714285714285,0.0009090909090909091,0.0033333333333333335,0.12391304347826088
PCR0440,ALEX,60 à Plus,1,6.0,regionI,0,1,Aucun,0,20 ans et plus,1,Autres,Pas de traitement,0.0018181818181818182,0.0025714285714285713,0.0,0.0026666666666666666,0.0017391304347826088
PCR0441,ALEX,20 à 40,0,6.0,regionF,1,1,"Anti-H1, voie locale",0,3 - 10 ans,1,Aucun,Pas de traitement,0.012727272727272728,0.037714285714285714,0.007272727272727273,0.006,3.0491304347826085
PCR0442,ALEX,40 à 60,1,6.0,regionF,0,1,Non renseigné,0,Non renseigné,0,Aucun,Pas de traitement,2.1163636363636367,0.7331428571428571,0.02727272727272727,0.6920000000000001,0.004347826086956522
PCR0443,ALEX,40 à 60,1,6.0,regionF,1,1,Non renseigné,0,Non renseigné,0,Aucun,Pas de traitement,0.2072727272727273,0.011142857142857144,0.0,0.14333333333333334,0.08913043478260871
PCR0444,ALEX,10 à 20,0,6.0,regionF,1,0,Aucun,0,3 - 10 ans,0,Aucun,Pas de traitement,0.012727272727272728,0.007714285714285715,0.0036363636363636364,0.0,0.0
PCR0445,ALEX,20 à 40,0,7.0,regionF,1,1,Non renseigné,1,Non renseigné,1,Animaux : cheval/rongeur,Pas de traitement,17.342727272727274,0.5925714285714286,15.734545454545456,1.5853333333333333,10.333478260869565
PCR0446,ALEX,20 à 40,0,7.0,regionF,0,1,Non renseigné,0,Non renseigné,0,Animaux : cheval/rongeur,Non renseigné,0.0,0.004571428571428572,0.0,2.972,0.10217391304347827
PCR0447,ALEX,20 à 40,0,7.0,regionF,0,1,Non renseigné,0,Non renseigné,0,Animaux : cheval/rongeur,Non renseigné,0.0,0.002857142857142857,0.0,0.008,0.004347826086956522
PCR0448,ALEX,40 à 60,0,7.0,regionF,1,1,Non renseigné,0,Non renseigné,0,Animaux : cheval/rongeur,Non renseigné,0.006363636363636364,0.0054285714285714284,0.01,0.20066666666666666,0.00956521739130435
PCR0449,ALEX,10 à 20,1,3.0,regionF,1,1,Non renseigné,0,Non renseigné,0,Aucun,Pas de traitement,6.706363636363636,0.15685714285714286,0.62,1.5306666666666664,2.9856521739130435
PCR0450,ALEX,40 à 60,0,3.0,regionF,1,1,Aucun,0,Aucun,0,Aucun,Pas de traitement,1.9654545454545451,0.27485714285714286,0.017272727272727273,0.027333333333333334,5.947391304347826
PCR0451,ALEX,60 à Plus,0,7.0,regionL,1,1,Non renseigné,0,Non renseigné,0,Animaux : cheval/rongeur,Non renseigné,1.280909090909091,0.10999999999999999,0.10363636363636362,0.028,1.097391304347826
PCR0452,ALEX,0 à 10,0,7.0,regionL,1,1,Non renseigné,0,Non renseigné,0,Animaux : cheval/rongeur,Non renseigné,0.012727272727272728,0.015714285714285715,0.0036363636363636364,0.007333333333333333,0.0008695652173913044
PCR0453,ALEX,60 à Plus,0,3.0,regionF,1,0,Non renseigné,0,Non renseigné,0,Animaux : cheval/rongeur,Non renseigné,0.0,0.005714285714285714,0.0,0.004666666666666667,0.0008695652173913044
PCR0454,ALEX,60 à Plus,0,7.0,regionF,0,1,Non renseigné,0,Non renseigné,0,Animaux : cheval/rongeur,Non renseigné,0.02090909090909091,0.004,0.0,0.0,0.0
PCR0455,ALEX,20 à 40,0,7.0,regionF,0,1,Non renseigné,0,Non renseigné,0,Animaux : cheval/rongeur,Non renseigné,1.2436363636363637,0.12542857142857144,0.33181818181818185,0.5313333333333333,3.112608695652174
PCR0456,ALEX,20 à 40,1,7.0,regionF,0,1,Non renseigné,0,Non renseigné,0,Animaux : cheval/rongeur,Non renseigné,1.6136363636363635,0.09685714285714286,0.21818181818181817,0.0,0.26304347826086955
PCR0457,ALEX,0 à 10,1,7.0,regionF,0,1,Non renseigné,0,Non renseigné,0,Animaux : cheval/rongeur,Non renseigné,0.0,1.3205714285714285,1.0536363636363637,0.008,0.0
PCR0458,ALEX,10 à 20,1,7.0,regionF,0,1,Non renseigné,0,Non renseigné,0,Animaux : cheval/rongeur,Non renseigné,0.030000000000000002,0.16342857142857142,4.257272727272727,0.11666666666666667,4.399565217391304
PCR0459,ALEX,0 à 10,0,7.0,regionF,0,1,Non renseigné,0,Non renseigné,0,Animaux : cheval/rongeur,Non renseigné,0.018181818181818184,0.014857142857142857,0.0,0.7126666666666667,0.1691304347826087
PCR0460,ALEX,40 à 60,1,7.0,regionF,1,1,Non renseigné,0,Non renseigné,0,Animaux : cheval/rongeur,Non renseigné,0.09545454545454546,0.002285714285714286,0.0036363636363636364,0.044,0.0004347826086956522
PCR0461,ALEX,10 à 20,0,7.0,regionF,0,1,Non renseigné,0,Non renseigné,0,Animaux : cheval/rongeur,Non renseigné,0.0,0.19400000000000003,0.0,0.0,2.1230434782608696
PCR0462,ALEX,10 à 20,1,7.0,regionF,0,1,Non renseigné,0,Non renseigné,0,Animaux : cheval/rongeur,Non renseigné,0.7799999999999998,0.6508571428571429,0.0,0.021333333333333333,2.9082608695652175
PCR0463,ALEX,40 à 60,1,7.0,regionF,0,1,Non renseigné,0,Non renseigné,0,Animaux : cheval/rongeur,Non renseigné,0.0,0.0,0.0,0.0,0.0
PCR0464,ALEX,20 à 40,0,7.0,regionL,0,1,Non renseigné,0,Non renseigné,0,Animaux : cheval/rongeur,Non renseigné,0.6718181818181818,0.11885714285714286,0.0,0.06066666666666667,0.9382608695652174
PCR0465,ALEX,40 à 60,0,11.0,regionF,1,1,Non renseigné,0,Non renseigné,0,Aucun,Pas de traitement,0.0,0.2925714285714286,0.09363636363636364,0.0,0.9408695652173913
PCR0466,ALEX,10 à 20,1,11.0,regionF,0,1,Non renseigné,0,Aucun,0,Aucun,Pas de traitement,2.0818181818181816,0.12342857142857144,0.056363636363636366,0.10266666666666667,0.7695652173913043
PCR0467,ALEX,0 à 10,1,7.0,regionF,0,0,Non renseigné,0,Non renseigné,0,Animaux : cheval/rongeur,Non renseigné,0.0,0.002857142857142857,0.0,0.0,0.006956521739130435
PCR0468,ALEX,0 à 10,1,7.0,regionL,0,1,Non renseigné,0,Non renseigné,0,Animaux : cheval/rongeur,Non renseigné,0.009090909090909092,0.11142857142857143,0.0,2.0446666666666666,0.11782608695652173
PCR0469,ALEX,20 à 40,0,7.0,regionF,0,1,Non renseigné,0,Non renseigné,0,Animaux : cheval/rongeur,Non renseigné,2.0472727272727274,0.0,0.0,0.0,0.06347826086956522
PCR0470,ALEX,10 à 20,1,7.0,regionF,0,1,Non renseigné,0,Non renseigné,0,Animaux : cheval/rongeur,Non renseigné,0.0,0.4488571428571429,0.02909090909090909,0.0,10.038260869565217
PCR0471,ALEX,10 à 20,1,7.0,regionF,0,1,Non renseigné,0,Non renseigné,0,Animaux : cheval/rongeur,Non renseigné,0.7881818181818182,0.22085714285714286,0.06818181818181818,1.5593333333333335,6.45695652173913
PCR0472,ALEX,0 à 10,1,7.0,regionF,0,1,Non renseigné,0,Non renseigné,0,Animaux : cheval/rongeur,Non renseigné,0.022727272727272728,0.22742857142857142,0.3154545454545455,1.0573333333333332,0.04217391304347826
PCR0473,ALEX,40 à 60,1,7.0,regionF,0,1,Non renseigné,0,Non renseigné,0,Animaux : cheval/rongeur,Non renseigné,0.0,0.0,0.0,0.011333333333333334,0.13130434782608694
PCR0474,ALEX,20 à 40,1,7.0,regionF,0,1,Non renseigné,0,Non renseigné,0,Animaux : cheval/rongeur,Non renseigné,4.14,0.35400000000000004,0.31636363636363635,1.1653333333333333,3.9208695652173917
PCR0475,ALEX,10 à 20,1,7.0,regionF,0,1,Non renseigné,0,Non renseigné,0,Animaux : cheval/rongeur,Non renseigné,0.0,0.003142857142857143,20.39,2.445333333333333,1.1978260869565216
PCR0476,ALEX,0 à 10,0,7.0,regionF,0,1,Non renseigné,0,Non renseigné,0,Animaux : cheval/rongeur,Non renseigné,0.0,0.4185714285714286,0.08454545454545455,1.8986666666666667,0.12000000000000001
PCR0477,ALEX,0 à 10,1,11.0,regionF,0,1,Non renseigné,0,0 - 2 ans,1,Animaux : cheval/rongeur,Pas de traitement,0.0,2.3205714285714287,0.9690909090909091,0.009333333333333334,4.1582608695652175
PCR0478,ALEX,0 à 10,1,11.0,regionF,0,0,Aucun,0,2 - 3 ans,1,Animaux : cheval/rongeur,Pas de traitement,0.0,0.002857142857142857,0.0,0.0,0.0
PCR0479,ALEX,10 à 20,0,11.0,regionF,0,1,Non renseigné,0,10 - 20 ans,0,Aucun,Pas de traitement,0.5463636363636364,0.014571428571428572,0.05818181818181818,0.7333333333333333,1.4860869565217392
PCR0480,ALEX,10 à 20,0,7.0,regionL,0,1,Non renseigné,0,Non renseigné,0,Animaux : cheval/rongeur,Non renseigné,0.0,0.002857142857142857,0.0,0.0,0.010434782608695651
PCR0481,ALEX,20 à 40,1,7.0,regionL,0,1,Non renseigné,0,Non renseigné,0,Animaux : cheval/rongeur,Non renseigné,0.01,0.5285714285714286,0.015454545454545455,0.07866666666666666,0.1708695652173913
PCR0482,ALEX,40 à 60,1,7.0,regionL,0,1,Non renseigné,0,Non renseigné,0,Animaux : cheval/rongeur,Non renseigné,0.0,0.0,0.06727272727272728,0.0,0.23217391304347826
PCR0483,ALEX,20 à 40,0,11.0,regionF,0,1,Non renseigné,0,0 - 2 ans,0,Animaux : chat/chien,Pas de traitement,2.4818181818181815,0.2531428571428571,0.7654545454545455,0.0,2.5860869565217395
PCR0484,ALEX,20 à 40,1,7.0,regionF,0,1,Non renseigné,0,Non renseigné,0,Animaux : cheval/rongeur,Non renseigné,7.0227272727272725,0.5465714285714286,1.8454545454545455,0.028666666666666667,2.635217391304348
PCR0485,ALEX,60 à Plus,0,7.0,regionF,0,1,Non renseigné,0,Non renseigné,0,Animaux : cheval/rongeur,Non renseigné,0.0,0.0,0.0,0.012,0.007391304347826088
PCR0486,ALEX,10 à 20,1,7.0,regionF,0,1,Non renseigné,0,Non renseigné,0,Animaux : cheval/rongeur,Non renseigné,4.303636363636364,0.018,1.4672727272727273,2.5166666666666666,5.2269565217391305
PCR0487,ALEX,60 à Plus,1,6.0,regionI,0,0,Aucun,0,Aucun,0,Aucun,Pas de traitement,0.0,0.0,0.0,0.0,0.0
PCR0488,ALEX,0 à 10,0,7.0,regionL,0,1,Non renseigné,0,Non renseigné,0,Animaux : cheval/rongeur,Non renseigné,0.0,0.1922857142857143,0.0,1.1473333333333333,2.06
PCR0489,ALEX,10 à 20,0,11.0,regionF,0,0,Aucun,0,Aucun,1,Aucun,Pas de traitement,0.0,0.004857142857142858,0.0,0.0,0.0
PCR0490,ALEX,20 à 40,0,10.0,regionF,0,1,Non renseigné,0,Non renseigné,1,Aucun,Pas de traitement,0.0,0.19085714285714286,0.35363636363636364,0.0,3.7934782608695654
PCR0491,ALEX,10 à 20,1,10.0,regionF,0,1,Aucun,0,Aucun,1,Aucun,Pas de traitement,0.0,0.0,0.0,0.0,0.0
PCR0492,ALEX,0 à 10,0,10.0,regionI,0,1,Non renseigné,0,Non renseigné,0,Aucun,Pas de traitement,0.1318181818181818,0.8197142857142856,0.056363636363636366,0.08866666666666667,6.224782608695653
PCR0493,ALEX,10 à 20,1,11.0,regionF,1,1,Non renseigné,0,Aucun,0,Aucun,Pas de traitement,9.332727272727272,0.003142857142857143,0.10636363636363635,0.0,0.17217391304347826
PCR0494,ALEX,0 à 10,0,7.0,regionF,0,0,Non renseigné,0,Non renseigné,0,Animaux : cheval/rongeur,Non renseigné,0.014545454545454545,0.0,0.0,0.0,0.010434782608695651
PCR0495,ALEX,10 à 20,1,7.0,regionF,0,1,Non renseigné,0,Non renseigné,0,Animaux : cheval/rongeur,Non renseigné,0.09818181818181819,0.72,0.24454545454545454,3.4226666666666663,7.521739130434782
PCR0496,ALEX,0 à 10,0,7.0,regionF,0,1,Non renseigné,0,Non renseigné,0,Animaux : cheval/rongeur,Non renseigné,0.0,0.003142857142857143,0.0,0.008,0.014782608695652176
PCR0497,ALEX,0 à 10,1,7.0,regionL,0,1,Non renseigné,0,Non renseigné,0,Animaux : cheval/rongeur,Non renseigné,0.0,0.6837142857142857,0.0,0.010666666666666666,0.07478260869565218
PCR0498,ALEX,60 à Plus,1,7.0,regionF,0,1,Non renseigné,0,Non renseigné,0,Animaux : cheval/rongeur,Non renseigné,0.0,0.0,0.0,0.01,0.14869565217391303
PCR0499,ALEX,20 à 40,0,9.0,regionF,0,1,Aucun,0,10 - 20 ans,1,Effort/Activité sportive,Pas de traitement,0.0,0.0,0.11,0.01,0.611304347826087
PCR0500,ALEX,40 à 60,0,7.0,regionL,0,1,Non renseigné,0,Non renseigné,0,Animaux : cheval/rongeur,Non renseigné,0.0,0.36942857142857144,1.6536363636363638,0.32599999999999996,1.3969565217391302
PCR0501,ALEX,40 à 60,0,9.0,regionL,1,1,Non renseigné,0,3 - 10 ans,0,Aucun,Pas de traitement,0.0,0.025142857142857144,0.0,0.0,0.2569565217391304
PCR0502,ALEX,10 à 20,0,9.0,regionF,0,1,Aucun,0,10 - 20 ans,1,Effort/Activité sportive,Pas de traitement,0.0,0.002857142857142857,0.0,0.0,2.387826086956522
PCR0503,ALEX,10 à 20,0,10.0,regionF,1,1,Aucun,0,Non renseigné,0,Aucun,Pas de traitement,2.9145454545454546,0.0,0.05545454545454545,0.0,0.03391304347826087
PCR0504,ALEX,10 à 20,0,10.0,regionF,1,1,Non renseigné,0,3 - 10 ans,1,Aucun,Pas de traitement,0.0,1.3225714285714285,0.3154545454545455,0.6333333333333333,0.3269565217391305
PCR0505,ALEX,20 à 40,0,9.0,regionF,1,1,Non renseigné,0,10 - 20 ans,1,Aucun,Pas de traitement,0.0,0.40485714285714286,9.469090909090909,2.0526666666666666,10.52
PCR0506,ALEX,40 à 60,0,9.0,regionF,0,1,Non renseigné,0,2 - 3 ans,1,Aucun,Pas de traitement,0.0,0.003142857142857143,0.4854545454545454,0.009333333333333334,0.3
PCR0507,ALEX,10 à 20,0,7.0,regionL,0,1,Non renseigné,0,Non renseigné,0,Animaux : cheval/rongeur,Non renseigné,0.0,2.9282857142857144,0.0,0.0,4.23
PCR0508,ALEX,20 à 40,1,9.0,regionC,1,1,Non renseigné,0,2 - 3 ans,1,Effort/Activité sportive,Pas de traitement,0.0,0.09971428571428571,0.22818181818181815,0.10333333333333333,1.7634782608695654
PCR0509,ALEX,0 à 10,1,9.0,regionF,1,1,Non renseigné,0,Aucun,0,Aucun,Pas de traitement,0.034545454545454546,0.028,0.01,0.026000000000000002,0.010869565217391304
PCR0510,ALEX,20 à 40,1,9.0,regionF,0,1,Non renseigné,0,10 - 20 ans,1,Aucun,Pas de traitement,0.5018181818181818,0.10428571428571429,0.025454545454545455,0.0,2.4317391304347824
PCR0511,ALEX,40 à 60,0,9.0,regionF,0,0,Non renseigné,0,Aucun,0,Aucun,Pas de traitement,0.0,0.0,0.0,0.0,0.0
PCR0512,ALEX,0 à 10,1,9.0,regionF,0,1,Non renseigné,0,Non renseigné,1,Animaux : cheval/rongeur,Pas de traitement,0.014545454545454545,0.0037142857142857142,0.0,0.009333333333333334,0.005217391304347826
PCR0513,ALEX,60 à Plus,0,9.0,regionF,0,1,Non renseigné,0,Non renseigné,1,Aucun,Pas de traitement,0.04818181818181819,0.46857142857142864,1.1236363636363635,2.426,0.08565217391304347
PCR0514,ALEX,20 à 40,1,9.0,regionF,0,1,Non renseigné,0,Aucun,0,Aucun,Pas de traitement,0.0,0.0,0.0,0.0,0.0
PCR0515,ALEX,40 à 60,0,9.0,regionF,0,0,Non renseigné,0,Non renseigné,0,Animaux : cheval/rongeur,Non renseigné,0.0,0.0,0.0,0.0,0.0
PCR0516,ALEX,20 à 40,0,8.0,regionF,0,1,Non renseigné,1,Non renseigné,0,Animaux : cheval/rongeur,Non renseigné,0.025454545454545455,0.03257142857142858,6.699090909090909,0.008,0.732608695652174
PCR0517,ALEX,10 à 20,1,7.0,regionF,0,1,Non renseigné,0,Non renseigné,0,Animaux : cheval/rongeur,Non renseigné,0.07272727272727274,1.9085714285714286,0.0,0.44866666666666666,10.18304347826087
PCR0518,ALEX,40 à 60,0,7.0,regionF,0,0,Non renseigné,0,Non renseigné,0,Animaux : cheval/rongeur,Non renseigné,0.0,0.0,0.0,0.0,0.0
PCR0519,ALEX,0 à 10,1,7.0,regionF,0,0,Non renseigné,0,Non renseigné,0,Animaux : cheval/rongeur,Non renseigné,0.0,0.0,0.0,0.0,0.0
PCR0520,ALEX,0 à 10,0,7.0,regionF,0,1,Non renseigné,0,Non renseigné,0,Animaux : cheval/rongeur,Non renseigné,0.7209090909090908,0.04142857142857143,0.6363636363636364,0.016,0.37434782608695655
PCR0521,ALEX,20 à 40,1,10.0,regionF,1,1,Non renseigné,0,Non renseigné,0,Animaux : cheval/rongeur,Non renseigné,0.0,0.0,0.0,0.007333333333333333,0.08521739130434783
PCR0522,ALEX,10 à 20,1,10.0,regionF,0,1,Aucun,0,0 - 2 ans,0,Animaux : cheval/rongeur,Non renseigné,0.3790909090909091,1.5945714285714285,0.9272727272727272,1.9733333333333334,5.541304347826086
PCR0523,ALEX,20 à 40,0,7.0,regionF,0,1,Non renseigné,0,Non renseigné,0,Animaux : cheval/rongeur,Non renseigné,2.484545454545455,0.018,0.19636363636363638,0.0,0.8447826086956521
PCR0524,ALEX,20 à 40,0,10.0,regionF,0,1,Non renseigné,0,Non renseigné,0,Animaux : cheval/rongeur,Non renseigné,5.888181818181818,0.27171428571428563,3.1972727272727273,0.0,3.0543478260869565
PCR0525,ALEX,20 à 40,1,7.0,regionF,0,0,Non renseigné,0,Non renseigné,0,Animaux : cheval/rongeur,Non renseigné,0.0,0.0,0.0,0.0,0.0
PCR0526,ALEX,10 à 20,0,9.0,regionI,0,1,Aucun,0,Non renseigné,0,Aucun,Pas de traitement,0.0,0.0,0.0,0.0,0.0
PCR0527,ALEX,20 à 40,0,10.0,regionF,1,1,Non renseigné,0,10 - 20 ans,0,Aucun,Pas de traitement,0.0,0.0,0.03818181818181818,0.0,0.34043478260869564
PCR0528,ALEX,60 à Plus,1,10.0,regionF,0,0,Aucun,0,Aucun,0,Aucun,Pas de traitement,0.0,0.0,0.0,0.016,0.011304347826086957
PCR0529,ALEX,20 à 40,0,10.0,regionF,0,1,"Anti-H1, voie locale",1,10 - 20 ans,0,Aucun,Pas de traitement,5.554545454545454,0.03771428571428571,14.509090909090911,2.1473333333333335,0.5860869565217391
PCR0530,ALEX,20 à 40,0,10.0,regionF,0,1,Aucun,0,3 - 10 ans,1,Aucun,Autres,5.901818181818182,0.046000000000000006,1.8154545454545454,1.422,1.7039130434782608
PCR0531,ALEX,10 à 20,0,10.0,regionF,0,1,Non renseigné,0,Non renseigné,1,Aucun,Pas de traitement,0.0,0.2077142857142857,0.7609090909090909,0.0,4.9082608695652175
PCR0532,ALEX,20 à 40,0,10.0,regionF,1,1,Non renseigné,0,Non renseigné,1,Aucun,Non renseigné,0.0,0.16514285714285715,2.0072727272727273,0.614,1.828695652173913
PCR0533,ALEX,40 à 60,0,10.0,regionF,0,1,Non renseigné,0,20 ans et plus,0,Aucun,Pas de traitement,0.0,0.0,0.0,0.0,1.7813043478260868
PCR0534,ALEX,0 à 10,1,10.0,regionF,0,1,Aucun,0,0 - 2 ans,1,Aucun,Pas de traitement,0.21545454545454545,0.3131428571428571,0.0,0.13866666666666666,0.0
PMP0001,ISAC_V2,0 à 10,1,10.0,regionJ,1,1,Aucun,0,0 - 2 ans,0,Animaux : cheval/rongeur,Pas de traitement,2.5236363636363635,0.0,0.0,0.0,0.0
PMP0002,ISAC_V2,0 à 10,1,11.0,regionJ,1,1,Aucun,1,0 - 2 ans,0,Animaux : cheval/rongeur,Pas de traitement,26.025454545454544,0.0054285714285714284,0.05272727272727273,0.0,0.0
PMP0003,ISAC_V2,0 à 10,1,12.0,regionJ,0,1,Aucun,1,0 - 2 ans,0,Animaux : cheval/rongeur,Pas de traitement,2.4545454545454546,0.0,0.0,0.0,0.0
PMP0004,ISAC_V2,0 à 10,1,12.0,regionJ,1,1,Aucun,1,0 - 2 ans,0,Animaux : cheval/rongeur,Pas de traitement,2.787272727272727,0.0,0.3009090909090909,0.0,0.007826086956521738
PMP0005,ISAC_V2,0 à 10,1,2.0,regionJ,1,1,"Anti-H1, voie locale",1,2 - 3 ans,1,Animaux : chat/chien,Pas de traitement,7.068181818181818,2.689142857142857,0.3854545454545455,5.185333333333333,12.950869565217392
PMP0006,ISAC_V2,10 à 20,1,2.0,regionJ,0,1,Aucun,1,2 - 3 ans,0,Aucun,Pas de traitement,19.534545454545455,0.02142857142857143,0.0,0.0,0.7530434782608696
PMP0007,ISAC_V2,0 à 10,1,2.0,regionJ,0,1,Aucun,1,2 - 3 ans,0,Aucun,Pas de traitement,0.5536363636363636,0.2611428571428572,0.8181818181818182,0.8946666666666666,0.6869565217391305
PMP0008,ISAC_V2,0 à 10,0,3.0,regionJ,0,1,Anti-H1 voie générale,1,0 - 2 ans,1,Aucun,Dupilumab,45.75636363636364,3.931714285714286,13.014545454545454,7.23,3.2047826086956523
PMP0009,ISAC_V2,10 à 20,0,4.0,regionJ,1,1,Anti-H1 voie générale,0,3 - 10 ans,1,Moisissures,Pas de traitement,2.347272727272727,0.8645714285714287,0.013636363636363636,0.0,3.535217391304348
PMP0010,ISAC_V2,10 à 20,1,4.0,regionJ,1,1,Aucun,0,10 - 20 ans,1,Aucun,Pas de traitement,1.979090909090909,0.0,0.0890909090909091,0.0,0.0891304347826087
PMP0011,ISAC_V2,10 à 20,0,4.0,regionJ,1,1,Aucun,1,2 - 3 ans,0,Aucun,Pas de traitement,0.0,0.03685714285714286,0.0,0.30666666666666664,0.0
PMP0012,ISAC_V2,10 à 20,1,5.0,regionJ,1,1,"Anti-H1, voie locale",1,10 - 20 ans,1,Animaux : chat/chien,Pas de traitement,0.9918181818181818,3.1325714285714286,0.03636363636363636,0.0,10.29
PMP0013,ISAC_V2,10 à 20,0,6.0,regionJ,0,1,Aucun,1,10 - 20 ans,0,Aucun,Pas de traitement,6.374545454545455,0.0,0.0,0.0,0.0
PMP0014,ISAC_V2,0 à 10,1,6.0,regionJ,0,1,Aucun,1,0 - 2 ans,0,Aucun,Pas de traitement,0.32363636363636367,0.0,0.0,0.0,0.027391304347826086
PMP0015,ISAC_V2,0 à 10,0,6.0,regionJ,0,1,Aucun,1,0 - 2 ans,0,Aucun,Pas de traitement,2.867272727272727,0.0025714285714285713,0.0,0.0,0.09913043478260869
PMP0016,ISAC_V2,0 à 10,1,6.0,regionJ,0,1,Aucun,1,0 - 2 ans,0,Aucun,Pas de traitement,4.471818181818182,0.42942857142857144,0.08454545454545455,0.26666666666666666,1.0878260869565215
PMP0017,ISAC_V2,10 à 20,1,7.0,regionJ,0,1,Anti-H1 + CS,0,2 - 3 ans,1,Aucun,Pas de traitement,8.403636363636364,2.980857142857143,4.879090909090909,7.804666666666666,30.42391304347826
PMP0018,ISAC_V2,20 à 40,0,7.0,regionJ,1,1,"Anti-H1, voie locale",0,20 ans et plus,1,Aucun,Pas de traitement,2.1709090909090913,0.20971428571428571,2.037272727272727,0.7333333333333333,2.2630434782608693
PMP0019,ISAC_V2,20 à 40,1,8.0,regionJ,1,1,Non renseigné,0,3 - 10 ans,1,Aucun,Pas de traitement,0.0,0.06828571428571428,0.08090909090909092,0.0,0.09043478260869565
PMP0020,ISAC_V2,10 à 20,0,8.0,regionJ,0,1,Aucun,1,3 - 10 ans,0,Aucun,Pas de traitement,13.935454545454546,1.4725714285714286,0.05818181818181818,1.6586666666666667,0.0
PMP0021,ISAC_V2,10 à 20,1,8.0,regionJ,0,1,Aucun,1,2 - 3 ans,1,Aucun,Pas de traitement,4.965454545454546,2.3242857142857143,4.1036363636363635,1.46,4.060434782608696
PMP0022,ISAC_V2,10 à 20,1,8.0,regionJ,0,1,"Anti-H1, voie locale",1,0 - 2 ans,1,Aucun,Pas de traitement,9.566363636363635,1.2074285714285713,0.6781818181818182,0.0,9.508260869565218
PMP0023,ISAC_V2,0 à 10,1,8.0,regionJ,0,1,Aucun,1,3 - 10 ans,0,Animaux : chat/chien,Pas de traitement,7.529090909090908,0.12571428571428572,0.20272727272727273,0.04933333333333334,0.022173913043478263
PMP0024,ISAC_V2,0 à 10,1,9.0,regionJ,0,1,Aucun,1,0 - 2 ans,0,Aucun,Pas de traitement,5.799090909090909,0.0,0.0,0.0,0.0
PMP0025,ISAC_V2,0 à 10,1,9.0,regionJ,1,1,"Anti-H1, voie locale",0,3 - 10 ans,1,Aucun,Pas de traitement,0.0,0.25257142857142856,0.012727272727272728,0.013333333333333334,0.1760869565217391
PMP0026,ISAC_V2,40 à 60,0,10.0,regionJ,0,1,Non renseigné,0,20 ans et plus,1,Animaux : cheval/rongeur,Non renseigné,27.29272727272727,0.07457142857142857,0.0,0.3733333333333333,0.6656521739130435
PMP0027,ISAC_V2,0 à 10,1,10.0,regionJ,0,1,Aucun,1,0 - 2 ans,0,Animaux : chat/chien,Autres,0.7790909090909092,0.0034285714285714284,0.32181818181818184,0.7,0.016956521739130436
PMP0028,ISAC_V2,0 à 10,1,10.0,regionJ,1,1,Anti-H1 voie générale,1,2 - 3 ans,1,Animaux : chat/chien,Autres,0.7363636363636363,2.2317142857142858,0.7090909090909091,0.308,0.08782608695652173
PMP0029,ISAC_V2,10 à 20,0,10.0,regionJ,0,1,"Anti-H1, voie locale",1,10 - 20 ans,0,Aucun,Pas de traitement,1.1254545454545453,0.30514285714285716,0.8190909090909091,0.0,6.03695652173913
PMP0030,ISAC_V2,40 à 60,0,11.0,regionJ,0,1,"Anti-H1, voie locale",1,3 - 10 ans,1,Aucun,Pas de traitement,0.48000000000000004,0.11114285714285714,0.0,0.0,1.2
PMP0031,ISAC_V2,0 à 10,0,2.0,regionJ,0,1,Aucun,1,0 - 2 ans,0,Aucun,Pas de traitement,4.09909090909091,0.01742857142857143,2.933636363636363,0.010666666666666666,1.93
PMP0032,ISAC_V2,10 à 20,1,2.0,regionJ,0,1,"Anti-H1, voie locale",1,0 - 2 ans,1,Animaux : cheval/rongeur,Autres,20.172727272727272,0.19599999999999998,31.329090909090908,1.4593333333333334,7.062173913043479
PMP0033,ISAC_V2,0 à 10,1,3.0,regionJ,0,1,"Anti-H1, voie locale",0,0 - 2 ans,1,Animaux : chat/chien,Non renseigné,0.010909090909090908,0.9522857142857144,0.19272727272727275,0.0,0.0
PMP0034,ISAC_V2,10 à 20,0,4.0,regionJ,0,1,Non renseigné,0,0 - 2 ans,1,Aucun,Autres,0.20545454545454545,2.374857142857143,3.75,0.24400000000000002,3.5621739130434786
PMP0035,ISAC_V2,10 à 20,0,4.0,regionJ,0,1,Anti-H1 voie générale,1,0 - 2 ans,1,Aucun,Non renseigné,44.32545454545454,5.718571428571429,13.089090909090908,1.7906666666666666,16.09173913043478
PMP0036,ISAC_V2,10 à 20,1,6.0,regionJ,0,1,Anti-H1 voie générale,1,3 - 10 ans,1,Aucun,Autres,3.928181818181818,2.584,3.1245454545454545,0.0,3.6708695652173917
PMP0037,ISAC_V2,0 à 10,0,6.0,regionJ,0,1,"Anti-H1, voie locale",1,0 - 2 ans,0,Aucun,Pas de traitement,25.233636363636364,0.08742857142857142,0.6954545454545454,0.0,0.43000000000000005
PMP0038,ISAC_V2,0 à 10,0,6.0,regionJ,0,1,"Anti-H1, voie locale",0,0 - 2 ans,1,Animaux : cheval/rongeur,Non renseigné,1.1045454545454545,2.4308571428571426,0.01909090909090909,5.5906666666666665,1.133913043478261
PMP0039,ISAC_V2,0 à 10,0,7.0,regionJ,1,1,"Anti-H1, voie locale",0,3 - 10 ans,0,Animaux : chat/chien,Pas de traitement,0.012727272727272728,0.022857142857142857,0.0,0.0,0.6060869565217392
PMP0040,ISAC_V2,40 à 60,1,7.0,regionJ,0,1,"Anti-H1, voie locale",0,20 ans et plus,1,Aucun,Pas de traitement,0.08727272727272727,0.23142857142857143,0.0,0.0,1.1643478260869566
PMP0041,ISAC_V2,10 à 20,1,8.0,regionJ,0,1,Non renseigné,0,10 - 20 ans,1,Animaux : chat/chien,Pas de traitement,0.4418181818181818,0.8851428571428572,0.0,0.0,1.18
PMP0042,ISAC_V2,0 à 10,0,8.0,regionJ,0,1,Aucun,0,3 - 10 ans,1,Aucun,Pas de traitement,2.4263636363636363,0.9485714285714286,0.0,0.49133333333333334,0.006521739130434782
PMP0043,ISAC_V2,10 à 20,0,9.0,regionJ,0,0,Non renseigné,0,10 - 20 ans,0,Aucun,Pas de traitement,0.0,0.0,0.006363636363636364,0.0,0.0
PMP0044,ISAC_V2,0 à 10,1,9.0,regionJ,1,1,Aucun,1,0 - 2 ans,0,Moisissures,Pas de traitement,5.373636363636364,0.0,2.5427272727272725,0.0,2.720869565217391
PMP0045,ISAC_V2,0 à 10,1,10.0,regionJ,1,1,Aucun,0,0 - 2 ans,1,Aucun,Non renseigné,0.0,0.3291428571428572,0.0,0.0,0.016956521739130436
PMP0046,ISAC_V2,0 à 10,1,11.0,regionJ,0,1,"Anti-H1, voie locale",1,3 - 10 ans,1,Aucun,Pas de traitement,1.0627272727272727,0.0,0.015454545454545455,0.0,0.0
PMP0047,ISAC_V2,10 à 20,1,11.0,regionJ,0,1,"Anti-H1, voie locale",1,2 - 3 ans,1,Aucun,Pas de traitement,7.501818181818181,3.0025714285714287,4.145454545454545,0.0,3.7360869565217394
PMP0048,ISAC_V2,0 à 10,0,12.0,regionJ,0,1,Aucun,0,0 - 2 ans,1,Aucun,Autres,12.731818181818182,10.888285714285713,26.400000000000002,8.252666666666666,2.8426086956521743
PMP0049,ISAC_V2,10 à 20,1,12.0,regionJ,0,1,"Anti-H1, voie locale",1,0 - 2 ans,1,Aucun,Pas de traitement,59.34090909090909,2.390285714285714,17.324545454545454,4.049333333333333,6.537826086956522
PMP0050,ISAC_V2,10 à 20,1,1.0,regionJ,1,1,Aucun,0,3 - 10 ans,0,Aucun,Pas de traitement,0.0,0.04714285714285714,0.0,0.0,0.0
PMP0051,ISAC_V2,10 à 20,1,1.0,regionJ,0,1,Aucun,0,10 - 20 ans,1,Animaux : chat/chien,Pas de traitement,0.0,0.0,0.02,0.0,0.1582608695652174
PMP0052,ISAC_V2,20 à 40,0,1.0,regionJ,1,1,"Anti-H1, voie locale",0,10 - 20 ans,0,Animaux : chat/chien,Pas de traitement,0.07272727272727274,0.07485714285714286,0.05909090909090909,0.0,0.7734782608695652
PMP0053,ISAC_V2,40 à 60,1,1.0,regionJ,0,1,"Anti-H1, voie locale",0,2 - 3 ans,1,Aucun,Pas de traitement,0.0,0.0,0.02090909090909091,0.0,1.8173913043478263
PMP0054,ISAC_V2,10 à 20,1,2.0,regionJ,0,1,"Anti-H1, voie locale",1,2 - 3 ans,1,Aucun,Pas de traitement,0.0,0.002857142857142857,0.0,0.06533333333333333,1.0534782608695652
PMP0055,ISAC_V2,0 à 10,1,2.0,regionJ,0,1,Non renseigné,0,0 - 2 ans,1,Aucun,Pas de traitement,0.18181818181818182,0.9945714285714287,0.0,0.0,1.9695652173913043
PMP0056,ISAC_V2,0 à 10,1,4.0,regionJ,0,1,Aucun,1,Aucun,0,Animaux : chat/chien,Pas de traitement,0.0,0.0,2.2209090909090907,0.0,0.004782608695652174
PMP0057,ISAC_V2,0 à 10,1,5.0,regionJ,0,1,Aucun,1,3 - 10 ans,0,Aucun,Pas de traitement,18.569090909090907,9.880285714285714,1.1590909090909092,0.2833333333333333,3.4430434782608694
PMP0058,ISAC_V2,40 à 60,1,5.0,regionJ,0,1,Aucun,0,20 ans et plus,1,Aucun,Pas de traitement,11.063636363636364,0.34400000000000003,0.8027272727272727,0.23466666666666666,5.2730434782608695
PMP0059,ISAC_V2,0 à 10,1,5.0,regionJ,0,1,Aucun,1,0 - 2 ans,1,Aucun,Autres,42.765454545454546,2.1091428571428574,15.13090909090909,1.0566666666666666,6.230869565217391
PMP0060,ISAC_V2,10 à 20,1,6.0,regionJ,1,1,Aucun,1,3 - 10 ans,0,Aucun,Pas de traitement,0.14818181818181816,3.1545714285714284,1.041818181818182,0.0,1.8443478260869566
PMP0061,ISAC_V2,0 à 10,1,6.0,regionJ,0,1,Aucun,1,0 - 2 ans,1,Aucun,Non renseigné,15.172727272727274,3.290285714285714,0.0,0.32266666666666666,2.0147826086956524
PMP0062,ISAC_V2,10 à 20,1,6.0,regionJ,0,1,Non renseigné,1,0 - 2 ans,0,Aucun,Pas de traitement,8.725454545454546,0.032,8.85,0.9353333333333335,1.1104347826086955
PMP0063,ISAC_V2,10 à 20,0,6.0,regionJ,0,1,Aucun,1,10 - 20 ans,0,Animaux : cheval/rongeur,Pas de traitement,0.0,0.0917142857142857,0.0,0.0,5.8252173913043475
PMP0064,ISAC_V2,0 à 10,0,6.0,regionJ,0,1,Aucun,0,0 - 2 ans,1,Aucun,Pas de traitement,0.0,0.004285714285714286,0.009090909090909092,0.154,0.0
PMP0065,ISAC_V2,0 à 10,0,7.0,regionJ,0,0,Aucun,0,Aucun,0,Aucun,Pas de traitement,0.0,0.0,0.0,0.0,0.01173913043478261
PMP0066,ISAC_V2,10 à 20,0,7.0,regionJ,0,1,Non renseigné,0,0 - 2 ans,0,Aucun,Pas de traitement,0.2409090909090909,2.8462857142857145,0.14545454545454548,0.006,19.349565217391305
PMP0067,ISAC_V2,10 à 20,1,7.0,regionJ,0,0,Aucun,0,10 - 20 ans,0,Aucun,Pas de traitement,0.0,0.0,0.0,0.0,0.0
PMP0068,ISAC_V2,0 à 10,1,7.0,regionJ,0,1,Aucun,1,Aucun,0,Moisissures,Pas de traitement,24.796363636363637,0.027142857142857142,5.282727272727272,0.0,0.26565217391304347
PMP0069,ISAC_V2,10 à 20,1,7.0,regionJ,0,1,Aucun,1,0 - 2 ans,0,Aucun,Pas de traitement,9.391818181818183,0.09,0.20363636363636362,0.45266666666666666,0.40652173913043477
PMP0070,ISAC_V2,0 à 10,1,7.0,regionJ,0,1,Aucun,0,0 - 2 ans,1,Aucun,Dermocorticoïdes,0.03909090909090909,0.6334285714285715,0.0,0.010666666666666666,0.1656521739130435
PMP0071,ISAC_V2,10 à 20,1,7.0,regionJ,0,1,Aucun,1,0 - 2 ans,0,Animaux : chat/chien,Pas de traitement,0.0,0.0,0.0,0.0,0.24782608695652175
PMP0072,ISAC_V2,10 à 20,0,7.0,regionJ,0,1,Anti-H1 + CS,1,3 - 10 ans,0,Aucun,Pas de traitement,2.2063636363636365,0.0,14.474545454545455,0.0,0.34478260869565214
PMP0073,ISAC_V2,10 à 20,1,7.0,regionJ,0,1,Anti-H1 + CS,1,0 - 2 ans,0,Animaux : chat/chien,Non renseigné,27.849090909090908,0.0034285714285714284,0.030000000000000002,0.0,3.7913043478260873
PMP0074,ISAC_V2,0 à 10,1,8.0,regionJ,0,0,Aucun,1,Aucun,0,Moisissures,Pas de traitement,0.0,0.0,0.0,0.0,0.0
PMP0075,ISAC_V2,0 à 10,1,8.0,regionJ,0,1,Aucun,0,Aucun,1,Aucun,Pas de traitement,0.16,0.2134285714285714,0.0,0.0,0.05391304347826087
PMP0076,ISAC_V2,0 à 10,0,9.0,regionJ,0,1,Aucun,0,Aucun,0,Aucun,Pas de traitement,1.008181818181818,0.144,0.0,0.3046666666666667,0.0
PMP0077,ISAC_V2,0 à 10,0,9.0,regionJ,0,0,"Anti-H1, voie locale",0,Aucun,0,Aucun,Pas de traitement,0.0,0.0,0.0,0.0,0.0
PMP0078,ISAC_V2,0 à 10,0,9.0,regionJ,0,1,Aucun,0,0 - 2 ans,1,Aucun,Pas de traitement,5.906363636363636,1.1028571428571428,0.7490909090909091,0.638,0.17347826086956522
PMP0079,ISAC_V2,0 à 10,0,9.0,regionJ,0,1,Anti-H1 voie générale,1,0 - 2 ans,1,Aucun,Pas de traitement,0.9654545454545456,1.772,0.41545454545454547,0.0,0.1826086956521739
PMP0080,ISAC_V2,10 à 20,0,10.0,regionJ,0,1,Aucun,1,3 - 10 ans,1,Aucun,Pas de traitement,12.03090909090909,3.2077142857142857,3.489090909090909,0.0,1.658695652173913
PMP0081,ISAC_V2,10 à 20,1,10.0,regionJ,0,1,Aucun,1,2 - 3 ans,1,Animaux : cheval/rongeur,Dupilumab,39.49272727272727,2.744285714285714,23.88090909090909,2.978666666666667,24.143913043478264
PMP0082,ISAC_V2,0 à 10,1,10.0,regionJ,0,0,Aucun,1,Aucun,0,Aucun,Pas de traitement,0.0,0.0,0.0,0.008,0.0
PMP0083,ISAC_V2,20 à 40,0,11.0,regionJ,0,1,Aucun,0,10 - 20 ans,1,Animaux : chat/chien,Pas de traitement,0.48636363636363633,0.39799999999999996,0.03272727272727272,0.0,4.72304347826087
PMP0084,ISAC_V2,0 à 10,0,11.0,regionJ,0,1,Non renseigné,1,0 - 2 ans,0,Animaux : cheval/rongeur,Non renseigné,4.239090909090909,0.9082857142857143,10.149999999999999,0.0,3.508695652173913
PMP0085,ISAC_V2,0 à 10,0,11.0,regionJ,0,1,Aucun,1,0 - 2 ans,0,Aucun,Pas de traitement,7.565454545454545,0.024285714285714285,0.0,0.02333333333333333,0.0608695652173913
PMP0086,ISAC_V2,10 à 20,0,11.0,regionJ,0,0,Aucun,1,3 - 10 ans,1,Aucun,Pas de traitement,0.0,0.0,0.0,0.0,0.010434782608695651
PMP0087,ISAC_V2,0 à 10,1,11.0,regionJ,0,0,Aucun,1,Aucun,0,Aucun,Pas de traitement,0.0,0.0,0.0,0.0,0.0
PMP0088,ISAC_V2,10 à 20,1,11.0,regionJ,0,0,Aucun,1,Aucun,0,Aucun,Pas de traitement,0.0,0.0,0.0,0.0,0.01
PMP0089,ISAC_V2,0 à 10,1,11.0,regionJ,0,1,Non renseigné,1,0 - 2 ans,1,Aucun,Non renseigné,0.0,0.2742857142857143,0.0,0.0,0.0
PMP0090,ISAC_V2,10 à 20,0,11.0,regionJ,0,1,Aucun,1,10 - 20 ans,0,Aucun,Pas de traitement,14.02727272727273,0.19,0.0,0.0,0.24130434782608695
PMP0091,ISAC_V2,0 à 10,0,12.0,regionJ,0,1,Aucun,1,3 - 10 ans,1,Acariens,Pas de traitement,9.162727272727272,0.816,0.0,1.3946666666666667,0.0
PMP0092,ISAC_V2,0 à 10,1,12.0,regionJ,1,1,Aucun,1,0 - 2 ans,1,Acariens,Pas de traitement,22.526363636363637,0.9774285714285714,3.5963636363636367,0.0,0.14869565217391303
PMP0093,ISAC_V2,0 à 10,1,1.0,regionJ,0,1,Aucun,0,3 - 10 ans,0,Aucun,Pas de traitement,0.0,0.018,0.03363636363636364,0.0,0.0
PMP0094,ISAC_V2,10 à 20,0,1.0,regionJ,0,0,"Anti-H1, voie locale",1,Aucun,0,Acariens,Pas de traitement,0.0,0.0,0.0,0.0,0.0
PMP0095,ISAC_V2,10 à 20,0,1.0,regionJ,0,1,Anti-H1 voie générale,1,0 - 2 ans,0,Acariens,Pas de traitement,0.7754545454545455,0.037142857142857144,2.7227272727272727,0.0,0.1182608695652174
PMP0096,ISAC_V2,10 à 20,1,2.0,regionJ,0,0,Aucun,0,Non renseigné,0,Aucun,Pas de traitement,0.0,0.0,0.0,0.0,0.0
PMP0097,ISAC_V2,10 à 20,1,2.0,regionJ,0,1,"Anti-H1, voie locale",1,2 - 3 ans,1,Acariens,Pas de traitement,40.38636363636363,1.195142857142857,1.22,0.0,5.102608695652174
PMP0098,ISAC_V2,0 à 10,1,2.0,regionJ,0,0,Non renseigné,1,Aucun,0,Aucun,Pas de traitement,0.0,0.0,0.0,0.0,0.0
PMP0099,ISAC_V2,40 à 60,0,3.0,regionJ,0,1,Aucun,0,20 ans et plus,1,Aucun,Pas de traitement,0.0,0.0,0.0,0.0,0.33608695652173914
PMP0100,ISAC_V2,0 à 10,0,3.0,regionJ,1,0,"Anti-H1, voie locale",1,2 - 3 ans,1,Moisissures,Pas de traitement,0.0,0.0,0.0,0.0,0.0
PMP0101,ISAC_V2,0 à 10,1,3.0,regionJ,0,1,Aucun,1,0 - 2 ans,1,Aucun,Pas de traitement,0.08363636363636363,0.194,0.0,0.056666666666666664,0.0
PMP0102,ISAC_V2,10 à 20,0,3.0,regionJ,0,0,Aucun,0,10 - 20 ans,1,Aucun,Pas de traitement,0.0,0.0,0.0,0.0,0.0
PMP0103,ISAC_V2,10 à 20,1,3.0,regionJ,0,0,Anti-H1 + CS,0,Aucun,0,Effort/Activité sportive,Pas de traitement,0.0,0.0,0.0,0.0,0.0
PMP0104,ISAC_V2,0 à 10,1,4.0,regionJ,1,1,Anti-H1 + CS,1,0 - 2 ans,0,Acariens,Pas de traitement,0.0,0.12885714285714286,0.12181818181818183,0.0,0.0
PMP0105,ISAC_V2,0 à 10,0,4.0,regionJ,1,0,Aucun,1,Aucun,0,Moisissures,Pas de traitement,0.0,0.0,0.0,0.0,0.0
PMP0106,ISAC_V2,0 à 10,1,5.0,regionJ,1,1,Aucun,1,3 - 10 ans,0,Aucun,Pas de traitement,9.422727272727274,0.0,0.2672727272727273,0.0,0.10608695652173913
PMP0107,ISAC_V2,0 à 10,0,5.0,regionJ,0,1,Aucun,0,0 - 2 ans,1,Aucun,Pas de traitement,0.0,0.0,0.0,0.0,0.0
PMP0108,ISAC_V2,0 à 10,1,5.0,regionJ,0,1,Aucun,1,0 - 2 ans,1,Aucun,Autres,0.0,0.29114285714285715,0.021818181818181816,0.0,0.0
PMP0109,ISAC_V2,10 à 20,0,6.0,regionJ,1,1,Anti-H1 + CS,0,Aucun,0,Aucun,Pas de traitement,0.0,0.012285714285714285,0.0,0.0,0.24347826086956523
PMP0110,ISAC_V2,40 à 60,0,6.0,regionJ,1,1,Aucun,0,20 ans et plus,1,Aucun,Pas de traitement,0.0,0.014857142857142857,0.0,0.0,0.07521739130434782
PMP0111,ISAC_V2,10 à 20,0,6.0,regionJ,1,1,Anti-H1 + CS,1,Aucun,0,Aucun,Pas de traitement,18.876363636363635,0.0,0.7227272727272728,0.0,0.0
PMP0112,ISAC_V2,0 à 10,1,6.0,regionJ,1,1,Anti-H1 + CS,1,Aucun,0,Moisissures,Pas de traitement,10.158181818181818,0.0,0.0,0.0,0.0
PMP0113,ISAC_V2,0 à 10,0,6.0,regionJ,1,1,Anti-H1 + CS,1,Aucun,0,Moisissures,Pas de traitement,0.0,0.0,0.0,0.0,0.019130434782608695
PMP0114,ISAC_V2,10 à 20,0,6.0,regionJ,1,0,Aucun,1,Aucun,0,Moisissures,Pas de traitement,0.0,0.0,0.0,0.0,0.0
PMP0115,ISAC_V2,10 à 20,1,7.0,regionJ,0,1,"Anti-H1, voie locale",1,Aucun,0,Effort/Activité sportive,Pas de traitement,14.160909090909092,0.0,0.0,0.0,0.0
PMP0116,ISAC_V2,0 à 10,1,7.0,regionJ,0,0,"Anti-H1, voie locale",1,Aucun,0,Aucun,Pas de traitement,0.0,0.0,0.011818181818181818,0.0,0.0
PMP0117,ISAC_V2,40 à 60,0,7.0,regionJ,0,1,Aucun,0,Aucun,0,Aucun,Pas de traitement,2.083636363636364,0.0,0.018181818181818184,0.0,0.006086956521739131
PMP0118,ISAC_V2,10 à 20,0,8.0,regionJ,0,1,"Anti-H1, voie locale",1,Aucun,0,Aucun,Pas de traitement,28.213636363636365,4.516,1.9481818181818182,0.21533333333333332,12.363913043478261
PMP0119,ISAC_V2,0 à 10,1,8.0,regionJ,0,1,Aucun,1,0 - 2 ans,0,Aucun,Autres,6.155454545454546,0.014,0.0,0.0,0.0
PMP0120,ISAC_V2,10 à 20,1,8.0,regionJ,0,0,Aucun,1,Aucun,0,Aucun,Pas de traitement,0.0,0.0,0.0,0.0,0.0
PMP0121,ISAC_V2,0 à 10,0,9.0,regionJ,0,1,Aucun,1,2 - 3 ans,1,Aucun,Pas de traitement,9.510909090909092,0.0,1.8563636363636364,0.0,0.2982608695652174
PMP0122,ISAC_V2,10 à 20,0,9.0,regionJ,0,1,Aucun,1,Non renseigné,0,Aucun,Autres,14.262727272727272,0.0,1.758181818181818,0.011333333333333334,3.0778260869565215
PMP0123,ISAC_V2,10 à 20,1,9.0,regionJ,0,1,Aucun,1,Aucun,0,Aucun,Pas de traitement,15.409090909090908,0.0,0.4327272727272727,0.0,0.2782608695652174
PMP0124,ISAC_V2,20 à 40,1,9.0,regionJ,1,0,Aucun,0,Aucun,0,Aucun,Pas de traitement,0.0,0.0,0.0,0.0,0.0
PMP0125,ISAC_V2,0 à 10,1,9.0,regionJ,0,1,"Anti-H1, voie locale",1,Aucun,0,Aucun,Pas de traitement,31.028181818181817,0.18571428571428572,1.89,0.0,19.40695652173913
PMP0126,ISAC_V2,0 à 10,1,10.0,regionJ,0,1,"Anti-H1, voie locale",1,Aucun,0,Animaux : chat/chien,Pas de traitement,5.035454545454545,0.0,0.0,0.0,0.06782608695652174
PMP0127,ISAC_V2,60 à Plus,1,10.0,regionJ,0,0,Aucun,0,Aucun,0,Aucun,Pas de traitement,0.0,0.0,0.0,0.0,0.0
PMP0128,ISAC_V2,10 à 20,1,10.0,regionJ,0,1,Anti-H1 + CS,1,Aucun,0,Aucun,Autres,0.0,0.0,6.624545454545455,0.0,0.01434782608695652
PMP0129,ISAC_V2,40 à 60,0,10.0,regionJ,0,0,Aucun,1,Aucun,0,Aucun,Non renseigné,0.0,0.0,0.0,0.0,0.0
PMP0130,ISAC_V2,0 à 10,1,10.0,regionJ,0,0,Aucun,0,Aucun,0,Aucun,Pas de traitement,0.0,0.0,0.0,0.0,0.0
PMP0131,ISAC_V2,10 à 20,1,11.0,regionJ,0,1,"Anti-H1, voie locale",1,Aucun,0,Aucun,Pas de traitement,2.982727272727273,0.0,0.0,0.0,0.0
PMP0132,ISAC_V2,10 à 20,0,11.0,regionJ,0,1,"Anti-H1, voie locale",1,3 - 10 ans,1,Acariens,Autres,15.609999999999998,1.0828571428571427,1.3890909090909092,0.7833333333333333,1.6991304347826086
PMP0133,ISAC_V2,10 à 20,1,11.0,regionJ,0,0,"Anti-H1, voie locale",1,Aucun,0,Moisissures,Pas de traitement,0.0,0.0,0.0,0.0,0.0
PMP0134,ISAC_V2,20 à 40,0,12.0,regionJ,0,0,Aucun,0,Aucun,0,Aucun,Non renseigné,0.0,0.0,0.0,0.0,0.0
PMP0135,ISAC_V2,10 à 20,1,12.0,regionJ,0,0,Anti-H1 + CS,0,Aucun,0,Aucun,Pas de traitement,0.0,0.0,0.0,0.0,0.0
PMP0136,ISAC_V2,10 à 20,1,12.0,regionJ,0,1,Aucun,1,2 - 3 ans,1,Aucun,Pas de traitement,5.664545454545455,1.0651428571428572,1.5863636363636362,0.8059999999999999,6.446521739130435
PMP0137,ISAC_V2,0 à 10,1,1.0,regionJ,0,0,Aucun,0,Non renseigné,0,Animaux : chat/chien,Pas de traitement,0.0,0.0,0.0,0.0,0.0
PMP0138,ISAC_V2,40 à 60,0,1.0,regionJ,0,1,Aucun,0,20 ans et plus,1,Aucun,Pas de traitement,2.0072727272727273,0.0,0.0,0.0,0.0
PMP0139,ISAC_V2,60 à Plus,1,1.0,regionJ,0,1,Aucun,0,Aucun,0,Aucun,Pas de traitement,0.09090909090909091,0.0,0.0,0.0,0.0
PMP0140,ISAC_V2,10 à 20,1,1.0,regionJ,0,1,Aucun,0,0 - 2 ans,0,Moisissures,Pas de traitement,0.6254545454545455,0.12285714285714285,0.5218181818181818,6.496666666666667,0.007391304347826088
PMP0141,ISAC_V2,10 à 20,0,2.0,regionJ,0,1,Aucun,0,10 - 20 ans,0,Animaux : cheval/rongeur,Non renseigné,22.467272727272725,0.9214285714285714,0.4318181818181818,1.09,2.6365217391304343
PMP0142,ISAC_V2,40 à 60,0,2.0,regionJ,0,0,Aucun,0,Non renseigné,1,Animaux : cheval/rongeur,Pas de traitement,0.0,0.0,0.0,0.0,0.0
PMP0143,ISAC_V2,0 à 10,0,2.0,regionJ,0,1,Aucun,1,0 - 2 ans,1,Aucun,Pas de traitement,22.560909090909092,0.95,0.0,0.0,0.0
PMP0144,ISAC_V2,20 à 40,0,3.0,regionJ,0,1,Aucun,0,Aucun,0,Aucun,Pas de traitement,0.0,0.0,0.0,0.0,0.03652173913043478
PMP0145,ISAC_V2,10 à 20,1,3.0,regionJ,0,1,Aucun,0,Non renseigné,0,Moisissures,Pas de traitement,6.221818181818182,0.0,0.03909090909090909,0.0,0.006956521739130435
PMP0146,ISAC_V2,10 à 20,1,3.0,regionJ,0,1,Aucun,1,0 - 2 ans,0,Animaux : chat/chien,Pas de traitement,0.0,0.022571428571428572,0.7763636363636363,0.0,0.0
PMP0147,ISAC_V2,0 à 10,0,3.0,regionJ,0,1,Aucun,1,2 - 3 ans,0,Moisissures,Pas de traitement,0.07545454545454545,0.0,0.0,0.0,0.0
PMP0148,ISAC_V2,0 à 10,0,4.0,regionJ,0,1,Non renseigné,0,0 - 2 ans,1,Aucun,Pas de traitement,2.041818181818182,2.1288571428571426,0.08545454545454545,0.5826666666666667,0.026521739130434784
PMP0149,ISAC_V2,0 à 10,1,5.0,regionJ,0,1,Aucun,0,0 - 2 ans,1,Moisissures,Non renseigné,29.15727272727273,0.9591428571428572,11.956363636363637,0.016666666666666666,0.09956521739130435
PMP0150,ISAC_V2,10 à 20,1,5.0,regionJ,0,1,Aucun,0,Non renseigné,0,Aucun,Pas de traitement,8.495454545454544,0.49628571428571433,5.205454545454545,0.007333333333333333,2.3352173913043477
PMP0151,ISAC_V2,10 à 20,0,5.0,regionJ,1,1,Aucun,1,Non renseigné,0,Aucun,Pas de traitement,7.577272727272727,5.932857142857143,0.0,0.0,0.6991304347826086
PMP0152,ISAC_V2,0 à 10,0,6.0,regionJ,0,1,Aucun,1,3 - 10 ans,0,Moisissures,Pas de traitement,26.586363636363636,0.0,0.0,0.04466666666666666,0.7034782608695652
PMP0153,ISAC_V2,10 à 20,0,6.0,regionJ,0,1,Non renseigné,0,3 - 10 ans,0,Animaux : chat/chien,Pas de traitement,16.770909090909093,2.4817142857142858,0.0,0.0,6.485652173913043
PMP0154,ISAC_V2,0 à 10,0,6.0,regionJ,0,1,Aucun,0,3 - 10 ans,0,Animaux : cheval/rongeur,Pas de traitement,0.0,0.3637142857142857,0.06545454545454545,0.0,2.6943478260869567
PMP0155,ISAC_V2,0 à 10,1,6.0,regionJ,0,1,Aucun,1,Aucun,0,Animaux : chat/chien,Pas de traitement,0.03363636363636364,0.0,0.19363636363636363,0.09000000000000001,0.38130434782608696
PMP0156,ISAC_V2,0 à 10,1,6.0,regionJ,0,1,Aucun,0,3 - 10 ans,0,Moisissures,Pas de traitement,13.408181818181818,0.08114285714285714,0.8627272727272728,0.013333333333333334,1.4260869565217391
PMP0157,ISAC_V2,10 à 20,1,7.0,regionJ,0,1,Aucun,1,0 - 2 ans,0,Aucun,Pas de traitement,0.0,0.0,0.0,0.0,0.02347826086956522
PMP0158,ISAC_V2,60 à Plus,0,7.0,regionJ,0,0,Non renseigné,0,Non renseigné,0,Animaux : cheval/rongeur,Non renseigné,0.0,0.0,0.0,0.0,0.0
PMP0159,ISAC_V2,0 à 10,0,8.0,regionJ,0,0,Aucun,1,0 - 2 ans,0,Aucun,Pas de traitement,0.0,0.0,0.0,0.0,0.0
PMP0160,ISAC_V2,10 à 20,1,8.0,regionJ,0,1,Aucun,0,2 - 3 ans,0,Autres,Pas de traitement,0.0,0.022285714285714287,0.0,0.5466666666666666,0.10347826086956521
PMP0161,ISAC_V2,10 à 20,0,9.0,regionJ,0,1,Aucun,0,0 - 2 ans,0,Animaux : cheval/rongeur,Pas de traitement,3.794545454545455,0.0,0.11363636363636363,0.0,0.028695652173913046
PMP0162,ISAC_V2,10 à 20,1,9.0,regionJ,0,1,Aucun,0,3 - 10 ans,1,Aucun,Pas de traitement,0.0,0.0,0.0,0.0,0.06
PMP0163,ISAC_V2,10 à 20,1,9.0,regionJ,0,0,Aucun,1,0 - 2 ans,0,Animaux : chat/chien,Non renseigné,0.0,0.0,0.0,0.0,0.0
PMP0164,ISAC_V2,10 à 20,0,9.0,regionJ,0,1,Non renseigné,0,2 - 3 ans,0,Animaux : cheval/rongeur,Non renseigné,31.456363636363633,6.179142857142858,0.0,9.852666666666666,0.0
PMP0165,ISAC_V2,20 à 40,0,9.0,regionJ,0,1,Aucun,0,Non renseigné,0,Aucun,Pas de traitement,2.166363636363636,12.955142857142857,2.4945454545454546,0.06666666666666667,1.8834782608695653
PMP0166,ISAC_V2,10 à 20,1,9.0,regionJ,0,1,Anti-H1 voie générale,1,0 - 2 ans,0,Moisissures,Non renseigné,34.91,4.413142857142857,0.06727272727272728,0.09,1.8069565217391306
PMP0167,ISAC_V2,10 à 20,1,10.0,regionJ,0,1,Non renseigné,1,0 - 2 ans,1,Aucun,Pas de traitement,35.43,14.049714285714286,2.768181818181818,8.66,2.1491304347826086
PMP0168,ISAC_V2,10 à 20,0,2.0,regionJ,0,1,Non renseigné,0,0 - 2 ans,0,Aucun,Non renseigné,28.83818181818182,1.7711428571428571,1.6090909090909091,0.037333333333333336,8.895217391304348
PMP0169,ISAC_V2,10 à 20,0,1.0,regionJ,0,1,Non renseigné,0,Aucun,0,Effort/Activité sportive,Non renseigné,10.707272727272727,0.044000000000000004,2.6772727272727272,0.0,0.6252173913043478
PMP0170,ISAC_V2,10 à 20,0,1.0,regionJ,0,1,Non renseigné,0,Aucun,0,Aucun,Non renseigné,14.332727272727272,0.0,0.0,0.0,0.0
PMP0171,ISAC_V2,40 à 60,1,1.0,regionJ,0,1,Anti-H1 voie générale,0,Non renseigné,1,Aucun,Pas de traitement,2.7163636363636363,0.004857142857142858,0.0,0.0,0.02869565217391304
PMP0172,ISAC_V2,10 à 20,1,1.0,regionJ,0,1,Aucun,1,Non renseigné,0,Aucun,Non renseigné,8.75,4.22,3.9099999999999997,4.110666666666667,7.507391304347825
PMP0173,ISAC_V2,10 à 20,0,12.0,regionJ,0,1,Anti-H1 voie générale,0,0 - 2 ans,0,Aucun,Pas de traitement,1.229090909090909,0.0,0.034545454545454546,0.0,0.1617391304347826
PMP0174,ISAC_V2,10 à 20,1,12.0,regionJ,0,1,Anti-H1 + CS,1,Non renseigné,1,Aucun,Non renseigné,0.0,0.03514285714285714,0.035454545454545454,0.0,0.0
PMP0175,ISAC_V2,10 à 20,0,11.0,regionJ,0,1,"Anti-H1, voie locale",1,Aucun,0,Aucun,Non renseigné,1.089090909090909,0.0,0.0,0.0,0.0
QVW0001,ISAC_V1,40 à 60,0,11.0,regionD,0,1,Non renseigné,0,Non renseigné,0,Aucun,Non renseigné,0.0,0.11542857142857144,0.0,0.0,8.88391304347826
QVW0002,ISAC_V1,40 à 60,0,11.0,regionD,0,1,Non renseigné,0,Non renseigné,0,Aucun,Non renseigné,4.676363636363636,0.09228571428571429,0.30727272727272725,0.2573333333333333,7.8017391304347825
QVW0003,ISAC_V1,0 à 10,1,11.0,regionD,0,0,Non renseigné,0,Non renseigné,0,Aucun,Non renseigné,0.0,0.008571428571428572,0.0,0.0,0.0
QVW0004,ISAC_V1,0 à 10,1,11.0,regionD,0,1,Non renseigné,0,Non renseigné,0,Aucun,Non renseigné,1.7345454545454544,0.6505714285714286,0.0,0.0,0.0
QVW0005,ISAC_V1,10 à 20,0,11.0,regionD,0,1,Non renseigné,0,Non renseigné,0,Aucun,Non renseigné,3.1936363636363634,1.9805714285714289,0.4454545454545455,0.0,12.256956521739129
QVW0006,ISAC_V1,0 à 10,1,11.0,regionD,0,1,Non renseigné,0,Non renseigné,0,Aucun,Non renseigné,0.0,1.064,1.8190909090909093,0.0,3.0839130434782613
QVW0007,ISAC_V1,40 à 60,1,11.0,regionD,0,1,Non renseigné,0,Non renseigné,0,Aucun,Non renseigné,0.6954545454545454,0.0,0.060000000000000005,0.0,0.4726086956521739
QVW0008,ISAC_V1,0 à 10,1,11.0,regionD,0,1,Non renseigné,0,Non renseigné,0,Aucun,Non renseigné,0.0,0.0,0.5418181818181819,0.0,0.0
QVW0009,ISAC_V1,0 à 10,1,11.0,regionD,0,1,Non renseigné,0,Non renseigné,0,Aucun,Non renseigné,6.02,16.29057142857143,29.51,0.16666666666666666,9.967391304347826
QVW0010,ISAC_V1,0 à 10,1,11.0,regionD,0,0,Non renseigné,0,Non renseigné,0,Aucun,Non renseigné,0.0,0.0,0.0,0.0,0.0
QVW0011,ISAC_V1,0 à 10,0,11.0,regionD,0,1,Non renseigné,0,Non renseigné,0,Aucun,Non renseigné,0.91,0.0,0.11545454545454546,0.0,0.0
QVW0012,ISAC_V1,10 à 20,0,11.0,regionD,0,1,Non renseigné,0,Non renseigné,0,Aucun,Non renseigné,0.16363636363636364,0.0,0.7427272727272727,0.0,0.5382608695652173
QVW0013,ISAC_V1,20 à 40,0,12.0,regionD,0,1,Non renseigné,0,Non renseigné,0,Aucun,Non renseigné,0.1781818181818182,0.0,0.07181818181818182,0.0,5.244782608695653
QVW0014,ISAC_V1,0 à 10,1,12.0,regionD,0,1,Non renseigné,0,Non renseigné,0,Aucun,Non renseigné,0.0,0.014,2.4872727272727273,0.0,0.0
QVW0015,ISAC_V1,40 à 60,0,12.0,regionD,0,1,Non renseigné,0,Non renseigné,0,Aucun,Non renseigné,0.0,0.0,0.0,0.0,0.12782608695652173
QVW0016,ISAC_V1,0 à 10,1,12.0,regionD,0,1,Non renseigné,0,Non renseigné,0,Aucun,Non renseigné,0.0,0.9622857142857143,0.0,0.22866666666666668,0.030869565217391304
QVW0017,ISAC_V1,0 à 10,1,12.0,regionD,0,1,Non renseigné,0,Non renseigné,0,Aucun,Non renseigné,5.0609090909090915,0.04485714285714286,0.47181818181818186,0.0,0.0
QVW0018,ISAC_V1,0 à 10,1,12.0,regionD,0,1,Non renseigné,0,Non renseigné,0,Aucun,Non renseigné,0.0,0.076,0.0,0.0,2.8178260869565217
QVW0019,ISAC_V1,0 à 10,0,2.0,regionD,0,1,Non renseigné,0,Non renseigné,0,Aucun,Non renseigné,0.0,0.03742857142857143,0.48727272727272725,0.0,0.0
QVW0020,ISAC_V1,40 à 60,0,12.0,regionD,0,1,Non renseigné,0,20 ans et plus,1,Aucun,Non renseigné,0.0,0.0,0.0,0.0,0.1565217391304348
QVW0021,ISAC_V1,10 à 20,1,12.0,regionD,0,1,Non renseigné,0,Non renseigné,0,Aucun,Non renseigné,0.0,0.0,0.16454545454545455,0.0,3.936086956521739
QVW0022,ISAC_V1,10 à 20,1,12.0,regionD,0,1,Non renseigné,0,Non renseigné,0,Aucun,Non renseigné,3.1363636363636362,0.3365714285714286,12.089999999999998,1.8900000000000001,2.2182608695652175
QVW0023,ISAC_V1,0 à 10,1,12.0,regionD,0,1,Non renseigné,0,0 - 2 ans,0,Aucun,Non renseigné,0.0,0.132,1.0663636363636364,0.0,0.0
QVW0024,ISAC_V1,20 à 40,0,12.0,regionD,0,1,Non renseigné,0,Non renseigné,1,Aucun,Non renseigné,2.271818181818182,1.4465714285714284,0.13818181818181818,0.0,16.066521739130433
QVW0025,ISAC_V1,0 à 10,1,12.0,regionD,0,1,Non renseigné,0,Non renseigné,1,Aucun,Non renseigné,0.07363636363636364,4.210571428571429,7.958181818181819,0.0,9.580869565217391
QVW0026,ISAC_V1,20 à 40,0,12.0,regionD,0,1,Non renseigné,0,Non renseigné,0,Aucun,Non renseigné,2.4790909090909095,0.0,0.07272727272727274,0.0,1.6991304347826086
QVW0027,ISAC_V1,0 à 10,0,12.0,regionD,0,1,Non renseigné,0,0 - 2 ans,0,Aucun,Non renseigné,2.597272727272727,0.4971428571428571,0.39545454545454545,0.0,0.31739130434782614
QVW0028,ISAC_V1,20 à 40,1,1.0,regionD,0,1,Non renseigné,0,Non renseigné,0,Aucun,Non renseigné,5.630000000000001,3.16,0.18999999999999997,0.84,4.73695652173913
QVW0029,ISAC_V1,0 à 10,0,1.0,regionD,0,0,Non renseigné,0,Non renseigné,0,Aucun,Non renseigné,0.0,0.0,0.0,0.0,0.0
QVW0030,ISAC_V1,20 à 40,0,1.0,regionD,0,1,Non renseigné,0,Non renseigné,0,Effort/Activité sportive,Non renseigné,0.25636363636363635,2.8825714285714286,0.0,0.0,0.16086956521739132
QVW0031,ISAC_V1,0 à 10,0,1.0,regionD,0,1,Non renseigné,0,3 - 10 ans,0,Aucun,Non renseigné,0.0,0.0,0.053636363636363635,0.0,0.7308695652173914
QVW0032,ISAC_V1,0 à 10,1,1.0,regionD,0,1,Non renseigné,0,3 - 10 ans,0,Aucun,Non renseigné,16.16181818181818,4.8748571428571426,3.151818181818182,5.141333333333333,1.0973913043478263
QVW0033,ISAC_V1,10 à 20,0,1.0,regionD,0,1,Non renseigné,0,Non renseigné,0,Aucun,Non renseigné,8.298181818181819,0.5028571428571429,2.2490909090909095,0.0,0.8699999999999999
QVW0034,ISAC_V1,20 à 40,0,1.0,regionD,0,1,Non renseigné,0,Non renseigné,0,Aucun,Non renseigné,0.0,0.0,0.0,0.0,0.3173913043478261
QVW0035,ISAC_V1,0 à 10,1,1.0,regionD,0,0,Non renseigné,0,Non renseigné,0,Aucun,Non renseigné,0.0,0.0,0.0,0.0,0.0
QVW0036,ISAC_V1,10 à 20,0,1.0,regionD,0,0,Non renseigné,0,Non renseigné,0,Aucun,Non renseigné,0.0,0.0,0.0,0.0,0.0
QVW0037,ISAC_V1,10 à 20,0,1.0,regionD,0,1,Non renseigné,0,Non renseigné,0,Aucun,Non renseigné,8.423636363636364,0.3848571428571429,2.0527272727272727,0.0,0.1956521739130435
QVW0038,ISAC_V1,0 à 10,1,1.0,regionD,0,1,Non renseigné,0,Non renseigné,0,Aucun,Non renseigné,0.0,0.2857142857142857,0.0,0.0,0.0
QVW0039,ISAC_V1,40 à 60,0,1.0,regionD,0,1,Non renseigné,0,Non renseigné,0,Aucun,Non renseigné,0.6163636363636363,0.12514285714285714,1.6809090909090907,0.3406666666666667,8.925652173913043
QVW0040,ISAC_V1,0 à 10,0,1.0,regionD,0,0,Non renseigné,0,Non renseigné,0,Aucun,Non renseigné,0.0,0.0,0.0,0.0,0.0
QVW0041,ISAC_V1,40 à 60,0,2.0,regionD,0,1,Non renseigné,0,Non renseigné,0,Aucun,Non renseigné,0.0,0.0,0.0,0.0,0.21999999999999997
QVW0042,ISAC_V1,20 à 40,0,2.0,regionD,0,1,Non renseigné,0,Non renseigné,0,Aucun,Non renseigné,4.020909090909091,0.0,0.0,0.0,1.4052173913043478
QVW0043,ISAC_V1,0 à 10,1,2.0,regionD,0,1,Non renseigné,0,Non renseigné,0,Aucun,Non renseigné,3.1636363636363636,0.08685714285714285,1.0872727272727274,0.22133333333333333,0.6669565217391304
QVW0044,ISAC_V1,0 à 10,0,2.0,regionD,0,1,Non renseigné,0,Non renseigné,0,Aucun,Non renseigné,5.412727272727273,0.20514285714285713,0.0,0.0,0.0
QVW0045,ISAC_V1,0 à 10,1,2.0,regionD,0,1,Non renseigné,0,Non renseigné,0,Aucun,Non renseigné,0.0,7.019142857142858,9.691818181818181,0.0,12.55913043478261
QVW0046,ISAC_V1,0 à 10,0,2.0,regionD,0,1,Non renseigné,0,Non renseigné,0,Aucun,Non renseigné,10.760909090909092,3.345714285714286,31.947272727272722,2.4253333333333336,4.55304347826087
QVW0047,ISAC_V1,0 à 10,0,2.0,regionD,0,0,Non renseigné,0,Non renseigné,0,Aucun,Non renseigné,0.0,0.0,0.0,0.0,0.0
QVW0048,ISAC_V1,0 à 10,0,2.0,regionD,0,1,Non renseigné,0,Non renseigné,0,Aucun,Non renseigné,6.019090909090909,0.0,1.5527272727272725,0.0,2.32
QVW0049,ISAC_V1,0 à 10,1,2.0,regionD,0,1,Non renseigné,0,Non renseigné,0,Aucun,Non renseigné,0.8154545454545453,0.13657142857142857,1.5990909090909091,0.07466666666666667,0.3930434782608696
QVW0050,ISAC_V1,10 à 20,1,2.0,regionD,0,1,Non renseigné,0,Non renseigné,0,Aucun,Non renseigné,0.35363636363636364,0.0,0.19636363636363638,0.0,8.783478260869567
QVW0051,ISAC_V1,20 à 40,1,2.0,regionD,0,1,Non renseigné,0,10 - 20 ans,1,Aucun,Non renseigné,14.665454545454544,0.40571428571428575,0.950909090909091,0.05466666666666666,2.667826086956522
QVW0052,ISAC_V1,40 à 60,0,3.0,regionD,0,1,Non renseigné,0,Non renseigné,0,Aucun,Non renseigné,0.94,0.0,0.7899999999999999,0.0,1.0834782608695652
QVW0053,ISAC_V1,10 à 20,0,3.0,regionD,0,1,Non renseigné,0,Non renseigné,0,Aucun,Non renseigné,0.0,3.1028571428571428,2.2445454545454546,0.0,0.43652173913043474
QVW0054,ISAC_V1,10 à 20,0,3.0,regionD,0,1,Non renseigné,0,Non renseigné,0,Aucun,Non renseigné,0.0,0.40342857142857147,5.243636363636363,0.0,7.376086956521739
QVW0055,ISAC_V1,10 à 20,1,3.0,regionD,0,1,Non renseigné,0,Non renseigné,0,Aucun,Non renseigné,8.617272727272727,0.25171428571428567,0.8781818181818182,0.22133333333333333,0.5499999999999999
QVW0056,ISAC_V1,10 à 20,0,3.0,regionD,0,0,Non renseigné,0,Non renseigné,0,Aucun,Non renseigné,0.0,0.0,0.0,0.0,0.0
QVW0057,ISAC_V1,40 à 60,0,3.0,regionD,0,1,Non renseigné,0,Non renseigné,0,Aucun,Non renseigné,0.23,0.0,0.0,0.0,0.28956521739130436
QVW0058,ISAC_V1,10 à 20,0,3.0,regionD,0,1,Non renseigné,0,Non renseigné,0,Aucun,Non renseigné,0.0,0.0,0.0,0.0,0.0
QVW0059,ISAC_V1,0 à 10,1,3.0,regionD,0,1,Non renseigné,0,Non renseigné,0,Aucun,Non renseigné,0.33636363636363636,0.033999999999999996,0.0,0.4826666666666667,4.712173913043478
QVW0060,ISAC_V1,10 à 20,0,3.0,regionD,0,1,Non renseigné,0,Non renseigné,0,Aucun,Non renseigné,0.0,0.038,0.0,0.6653333333333333,0.0
QVW0061,ISAC_V1,20 à 40,0,3.0,regionD,0,1,Non renseigné,0,Non renseigné,0,Aucun,Non renseigné,1.6672727272727272,0.0,0.0,0.0,0.0
QVW0062,ISAC_V1,20 à 40,0,3.0,regionD,0,1,Non renseigné,0,Non renseigné,0,Aucun,Non renseigné,0.0,0.44942857142857146,0.0,0.0,1.6873913043478261
QVW0063,ISAC_V1,20 à 40,0,3.0,regionD,0,1,Non renseigné,0,Non renseigné,0,Aucun,Non renseigné,0.37454545454545457,0.0,0.05272727272727273,0.0,0.33565217391304353
QVW0064,ISAC_V1,0 à 10,0,3.0,regionD,0,1,Non renseigné,0,Non renseigné,0,Aucun,Non renseigné,0.0,0.0,0.0,0.0,1.6752173913043478
QVW0065,ISAC_V1,0 à 10,1,3.0,regionD,0,1,Non renseigné,0,Non renseigné,0,Aucun,Non renseigné,0.0,0.5888571428571429,0.0,0.0,0.10347826086956521
QVW0066,ISAC_V1,0 à 10,0,3.0,regionD,0,1,Non renseigné,0,Non renseigné,0,Aucun,Non renseigné,0.0,0.03142857142857143,0.0,0.0,6.864347826086957
QVW0067,ISAC_V1,60 à Plus,0,4.0,regionD,0,0,Non renseigné,0,Non renseigné,0,Aucun,Non renseigné,0.0,0.0,0.0,0.0,0.0
QVW0068,ISAC_V1,10 à 20,0,4.0,regionD,0,1,Non renseigné,0,Non renseigné,0,Aucun,Non renseigné,1.481818181818182,0.252,0.9109090909090909,0.38466666666666666,2.251304347826087
QVW0069,ISAC_V1,0 à 10,1,4.0,regionD,0,1,Non renseigné,0,Non renseigné,0,Aucun,Non renseigné,0.0,1.484,1.3963636363636365,0.0,0.0
QVW0070,ISAC_V1,10 à 20,1,4.0,regionD,0,1,Non renseigné,0,Non renseigné,0,Aucun,Non renseigné,0.0,0.0,0.0,0.0,0.1773913043478261
QVW0071,ISAC_V1,20 à 40,1,4.0,regionD,0,0,Non renseigné,0,Non renseigné,0,Aucun,Non renseigné,0.0,0.0,0.0,0.0,0.0
QVW0072,ISAC_V1,0 à 10,1,4.0,regionD,0,1,Non renseigné,0,Non renseigné,0,Aucun,Non renseigné,0.0,0.022857142857142857,0.0,0.0,0.0
QVW0073,ISAC_V1,0 à 10,0,4.0,regionD,0,1,Non renseigné,0,Non renseigné,0,Aucun,Non renseigné,0.0,0.052571428571428575,0.36727272727272725,1.0693333333333332,0.14652173913043479
QVW0074,ISAC_V1,10 à 20,0,4.0,regionD,0,1,Non renseigné,0,Non renseigné,0,Aucun,Non renseigné,4.219090909090909,0.5657142857142857,3.9927272727272727,0.0,1.5034782608695652
QVW0075,ISAC_V1,10 à 20,0,4.0,regionD,0,0,Non renseigné,0,Non renseigné,0,Aucun,Non renseigné,0.0,0.0,0.0,0.0,0.0
QVW0076,ISAC_V1,0 à 10,1,4.0,regionD,0,1,Non renseigné,0,Non renseigné,0,Aucun,Non renseigné,0.20545454545454545,0.0,0.9636363636363636,0.0,3.3978260869565218
QVW0077,ISAC_V1,10 à 20,1,4.0,regionD,0,1,Non renseigné,0,Non renseigné,0,Aucun,Non renseigné,2.83,0.01,0.41818181818181815,0.0,0.3821739130434782
QVW0078,ISAC_V1,0 à 10,0,5.0,regionD,0,1,Non renseigné,0,Non renseigné,0,Aucun,Non renseigné,11.95909090909091,5.584,16.94818181818182,0.966,7.7004347826086965
QVW0079,ISAC_V1,10 à 20,0,5.0,regionD,0,1,Non renseigné,0,Non renseigné,0,Aucun,Non renseigné,13.584545454545456,0.844,17.155454545454546,0.0,10.52304347826087
QVW0080,ISAC_V1,10 à 20,0,5.0,regionD,0,1,Non renseigné,0,Non renseigné,0,Aucun,Non renseigné,0.0,0.0,2.6054545454545455,0.0,2.597391304347826
QVW0081,ISAC_V1,40 à 60,0,5.0,regionD,0,0,Non renseigné,0,Non renseigné,0,Aucun,Non renseigné,0.0,0.0,0.0,0.0,0.0
QVW0082,ISAC_V1,10 à 20,0,5.0,regionD,0,0,Non renseigné,0,Non renseigné,0,Aucun,Non renseigné,0.0,0.0,0.0,0.0,0.0
QVW0083,ISAC_V1,40 à 60,0,5.0,regionD,0,1,Non renseigné,0,Non renseigné,0,Aucun,Non renseigné,0.27181818181818185,0.0,0.4090909090909091,0.0,1.17
QVW0084,ISAC_V1,40 à 60,1,5.0,regionD,0,1,Non renseigné,0,Non renseigné,0,Aucun,Non renseigné,4.177272727272728,1.0551428571428572,1.4645454545454546,0.4593333333333333,3.9852173913043485
QVW0085,ISAC_V1,10 à 20,1,5.0,regionD,0,1,Non renseigné,0,Non renseigné,0,Aucun,Non renseigné,0.0,0.1182857142857143,0.16363636363636364,0.0,1.2895652173913044
QVW0086,ISAC_V1,10 à 20,0,5.0,regionD,0,1,Non renseigné,0,Non renseigné,1,Aucun,Non renseigné,0.4945454545454545,0.0,0.0,0.0,4.25
QVW0087,ISAC_V1,20 à 40,0,6.0,regionD,0,0,Non renseigné,0,Non renseigné,0,Aucun,Non renseigné,0.0,0.0,0.0,0.0,0.0
QVW0088,ISAC_V1,10 à 20,0,6.0,regionD,0,1,Non renseigné,0,Non renseigné,0,Aucun,Non renseigné,0.0,4.744571428571429,0.0,0.025333333333333333,0.03565217391304348
QVW0089,ISAC_V1,20 à 40,0,6.0,regionD,0,1,Non renseigné,0,Non renseigné,0,Aucun,Non renseigné,0.0,0.0,0.0,0.0,0.024782608695652176
QVW0090,ISAC_V1,0 à 10,1,6.0,regionD,0,1,Non renseigné,0,Non renseigné,0,Aucun,Non renseigné,0.30363636363636365,2.1368571428571426,0.0,0.21466666666666664,3.4495652173913043
QVW0091,ISAC_V1,10 à 20,1,6.0,regionD,0,1,Non renseigné,0,Non renseigné,0,Aucun,Non renseigné,0.0,0.009714285714285715,0.0,0.9380000000000001,0.01173913043478261
QVW0092,ISAC_V1,10 à 20,1,6.0,regionD,0,1,Non renseigné,0,Non renseigné,0,Aucun,Non renseigné,0.012727272727272728,0.03571428571428571,0.0,0.009333333333333334,12.89
QVW0093,ISAC_V1,0 à 10,1,6.0,regionD,0,1,Non renseigné,0,Non renseigné,0,Aucun,Non renseigné,11.656363636363636,3.2891428571428567,2.8136363636363635,1.1586666666666665,3.1026086956521737
QVW0094,ISAC_V1,10 à 20,0,6.0,regionD,0,1,Non renseigné,0,Non renseigné,0,Aucun,Non renseigné,14.72909090909091,0.19599999999999998,0.02909090909090909,0.6613333333333333,3.997826086956522
QVW0095,ISAC_V1,0 à 10,1,6.0,regionD,0,0,Non renseigné,0,Non renseigné,0,Aucun,Non renseigné,0.0,0.0,0.0,0.0,0.0
QVW0096,ISAC_V1,0 à 10,1,6.0,regionD,0,0,Non renseigné,0,Non renseigné,0,Aucun,Non renseigné,0.0,0.0,0.0,0.0,0.0
QVW0097,ISAC_V1,10 à 20,0,6.0,regionD,0,0,Non renseigné,0,Non renseigné,0,Aucun,Non renseigné,0.0,0.0,0.0,0.0,0.0
QVW0098,ISAC_V1,20 à 40,0,6.0,regionD,0,1,Non renseigné,0,Non renseigné,0,Aucun,Non renseigné,3.0890909090909093,0.0,1.0990909090909091,0.0,0.8060869565217391
QVW0099,ISAC_V1,10 à 20,1,5.0,regionD,0,1,Non renseigné,0,Non renseigné,0,Aucun,Non renseigné,0.0,0.12857142857142856,0.0,0.0,0.14869565217391303
QVW0100,ISAC_V1,10 à 20,1,6.0,regionD,0,1,Non renseigné,0,Non renseigné,0,Aucun,Non renseigné,0.0,0.6454285714285715,0.0,0.41600000000000004,10.44608695652174
QVW0101,ISAC_V1,10 à 20,1,6.0,regionD,0,1,Non renseigné,0,Non renseigné,0,Aucun,Non renseigné,0.0,0.5014285714285713,0.0,0.0,2.789565217391304
QVW0102,ISAC_V1,20 à 40,0,6.0,regionD,0,1,Non renseigné,0,Non renseigné,0,Aucun,Non renseigné,6.718181818181819,0.02457142857142857,1.0581818181818183,0.388,0.3269565217391304
QVW0103,ISAC_V1,10 à 20,1,6.0,regionD,0,1,Non renseigné,0,Non renseigné,0,Aucun,Non renseigné,0.3890909090909091,2.464857142857143,6.600909090909091,0.064,21.18173913043478
QVW0104,ISAC_V1,10 à 20,0,6.0,regionD,0,1,Non renseigné,0,Non renseigné,0,Aucun,Non renseigné,0.05454545454545454,0.3405714285714286,0.0,0.0,2.7982608695652176
QVW0105,ISAC_V1,10 à 20,0,6.0,regionD,0,1,Non renseigné,0,Non renseigné,0,Aucun,Non renseigné,23.212727272727275,0.009428571428571429,2.601818181818182,0.09333333333333332,4.714782608695652
QVW0106,ISAC_V1,10 à 20,1,7.0,regionD,0,1,Non renseigné,0,Non renseigné,1,Aucun,Non renseigné,0.05818181818181818,1.191142857142857,1.479090909090909,2.9613333333333336,4.340000000000001
QVW0107,ISAC_V1,0 à 10,0,7.0,regionD,0,1,Non renseigné,0,Non renseigné,0,Aucun,Non renseigné,0.0,0.09514285714285714,0.07363636363636364,0.0,0.0
QVW0108,ISAC_V1,20 à 40,0,7.0,regionD,0,1,Non renseigné,0,Non renseigné,0,Aucun,Non renseigné,0.0,2.648285714285714,0.0,0.0,8.263478260869565
QVW0109,ISAC_V1,0 à 10,1,7.0,regionD,0,1,Non renseigné,0,Non renseigné,1,Aucun,Non renseigné,6.536363636363635,2.0277142857142856,5.038181818181818,3.051333333333333,2.6721739130434785
QVW0110,ISAC_V1,10 à 20,0,7.0,regionD,0,1,Non renseigné,0,Non renseigné,0,Aucun,Non renseigné,8.82181818181818,0.009428571428571429,1.947272727272727,0.302,1.4000000000000001
QVW0111,ISAC_V1,10 à 20,0,7.0,regionD,0,1,Non renseigné,0,Non renseigné,0,Aucun,Non renseigné,0.0,2.3891428571428572,0.1918181818181818,0.0,7.188695652173913
QVW0112,ISAC_V1,0 à 10,1,7.0,regionD,0,1,Non renseigné,0,Non renseigné,1,Aucun,Non renseigné,0.0,0.037714285714285714,0.0,0.0,0.0
QVW0113,ISAC_V1,0 à 10,1,7.0,regionD,0,1,Non renseigné,0,Non renseigné,0,Aucun,Non renseigné,0.0,0.42828571428571427,7.265454545454546,0.37866666666666665,5.467826086956522
QVW0114,ISAC_V1,20 à 40,0,7.0,regionD,0,0,Non renseigné,0,Non renseigné,0,Aucun,Non renseigné,0.0,0.0,0.0,0.0,0.0
QVW0115,ISAC_V1,0 à 10,1,7.0,regionD,0,1,Non renseigné,0,Non renseigné,0,Aucun,Non renseigné,23.80545454545455,2.916857142857143,4.495454545454545,2.824,9.561739130434784
QVW0116,ISAC_V1,0 à 10,0,7.0,regionD,0,1,Non renseigné,0,Non renseigné,1,Aucun,Non renseigné,7.800000000000001,0.17885714285714285,0.2109090909090909,0.0,1.9291304347826086
QVW0117,ISAC_V1,20 à 40,0,6.0,regionD,0,1,Non renseigné,0,Non renseigné,0,Aucun,Non renseigné,0.0,0.0,0.0,0.0,0.20304347826086958
QVW0118,ISAC_V1,10 à 20,0,7.0,regionD,0,1,Non renseigné,0,Non renseigné,0,Aucun,Non renseigné,6.374545454545455,0.6602857142857143,1.0845454545454545,0.0,8.721739130434782
QVW0119,ISAC_V1,0 à 10,1,7.0,regionD,0,0,Non renseigné,0,Non renseigné,0,Aucun,Non renseigné,0.0,0.0,0.0,0.0,0.0
QVW0120,ISAC_V1,0 à 10,1,8.0,regionD,0,1,Non renseigné,0,3 - 10 ans,0,Aucun,Non renseigné,10.09090909090909,0.11171428571428572,0.9163636363636364,0.0,0.6773913043478261
QVW0121,ISAC_V1,0 à 10,1,4.0,regionD,0,1,Non renseigné,0,Non renseigné,0,Aucun,Non renseigné,29.671818181818182,7.048,4.907272727272727,0.0,17.819565217391304
QVW0122,ISAC_V1,0 à 10,0,8.0,regionD,0,1,Non renseigné,0,3 - 10 ans,0,Aucun,Non renseigné,0.0,0.9094285714285715,0.0,0.0,5.856521739130436
QVW0123,ISAC_V1,0 à 10,1,8.0,regionD,0,0,Non renseigné,0,Non renseigné,0,Aucun,Non renseigné,0.0,0.0,0.0,0.0,0.0
QVW0124,ISAC_V1,0 à 10,1,8.0,regionD,0,1,Non renseigné,0,Non renseigné,0,Aucun,Non renseigné,0.0,0.8197142857142857,0.08545454545454546,0.6753333333333333,8.449565217391305
QVW0125,ISAC_V1,0 à 10,1,8.0,regionD,0,1,Non renseigné,0,Non renseigné,0,Aucun,Non renseigné,0.9409090909090909,0.17742857142857144,24.172727272727272,4.255333333333334,2.475217391304348
QVW0126,ISAC_V1,10 à 20,0,9.0,regionD,0,1,Non renseigné,0,Non renseigné,0,Aucun,Non renseigné,1.3163636363636364,0.04742857142857143,0.4581818181818182,0.05,0.8526086956521739
QVW0127,ISAC_V1,40 à 60,0,9.0,regionD,0,0,Non renseigné,0,Non renseigné,0,Aucun,Non renseigné,0.0,0.0,0.0,0.0,0.0
QVW0128,ISAC_V1,0 à 10,0,9.0,regionD,0,0,Non renseigné,0,Non renseigné,0,Aucun,Non renseigné,0.0,0.0,0.0,0.0,0.0
QVW0129,ISAC_V1,10 à 20,1,9.0,regionD,0,1,Non renseigné,0,Non renseigné,0,Aucun,Non renseigné,0.0,0.0,0.0,0.13933333333333334,0.1930434782608696
QVW0130,ISAC_V1,20 à 40,0,9.0,regionD,0,1,Non renseigné,0,Non renseigné,0,Aucun,Non renseigné,0.08272727272727272,0.1985714285714286,0.15545454545454546,0.060000000000000005,3.6278260869565218
QVW0131,ISAC_V1,40 à 60,1,9.0,regionD,0,1,Non renseigné,0,Non renseigné,0,Aucun,Non renseigné,0.3518181818181818,0.0,3.0063636363636363,0.0,0.6617391304347826
QVW0132,ISAC_V1,10 à 20,1,9.0,regionD,0,1,Non renseigné,0,Non renseigné,0,Aucun,Non renseigné,0.0,0.0,0.0,0.10600000000000001,0.26130434782608697
QVW0133,ISAC_V1,0 à 10,1,9.0,regionD,0,1,Non renseigné,0,Non renseigné,0,Aucun,Non renseigné,1.2727272727272727,0.2762857142857143,0.0,0.0,0.0
QVW0134,ISAC_V1,0 à 10,1,9.0,regionD,0,1,Non renseigné,0,0 - 2 ans,1,Animaux : chat/chien,Non renseigné,0.8054545454545454,1.436,0.06181818181818182,0.21666666666666667,3.0756521739130434
QVW0135,ISAC_V1,0 à 10,1,9.0,regionD,0,1,Non renseigné,0,Non renseigné,0,Aucun,Non renseigné,0.19727272727272727,3.0851428571428574,0.07090909090909091,0.23600000000000002,1.5752173913043477
QVW0136,ISAC_V1,20 à 40,0,9.0,regionD,0,1,Non renseigné,0,Non renseigné,0,Aucun,Non renseigné,0.0,0.0,0.4063636363636363,0.10266666666666667,0.6121739130434782
QVW0137,ISAC_V1,0 à 10,0,9.0,regionD,0,1,Non renseigné,0,Non renseigné,0,Aucun,Non renseigné,0.0,0.0,0.05090909090909091,0.0,1.065217391304348
QVW0138,ISAC_V1,0 à 10,1,9.0,regionD,0,1,Non renseigné,0,Non renseigné,0,Aucun,Non renseigné,6.580909090909091,1.4280000000000002,2.5563636363636366,0.04466666666666667,8.970434782608695
QVW0139,ISAC_V1,40 à 60,0,10.0,regionD,0,1,Non renseigné,0,Non renseigné,0,Aucun,Non renseigné,0.0,0.0,0.0,0.0,0.02347826086956522
QVW0140,ISAC_V1,10 à 20,1,10.0,regionD,0,0,Non renseigné,0,Non renseigné,0,Aucun,Non renseigné,0.0,0.0,0.0,0.0,0.0
QVW0141,ISAC_V1,0 à 10,1,10.0,regionD,0,1,Non renseigné,0,Non renseigné,0,Aucun,Non renseigné,0.0,0.1974285714285714,0.0,0.0,0.014782608695652176
QVW0142,ISAC_V1,0 à 10,1,10.0,regionD,0,1,Non renseigné,0,0 - 2 ans,0,Animaux : chat/chien,Non renseigné,0.0,0.9402857142857142,3.0736363636363637,0.47,0.05260869565217391
QVW0143,ISAC_V1,10 à 20,1,10.0,regionD,0,1,Non renseigné,0,Non renseigné,0,Aucun,Non renseigné,7.590909090909091,0.008857142857142857,0.2681818181818182,0.0,0.9756521739130435
QVW0144,ISAC_V1,20 à 40,0,10.0,regionD,0,1,Non renseigné,0,Non renseigné,0,Aucun,Non renseigné,4.74,0.126,0.0,0.0,0.6460869565217392
QVW0145,ISAC_V1,20 à 40,0,10.0,regionD,0,1,Non renseigné,0,Non renseigné,0,Aucun,Non renseigné,9.613636363636363,0.15371428571428572,2.808181818181818,1.9293333333333331,4.0517391304347825
QVW0146,ISAC_V1,10 à 20,0,10.0,regionD,0,1,Non renseigné,0,Non renseigné,0,Aucun,Non renseigné,23.29090909090909,0.024857142857142855,1.518181818181818,0.0,0.26869565217391306
QVW0147,ISAC_V1,0 à 10,1,10.0,regionD,0,1,Non renseigné,0,Non renseigné,0,Aucun,Non renseigné,26.385454545454547,9.235999999999999,2.6545454545454548,8.358666666666666,0.9969565217391304
QVW0148,ISAC_V1,0 à 10,1,10.0,regionD,0,1,Non renseigné,0,Non renseigné,0,Aucun,Non renseigné,0.0,0.0,0.0,0.25933333333333336,1.7547826086956522
QVW0149,ISAC_V1,0 à 10,1,10.0,regionD,0,1,Non renseigné,0,Non renseigné,0,Aucun,Non renseigné,0.9036363636363636,2.612,1.0245454545454544,0.422,1.3813043478260867
QVW0150,ISAC_V1,60 à Plus,1,10.0,regionD,0,1,Non renseigné,0,Non renseigné,0,Aucun,Non renseigné,0.0,0.0,0.0,0.0,0.771304347826087
QVW0151,ISAC_V1,0 à 10,1,11.0,regionD,0,1,Non renseigné,0,Non renseigné,0,Aucun,Non renseigné,0.0,0.2442857142857143,0.6454545454545454,0.0,5.715217391304347
QVW0152,ISAC_V1,10 à 20,0,10.0,regionD,0,1,Non renseigné,0,Non renseigné,0,Aucun,Non renseigné,0.0,0.2722857142857143,0.0,0.0,12.330869565217393
QVW0153,ISAC_V1,20 à 40,1,11.0,regionD,0,1,Non renseigné,0,Non renseigné,0,Aucun,Non renseigné,0.33090909090909093,0.08800000000000001,0.3109090909090909,1.7673333333333334,4.798260869565217
QVW0154,ISAC_V1,0 à 10,1,11.0,regionD,0,1,Non renseigné,0,Non renseigné,0,Aucun,Non renseigné,21.89272727272727,2.152285714285714,2.6854545454545455,0.94,2.721304347826087
QVW0155,ISAC_V1,10 à 20,1,11.0,regionD,0,1,Non renseigné,0,Non renseigné,0,Aucun,Non renseigné,0.0,0.06257142857142857,6.211818181818182,1.6526666666666665,0.3073913043478261
QVW0156,ISAC_V1,0 à 10,0,11.0,regionD,0,1,Non renseigné,0,Non renseigné,0,Aucun,Non renseigné,0.0,0.0,2.3227272727272728,0.10733333333333334,19.684782608695652
QVW0157,ISAC_V1,0 à 10,1,11.0,regionD,0,1,Non renseigné,0,Non renseigné,0,Aucun,Non renseigné,0.10818181818181817,1.0982857142857143,0.0,0.04066666666666666,0.44826086956521743
QVW0158,ISAC_V1,10 à 20,1,11.0,regionD,0,1,Non renseigné,0,3 - 10 ans,0,Aucun,Non renseigné,0.0,0.16028571428571428,0.05090909090909091,0.4613333333333333,2.7182608695652175
QVW0159,ISAC_V1,10 à 20,1,11.0,regionD,0,1,Non renseigné,0,Non renseigné,0,Aucun,Non renseigné,10.955454545454545,0.006,0.2218181818181818,0.0,8.814347826086957
QVW0160,ISAC_V1,10 à 20,1,11.0,regionD,0,1,Non renseigné,0,10 - 20 ans,0,Effort/Activité sportive,Non renseigné,0.0,0.44257142857142856,0.0,0.7713333333333333,1.2678260869565217
QVW0161,ISAC_V1,0 à 10,0,11.0,regionD,0,1,Non renseigné,0,Non renseigné,0,Aucun,Non renseigné,0.0,0.22371428571428573,6.164545454545455,0.0,4.873913043478261
QVW0162,ISAC_V1,20 à 40,1,11.0,regionD,0,0,Non renseigné,0,Non renseigné,0,Aucun,Non renseigné,0.0,0.0,0.0,0.0,0.0
QVW0163,ISAC_V1,10 à 20,1,11.0,regionD,0,1,Non renseigné,0,Non renseigné,0,Aucun,Non renseigné,14.52909090909091,0.0,0.0,0.0,0.3873913043478261
QVW0164,ISAC_V1,0 à 10,1,11.0,regionD,0,1,Non renseigné,0,Non renseigné,0,Aucun,Non renseigné,13.661818181818182,0.7991428571428572,0.6954545454545454,1.397333333333333,0.9882608695652174
QVW0165,ISAC_V1,0 à 10,1,11.0,regionD,0,1,Non renseigné,0,Non renseigné,0,Aucun,Non renseigné,0.0,1.0899999999999999,0.0,5.2860000000000005,1.322608695652174
QVW0166,ISAC_V1,0 à 10,1,12.0,regionD,0,0,Non renseigné,0,Non renseigné,0,Aucun,Non renseigné,0.0,0.0,0.0,0.0,0.0
QVW0167,ISAC_V1,60 à Plus,0,11.0,regionD,0,1,Non renseigné,0,Non renseigné,0,Aucun,Non renseigné,0.060909090909090906,0.0,0.03818181818181818,0.0,1.0339130434782609
QVW0168,ISAC_V1,40 à 60,0,11.0,regionD,0,0,Non renseigné,0,Non renseigné,0,Aucun,Non renseigné,0.0,0.0,0.0,0.0,0.0
QVW0169,ISAC_V1,10 à 20,0,11.0,regionD,0,1,Non renseigné,0,Non renseigné,0,Aucun,Non renseigné,0.0,0.0,0.0,0.0,1.5004347826086957
QVW0170,ISAC_V1,0 à 10,0,11.0,regionD,0,1,Non renseigné,0,Non renseigné,0,Aucun,Non renseigné,20.633636363636366,1.2982857142857143,7.121818181818182,0.5519999999999999,5.345217391304348
QVW0171,ISAC_V1,0 à 10,0,11.0,regionD,0,1,Non renseigné,0,Non renseigné,0,Aucun,Non renseigné,0.0,0.054857142857142854,0.5409090909090909,0.0,0.0
QVW0172,ISAC_V1,0 à 10,0,11.0,regionD,0,1,Non renseigné,0,Non renseigné,0,Aucun,Non renseigné,0.0,1.4308571428571428,0.5663636363636364,0.0,0.05608695652173913
QVW0173,ISAC_V1,10 à 20,1,11.0,regionD,0,1,Non renseigné,0,Non renseigné,0,Aucun,Non renseigné,6.0627272727272725,0.6299999999999999,2.4481818181818182,2.1540000000000004,6.704782608695653
QVW0174,ISAC_V1,20 à 40,0,11.0,regionD,0,0,Non renseigné,0,Non renseigné,0,Aucun,Non renseigné,0.0,0.0,0.0,0.0,0.0
QVW0175,ISAC_V1,10 à 20,0,11.0,regionD,0,1,Non renseigné,0,Non renseigné,0,Aucun,Non renseigné,6.866363636363636,0.16685714285714284,0.0,0.27266666666666667,0.026956521739130435
QVW0176,ISAC_V1,20 à 40,0,11.0,regionD,0,1,Non renseigné,0,Non renseigné,0,Aucun,Non renseigné,0.0,0.06171428571428572,0.0,0.828,2.5860869565217395
QVW0177,ISAC_V1,0 à 10,1,11.0,regionD,0,1,Non renseigné,0,Non renseigné,0,Aucun,Non renseigné,49.403636363636366,15.200571428571427,64.58181818181818,9.104666666666667,21.674347826086954
QVW0178,ISAC_V1,40 à 60,0,12.0,regionD,0,0,Non renseigné,0,Non renseigné,0,Aucun,Non renseigné,0.0,0.0,0.0,0.0,0.0
QVW0179,ISAC_V1,0 à 10,0,12.0,regionD,0,1,Non renseigné,0,Non renseigné,0,Aucun,Non renseigné,0.0,0.078,0.0,0.0,0.0
QVW0180,ISAC_V1,0 à 10,1,12.0,regionD,0,1,Non renseigné,0,Non renseigné,0,Aucun,Non renseigné,0.0,0.40885714285714286,0.3918181818181818,0.0,1.0821739130434782
QVW0181,ISAC_V1,0 à 10,1,12.0,regionD,0,1,Non renseigné,0,Non renseigné,0,Aucun,Non renseigné,0.0,0.36428571428571427,2.7236363636363636,5.888,3.4613043478260868
QVW0182,ISAC_V1,20 à 40,0,12.0,regionD,0,1,Non renseigné,0,Non renseigné,0,Aucun,Non renseigné,0.0,0.0,0.07818181818181819,0.0,0.20130434782608694
QVW0183,ISAC_V1,0 à 10,1,12.0,regionD,0,0,Non renseigné,0,Non renseigné,0,Aucun,Non renseigné,0.0,0.0,0.0,0.0,0.0
QVW0184,ISAC_V1,0 à 10,1,12.0,regionD,0,0,Non renseigné,0,Non renseigné,0,Aucun,Non renseigné,0.0,0.0,0.0,0.0,0.0
QVW0185,ISAC_V1,0 à 10,0,12.0,regionD,0,0,Non renseigné,0,Non renseigné,0,Aucun,Non renseigné,0.0,0.0,0.0,0.0,0.0
QVW0186,ISAC_V1,10 à 20,0,12.0,regionD,0,1,Non renseigné,0,Non renseigné,0,Aucun,Non renseigné,10.937272727272727,0.0,0.4336363636363636,0.0,0.8995652173913044
QVW0187,ISAC_V1,10 à 20,0,1.0,regionD,0,1,Non renseigné,0,10 - 20 ans,1,Effort/Activité sportive,Non renseigné,6.811818181818182,0.616857142857143,0.08272727272727273,0.02333333333333333,7.222608695652174
QVW0188,ISAC_V1,10 à 20,1,1.0,regionD,0,1,Non renseigné,0,Non renseigné,1,Aucun,Non renseigné,7.091818181818181,0.36657142857142855,1.1163636363636364,0.0,1.09
QVW0189,ISAC_V1,20 à 40,1,1.0,regionD,0,1,Non renseigné,0,Non renseigné,0,Aucun,Non renseigné,0.0,0.0,0.0,0.0,0.3530434782608696
QVW0190,ISAC_V1,10 à 20,0,1.0,regionD,0,1,Non renseigné,0,Non renseigné,0,Aucun,Non renseigné,0.0,0.026857142857142857,0.01909090909090909,1.312,0.0
QVW0191,ISAC_V1,20 à 40,0,1.0,regionD,0,1,Non renseigné,0,Non renseigné,0,Aucun,Non renseigné,11.907272727272726,0.10685714285714286,1.3599999999999999,0.058666666666666666,1.3969565217391302
QVW0192,ISAC_V1,0 à 10,1,1.0,regionD,0,1,Non renseigné,0,Non renseigné,0,Aucun,Non renseigné,27.08272727272727,2.499714285714286,2.8654545454545457,0.35733333333333334,0.8917391304347827
QVW0193,ISAC_V1,20 à 40,0,1.0,regionD,0,1,Non renseigné,0,Non renseigné,0,Aucun,Non renseigné,0.0,0.010571428571428572,0.7599999999999999,0.0,5.303478260869565
QVW0194,ISAC_V1,10 à 20,0,1.0,regionD,0,1,Non renseigné,0,Non renseigné,0,Aucun,Non renseigné,0.9254545454545454,0.7268571428571428,0.3563636363636364,0.23600000000000002,28.554782608695653
QVW0195,ISAC_V1,0 à 10,1,1.0,regionD,0,1,Non renseigné,0,Non renseigné,0,Aucun,Non renseigné,1.0372727272727273,0.09971428571428571,0.0,0.05333333333333334,0.06086956521739131
QVW0196,ISAC_V1,40 à 60,1,1.0,regionD,0,0,Non renseigné,0,Non renseigné,0,Aucun,Non renseigné,0.0,0.0,0.0,0.0,0.0
QVW0197,ISAC_V1,20 à 40,0,1.0,regionD,0,0,Non renseigné,0,Non renseigné,0,Aucun,Non renseigné,0.0,0.0,0.0,0.0,0.0
QVW0198,ISAC_V1,40 à 60,0,2.0,regionD,0,0,Non renseigné,0,Aucun,1,Aucun,Non renseigné,0.0,0.0,0.0,0.0,0.0
QVW0199,ISAC_V1,20 à 40,1,2.0,regionD,0,1,Non renseigné,0,20 ans et plus,1,Aucun,Non renseigné,0.0,0.0,0.0,0.0,0.3617391304347826
QVW0200,ISAC_V1,10 à 20,0,2.0,regionD,0,1,Non renseigné,0,Non renseigné,0,Aucun,Non renseigné,0.0,0.0,1.960909090909091,0.0,11.65304347826087
QVW0201,ISAC_V1,20 à 40,0,2.0,regionD,0,1,Non renseigné,0,Non renseigné,0,Aucun,Non renseigné,0.0,0.010285714285714285,1.3763636363636365,0.5046666666666667,8.981739130434784
QVW0202,ISAC_V1,0 à 10,1,2.0,regionD,0,1,Non renseigné,0,Non renseigné,0,Aucun,Non renseigné,0.0,0.0,0.26545454545454544,0.0,0.0
QVW0203,ISAC_V1,20 à 40,0,2.0,regionD,0,0,Non renseigné,0,Non renseigné,0,Aucun,Non renseigné,0.0,0.0,0.0,0.0,0.0
QVW0204,ISAC_V1,40 à 60,1,2.0,regionD,0,1,Non renseigné,0,Non renseigné,0,Animaux : chat/chien,Non renseigné,0.0,0.0,0.07090909090909091,0.02,2.063913043478261
QVW0205,ISAC_V1,40 à 60,1,2.0,regionD,0,1,Non renseigné,0,Aucun,0,Moisissures,Non renseigné,4.574545454545454,0.0,0.0,0.025333333333333333,0.15434782608695652
QVW0206,ISAC_V1,20 à 40,0,1.0,regionD,0,1,Non renseigné,0,Non renseigné,0,Aucun,Non renseigné,0.0,0.0,0.0,0.0,3.1526086956521735
QVW0207,ISAC_V1,0 à 10,0,1.0,regionD,0,1,Aucun,0,Non renseigné,0,Aucun,Non renseigné,0.0,0.054,2.319090909090909,0.0,2.9556521739130437
QVW0208,ISAC_V1,60 à Plus,0,1.0,regionD,0,1,Non renseigné,0,Non renseigné,0,Aucun,Non renseigné,3.6936363636363634,0.34914285714285714,0.0,0.9346666666666666,0.0
QVW0209,ISAC_V1,10 à 20,1,1.0,regionD,0,1,Non renseigné,0,Non renseigné,0,Aucun,Non renseigné,2.867272727272727,1.4851428571428573,0.0,1.0733333333333335,9.511304347826087
QVW0210,ISAC_V1,60 à Plus,1,1.0,regionD,0,1,Non renseigné,0,20 ans et plus,0,Aucun,Non renseigné,0.0,0.011428571428571429,0.0,0.0,7.819999999999999
QVW0211,ISAC_V1,0 à 10,0,1.0,regionD,0,1,Non renseigné,0,Non renseigné,0,Aucun,Non renseigné,1.9327272727272726,0.33085714285714285,0.0,0.736,1.1682608695652175
QVW0212,ISAC_V1,0 à 10,1,1.0,regionD,0,1,Non renseigné,0,Non renseigné,0,Aucun,Non renseigné,0.0,0.402,1.5645454545454547,1.764,10.301739130434783
QVW0213,ISAC_V1,0 à 10,1,2.0,regionD,0,1,Non renseigné,0,Non renseigné,0,Aucun,Non renseigné,0.0,0.1385714285714286,0.28545454545454546,1.1673333333333333,6.423043478260869
QVW0214,ISAC_V1,0 à 10,1,2.0,regionD,0,1,Non renseigné,0,Non renseigné,1,Aucun,Non renseigné,0.0,5.247142857142857,2.4663636363636363,0.05,2.5391304347826087
QVW0215,ISAC_V1,0 à 10,0,2.0,regionD,0,1,Non renseigné,0,Non renseigné,1,Aucun,Non renseigné,0.12181818181818181,0.19142857142857142,0.05272727272727273,0.0,0.06173913043478261
QVW0216,ISAC_V1,20 à 40,0,2.0,regionD,0,1,Non renseigné,0,Non renseigné,0,Aucun,Non renseigné,5.086363636363637,5.074857142857143,29.628181818181815,0.0,10.51391304347826
QVW0217,ISAC_V1,10 à 20,1,2.0,regionD,0,1,Non renseigné,0,Non renseigné,0,Aucun,Non renseigné,0.0,0.472,1.4654545454545451,2.1853333333333333,4.469130434782609
QVW0218,ISAC_V1,40 à 60,0,2.0,regionD,0,0,Non renseigné,0,Non renseigné,0,Aucun,Non renseigné,0.0,0.0,0.0,0.0,0.0
QVW0219,ISAC_V1,10 à 20,0,2.0,regionD,0,1,Non renseigné,0,Non renseigné,0,Aucun,Non renseigné,0.0,0.0,0.0,0.10200000000000001,9.161304347826087
QVW0220,ISAC_V1,20 à 40,0,2.0,regionD,0,1,Non renseigné,0,Non renseigné,0,Aucun,Non renseigné,0.0,0.0,0.0,0.0,0.45956521739130435
QVW0221,ISAC_V1,20 à 40,0,2.0,regionD,0,1,Non renseigné,0,Non renseigné,1,Aucun,Non renseigné,0.0,0.0,0.0,0.0,0.0
QVW0222,ISAC_V1,0 à 10,1,2.0,regionD,0,0,Non renseigné,0,Non renseigné,0,Aucun,Non renseigné,0.0,0.0,0.0,0.0,0.0
QVW0223,ISAC_V1,40 à 60,1,2.0,regionD,0,1,Non renseigné,0,Non renseigné,0,Aucun,Non renseigné,2.9427272727272733,0.0,0.0,0.0,0.03434782608695652
QVW0224,ISAC_V1,10 à 20,1,2.0,regionD,0,1,Non renseigné,0,Non renseigné,0,Aucun,Non renseigné,15.509090909090908,1.3888571428571428,6.220909090909092,1.578,2.932608695652174
QVW0225,ISAC_V1,0 à 10,1,2.0,regionD,0,1,Non renseigné,0,3 - 10 ans,1,Aucun,Non renseigné,0.0,0.02142857142857143,0.2609090909090909,0.0,0.0
QVW0226,ISAC_V1,20 à 40,1,2.0,regionD,0,1,Non renseigné,1,Non renseigné,1,Animaux : chat/chien,Non renseigné,0.0,0.0,1.3045454545454545,0.0,0.04739130434782609
QVW0227,ISAC_V1,0 à 10,0,2.0,regionD,0,1,Non renseigné,0,Non renseigné,0,Aucun,Non renseigné,0.0,1.9362857142857142,0.7372727272727272,0.0,8.885652173913044
QVW0228,ISAC_V1,10 à 20,1,2.0,regionD,0,1,Non renseigné,0,Non renseigné,0,Aucun,Non renseigné,0.0,0.11742857142857141,0.19363636363636363,0.0,25.872173913043476
QVW0229,ISAC_V1,0 à 10,1,2.0,regionD,0,0,Non renseigné,0,Non renseigné,0,Aucun,Non renseigné,0.0,0.0,0.0,0.0,0.0
QVW0230,ISAC_V1,10 à 20,0,2.0,regionD,0,1,Non renseigné,0,Non renseigné,0,Aucun,Non renseigné,0.0,0.0,0.0,0.0,1.9260869565217391
QVW0231,ISAC_V1,10 à 20,1,3.0,regionD,0,1,Non renseigné,0,Non renseigné,0,Animaux : cheval/rongeur,Non renseigné,0.0,0.518,0.36,0.19733333333333333,4.35
QVW0232,ISAC_V1,20 à 40,0,3.0,regionD,0,1,Non renseigné,0,Non renseigné,0,Aucun,Non renseigné,0.0,0.33914285714285713,1.27,0.4873333333333333,0.0
QVW0233,ISAC_V1,0 à 10,1,3.0,regionD,0,1,Non renseigné,0,3 - 10 ans,1,Aucun,Non renseigné,0.0,0.0,0.0,0.0,0.0
QVW0234,ISAC_V1,60 à Plus,0,3.0,regionD,0,0,Non renseigné,0,Non renseigné,1,Effort/Activité sportive,Non renseigné,0.0,0.0,0.0,0.0,0.0
QVW0235,ISAC_V1,20 à 40,1,3.0,regionD,0,0,Non renseigné,0,Non renseigné,1,Aucun,Non renseigné,0.0,0.0,0.0,0.0,0.0
QVW0236,ISAC_V1,10 à 20,1,3.0,regionA,0,1,Non renseigné,0,3 - 10 ans,1,Effort/Activité sportive,Non renseigné,0.0,0.013428571428571429,0.0,0.0,0.9630434782608696
QVW0237,ISAC_V1,20 à 40,0,1.0,regionD,0,1,Non renseigné,0,Non renseigné,0,Animaux : cheval/rongeur,Non renseigné,0.9527272727272728,0.046000000000000006,1.87,0.0,5.136521739130434
QVW0238,ISAC_V1,10 à 20,1,3.0,regionD,0,0,Non renseigné,0,Non renseigné,0,Aucun,Non renseigné,0.0,0.0,0.0,0.0,0.0
QVW0239,ISAC_V1,40 à 60,0,3.0,regionD,0,0,Non renseigné,0,20 ans et plus,1,Aucun,Non renseigné,0.0,0.0,0.0,0.0,0.0
QVW0240,ISAC_V1,20 à 40,0,3.0,regionD,0,1,Non renseigné,0,Non renseigné,1,Aucun,Non renseigné,19.709090909090907,0.056857142857142856,0.0,0.22533333333333333,0.6782608695652174
QVW0241,ISAC_V1,0 à 10,0,3.0,regionD,0,1,Non renseigné,0,Non renseigné,0,Aucun,Non renseigné,30.222727272727276,4.268285714285715,17.578181818181818,1.4293333333333333,4.3591304347826085
QVW0242,ISAC_V1,0 à 10,1,3.0,regionD,0,1,Non renseigné,0,Non renseigné,0,Aucun,Non renseigné,0.035454545454545454,0.0,0.0,0.0,0.0
QVW0243,ISAC_V1,10 à 20,1,3.0,regionD,0,1,Non renseigné,0,Non renseigné,1,Aucun,Non renseigné,0.0,0.0,0.11545454545454546,0.0,1.0730434782608695
QVW0244,ISAC_V1,0 à 10,1,3.0,regionD,0,0,Non renseigné,0,Non renseigné,0,Aucun,Non renseigné,0.0,0.0,0.0,0.0,0.0
QVW0245,ISAC_V1,0 à 10,1,3.0,regionD,0,1,Non renseigné,0,Non renseigné,0,Aucun,Non renseigné,1.3109090909090908,2.1605714285714286,0.08818181818181818,0.0,1.9860869565217394
QVW0246,ISAC_V1,0 à 10,1,3.0,regionD,0,1,Non renseigné,0,0 - 2 ans,1,Animaux : chat/chien,Non renseigné,0.0,0.17657142857142857,2.6136363636363638,0.0,0.19521739130434784
QVW0247,ISAC_V1,20 à 40,0,3.0,regionD,0,1,Non renseigné,0,Non renseigné,1,Aucun,Non renseigné,8.374545454545453,0.11285714285714286,4.673636363636363,0.0,2.216086956521739
QVW0248,ISAC_V1,0 à 10,1,3.0,regionD,0,1,Non renseigné,0,Non renseigné,0,Aucun,Non renseigné,9.661818181818182,0.0,1.7663636363636364,0.0,0.4960869565217391
QVW0249,ISAC_V1,20 à 40,1,3.0,regionD,0,1,Non renseigné,0,Non renseigné,0,Aucun,Non renseigné,0.045454545454545456,0.0,0.0,0.0,0.0
QVW0250,ISAC_V1,10 à 20,0,3.0,regionD,0,1,Non renseigné,0,Non renseigné,0,Aucun,Non renseigné,0.8645454545454545,0.0,0.0,0.0,0.0
QVW0251,ISAC_V1,0 à 10,1,3.0,regionD,0,1,Non renseigné,0,Non renseigné,0,Aucun,Non renseigné,0.0,0.0,0.0,0.3186666666666666,0.29260869565217396
QVW0252,ISAC_V1,0 à 10,0,3.0,regionD,0,0,Non renseigné,0,Non renseigné,0,Aucun,Non renseigné,0.0,0.0,0.0,0.0,0.0
QVW0253,ISAC_V1,10 à 20,1,4.0,regionD,0,1,Non renseigné,0,Non renseigné,0,Aucun,Non renseigné,0.0,0.0,0.22818181818181815,0.02333333333333333,13.661304347826086
QVW0254,ISAC_V1,0 à 10,0,4.0,regionD,0,1,Non renseigné,0,Non renseigné,0,Aucun,Non renseigné,0.0,0.05828571428571429,2.0354545454545456,0.09266666666666666,1.6378260869565218
QVW0255,ISAC_V1,40 à 60,1,4.0,regionD,0,0,Non renseigné,0,Non renseigné,0,Aucun,Non renseigné,0.0,0.0,0.0,0.0,0.0
QVW0256,ISAC_V1,40 à 60,1,4.0,regionD,0,0,Non renseigné,0,Non renseigné,0,Aucun,Non renseigné,0.0,0.0,0.0,0.0,0.0
QVW0257,ISAC_V1,10 à 20,0,4.0,regionD,0,1,Non renseigné,0,Non renseigné,0,Aucun,Non renseigné,0.09454545454545454,0.09971428571428571,0.0,0.0,0.0
QVW0258,ISAC_V1,0 à 10,1,4.0,regionD,0,1,Non renseigné,0,Non renseigné,0,Aucun,Non renseigné,0.0,0.0,0.0,0.0,0.5039130434782608
QVW0259,ISAC_V1,0 à 10,1,4.0,regionD,0,1,Non renseigné,0,Non renseigné,0,Aucun,Non renseigné,4.552727272727273,1.8985714285714286,0.5609090909090909,0.0,0.0
QVW0260,ISAC_V1,0 à 10,1,4.0,regionD,0,1,Non renseigné,0,Non renseigné,0,Aucun,Non renseigné,0.08818181818181818,0.0662857142857143,0.0,0.0,0.0
QVW0261,ISAC_V1,20 à 40,1,4.0,regionD,0,1,Non renseigné,0,Non renseigné,0,Aucun,Non renseigné,20.067272727272726,0.6137142857142858,0.0,0.0,4.4195652173913045
QVW0262,ISAC_V1,10 à 20,1,4.0,regionD,0,1,Non renseigné,0,Non renseigné,0,Effort/Activité sportive,Non renseigné,0.0,0.0,0.0990909090909091,0.0,0.2756521739130435
QVW0263,ISAC_V1,10 à 20,1,4.0,regionD,0,1,Non renseigné,0,Non renseigné,0,Aucun,Non renseigné,0.0,0.3514285714285714,0.11363636363636363,0.11800000000000001,0.03173913043478261
QVW0264,ISAC_V1,0 à 10,0,4.0,regionD,0,0,Non renseigné,0,Non renseigné,0,Aucun,Non renseigné,0.0,0.0,0.0,0.0,0.0
QVW0265,ISAC_V1,10 à 20,1,4.0,regionD,0,1,Non renseigné,0,Non renseigné,0,Aucun,Non renseigné,9.577272727272726,1.8379999999999999,7.380909090909091,4.55,22.13086956521739
QVW0266,ISAC_V1,10 à 20,1,4.0,regionD,0,1,Non renseigné,0,Non renseigné,1,Aucun,Non renseigné,0.025454545454545455,0.03628571428571429,0.3663636363636364,0.0,6.173478260869565
QVW0267,ISAC_V1,10 à 20,1,4.0,regionD,0,1,Non renseigné,0,Non renseigné,0,Aucun,Non renseigné,0.3790909090909091,0.4197142857142857,15.868181818181819,2.2079999999999997,34.11217391304348
QVW0268,ISAC_V1,0 à 10,1,5.0,regionD,0,1,Non renseigné,0,Non renseigné,0,Aucun,Non renseigné,31.969090909090905,1.75,3.938181818181818,0.16933333333333334,6.102173913043478
QVW0269,ISAC_V1,0 à 10,0,5.0,regionD,0,1,Non renseigné,0,Non renseigné,0,Aucun,Non renseigné,0.0,0.5022857142857142,0.0,0.0,9.888695652173913
QVW0270,ISAC_V1,40 à 60,0,5.0,regionD,0,0,Non renseigné,0,Non renseigné,0,Aucun,Non renseigné,0.0,0.0,0.0,0.0,0.0
QVW0271,ISAC_V1,60 à Plus,1,5.0,regionD,0,1,Non renseigné,0,Non renseigné,0,Aucun,Non renseigné,0.0,0.0,0.0,0.0,0.018695652173913044
QVW0272,ISAC_V1,10 à 20,1,5.0,regionD,0,1,Non renseigné,0,Non renseigné,0,Aucun,Non renseigné,1.2936363636363637,0.13028571428571428,0.6427272727272727,1.3326666666666667,9.870869565217392
QVW0273,ISAC_V1,60 à Plus,1,5.0,regionD,0,1,Non renseigné,0,Non renseigné,1,Aucun,Non renseigné,56.38727272727272,5.093714285714285,0.0,10.276666666666667,0.23652173913043475
QVW0274,ISAC_V1,20 à 40,0,5.0,regionD,0,0,Non renseigné,0,Non renseigné,0,Aucun,Non renseigné,0.0,0.0,0.0,0.0,0.0
QVW0275,ISAC_V1,0 à 10,1,5.0,regionD,0,1,Non renseigné,0,Non renseigné,1,Aucun,Non renseigné,0.0,0.08514285714285716,0.0,0.0,0.0
QVW0276,ISAC_V1,20 à 40,1,5.0,regionD,0,1,Non renseigné,0,Non renseigné,0,Aucun,Non renseigné,0.0,1.542,0.0,0.0,18.840434782608696
QVW0277,ISAC_V1,10 à 20,1,5.0,regionA,0,1,Non renseigné,0,Non renseigné,0,Aucun,Non renseigné,9.431818181818182,0.158,12.202727272727271,3.2920000000000003,1.1117391304347826
QVW0278,ISAC_V1,20 à 40,0,5.0,regionD,0,1,Non renseigné,0,Non renseigné,0,Aucun,Non renseigné,7.629999999999999,0.0,0.0,0.0,0.8339130434782609
QVW0279,ISAC_V1,20 à 40,0,5.0,regionD,0,1,Non renseigné,0,Non renseigné,0,Aucun,Non renseigné,2.3027272727272727,0.04057142857142857,0.16727272727272727,0.0,4.159565217391305
QVW0280,ISAC_V1,10 à 20,0,5.0,regionD,0,1,Non renseigné,0,Non renseigné,0,Aucun,Non renseigné,0.0,0.2677142857142857,0.0,0.0,0.3847826086956522
QVW0281,ISAC_V1,40 à 60,1,5.0,regionD,0,1,Non renseigné,0,Non renseigné,0,Aucun,Non renseigné,0.0,0.021714285714285714,0.0,0.0,5.089130434782609
QVW0282,ISAC_V1,10 à 20,0,5.0,regionD,0,1,Non renseigné,0,Non renseigné,0,Effort/Activité sportive,Non renseigné,0.0,0.0,0.0,0.0,6.553043478260868
QVW0283,ISAC_V1,40 à 60,0,5.0,regionD,0,1,Non renseigné,0,Non renseigné,0,Effort/Activité sportive,Non renseigné,0.0,0.0,0.0,0.0,1.7734782608695652
QVW0284,ISAC_V1,10 à 20,1,5.0,regionD,0,1,Non renseigné,0,Non renseigné,0,Aucun,Non renseigné,1.4590909090909092,0.11942857142857143,0.2990909090909091,0.7893333333333333,2.9991304347826087
QVW0285,ISAC_V1,0 à 10,1,6.0,regionD,0,1,Non renseigné,0,Non renseigné,0,Effort/Activité sportive,Non renseigné,0.0,0.0,0.08636363636363636,0.8193333333333332,0.0
QVW0286,ISAC_V1,10 à 20,0,5.0,regionD,0,1,Non renseigné,0,Non renseigné,0,Aucun,Non renseigné,0.0,0.5751428571428571,3.42,1.0066666666666666,20.393478260869564
QVW0287,ISAC_V1,40 à 60,0,6.0,regionD,0,1,Non renseigné,0,Non renseigné,0,Aucun,Non renseigné,0.0,0.0,0.0,0.0,0.09478260869565218
QVW0288,ISAC_V1,0 à 10,1,6.0,regionD,0,1,Non renseigné,0,Non renseigné,0,Aucun,Non renseigné,22.95909090909091,1.0559999999999998,0.0,0.0,8.401304347826086
QVW0289,ISAC_V1,10 à 20,1,6.0,regionD,0,1,Non renseigné,0,Non renseigné,0,Aucun,Non renseigné,42.151818181818186,3.6437142857142857,4.8136363636363635,3.4339999999999997,25.259565217391305
QVW0290,ISAC_V1,0 à 10,0,6.0,regionD,0,1,Non renseigné,0,Non renseigné,0,Aucun,Non renseigné,0.0,0.04114285714285714,0.0,0.0,0.0
QVW0291,ISAC_V1,0 à 10,0,6.0,regionD,0,0,Non renseigné,0,Non renseigné,0,Aucun,Non renseigné,0.0,0.0,0.0,0.0,0.0
QVW0292,ISAC_V1,0 à 10,1,6.0,regionD,0,1,Non renseigné,0,Non renseigné,0,Aucun,Non renseigné,0.0,0.08714285714285713,0.0,0.0,3.361304347826087
QVW0293,ISAC_V1,0 à 10,0,6.0,regionD,0,1,Non renseigné,0,Non renseigné,0,Aucun,Non renseigné,0.05181818181818181,0.23314285714285715,0.0,0.0,0.0
QVW0294,ISAC_V1,20 à 40,0,6.0,regionD,0,1,Non renseigné,0,Non renseigné,0,Aucun,Non renseigné,10.17090909090909,0.0,0.27,0.0,0.8608695652173913
QVW0295,ISAC_V1,0 à 10,1,5.0,regionD,0,1,Non renseigné,0,Non renseigné,0,Aucun,Non renseigné,3.219090909090909,0.5622857142857143,0.19272727272727275,0.0,6.015217391304348
QVW0296,ISAC_V1,60 à Plus,0,6.0,regionD,0,0,Non renseigné,0,Non renseigné,0,Aucun,Non renseigné,0.0,0.0,0.0,0.0,0.0
QVW0297,ISAC_V1,0 à 10,0,6.0,regionD,0,1,Non renseigné,0,Non renseigné,0,Aucun,Non renseigné,0.18545454545454546,16.85457142857143,0.18999999999999997,0.0,1.3095652173913044
QVW0298,ISAC_V1,0 à 10,0,6.0,regionD,0,1,Non renseigné,0,Non renseigné,0,Aucun,Non renseigné,21.74,1.1568571428571428,2.0345454545454547,1.3613333333333335,0.811304347826087
QVW0299,ISAC_V1,0 à 10,0,6.0,regionD,0,0,Non renseigné,0,Non renseigné,0,Aucun,Non renseigné,0.0,0.0,0.0,0.0,0.0
QVW0300,ISAC_V1,40 à 60,0,6.0,regionD,0,1,Non renseigné,0,Non renseigné,0,Effort/Activité sportive,Non renseigné,0.0,0.0,4.302727272727273,0.0,2.402173913043478
QVW0301,ISAC_V1,10 à 20,1,6.0,regionD,0,1,Non renseigné,0,Non renseigné,0,Aucun,Non renseigné,0.0,1.3868571428571428,0.0,0.0,0.0
QVW0302,ISAC_V1,40 à 60,1,6.0,regionD,0,0,Non renseigné,0,20 ans et plus,0,Aucun,Pas de traitement,0.0,0.0,0.0,0.0,0.0
QVW0303,ISAC_V1,20 à 40,1,6.0,regionD,0,1,Non renseigné,0,Non renseigné,0,Effort/Activité sportive,Non renseigné,0.0,0.45,0.04454545454545455,0.28733333333333333,1.8595652173913042
QVW0304,ISAC_V1,0 à 10,1,6.0,regionD,0,1,Non renseigné,0,Non renseigné,1,Aucun,Non renseigné,0.0,0.6965714285714285,0.0,0.0,0.2852173913043478
QVW0305,ISAC_V1,20 à 40,0,6.0,regionD,0,1,Non renseigné,0,Non renseigné,1,Aucun,Non renseigné,0.0,0.7054285714285714,0.0,0.0,0.0
QVW0306,ISAC_V1,0 à 10,1,7.0,regionD,0,1,Non renseigné,0,Non renseigné,0,Aucun,Non renseigné,0.0,4.317142857142857,28.76181818181818,0.05466666666666666,20.652608695652173
QVW0307,ISAC_V1,10 à 20,1,7.0,regionD,0,1,Non renseigné,0,Non renseigné,0,Aucun,Non renseigné,0.0,1.0705714285714285,17.99,0.0,0.015217391304347825
QVW0308,ISAC_V1,10 à 20,1,7.0,regionD,0,1,Non renseigné,0,Non renseigné,0,Aucun,Non renseigné,49.691818181818185,3.9285714285714284,2.0863636363636364,2.5713333333333335,32.83304347826087
QVW0309,ISAC_V1,20 à 40,1,7.0,regionD,0,1,Non renseigné,0,Non renseigné,0,Aucun,Non renseigné,0.05,0.0,8.208181818181819,0.025333333333333333,2.317391304347826
QVW0310,ISAC_V1,0 à 10,1,7.0,regionD,0,1,Non renseigné,0,Non renseigné,0,Aucun,Non renseigné,0.0,1.2931428571428571,0.04454545454545455,0.09866666666666667,6.822173913043478
QVW0311,ISAC_V1,10 à 20,0,7.0,regionD,0,1,Non renseigné,0,Non renseigné,0,Aucun,Non renseigné,0.0,2.5194285714285716,0.0,0.0,39.24608695652174
QVW0312,ISAC_V1,10 à 20,1,7.0,regionD,0,0,Non renseigné,0,Non renseigné,0,Aucun,Non renseigné,0.0,0.0,0.0,0.0,0.0
QVW0313,ISAC_V1,10 à 20,0,7.0,regionD,0,1,Non renseigné,0,Non renseigné,0,Aucun,Non renseigné,0.0,0.023142857142857146,2.3381818181818184,0.08866666666666667,2.3134782608695654
QVW0314,ISAC_V1,0 à 10,1,7.0,regionD,0,1,Non renseigné,0,Non renseigné,1,Aucun,Non renseigné,25.30727272727273,8.392,16.91363636363636,3.7386666666666666,5.18608695652174
QVW0315,ISAC_V1,10 à 20,0,7.0,regionD,0,1,Non renseigné,0,Non renseigné,1,Aucun,Non renseigné,2.930909090909091,0.17514285714285713,0.48363636363636364,0.0,1.1500000000000001
QVW0316,ISAC_V1,20 à 40,0,7.0,regionD,0,0,Non renseigné,0,Non renseigné,0,Aucun,Non renseigné,0.0,0.0,0.0,0.0,0.0
QVW0317,ISAC_V1,0 à 10,1,7.0,regionD,0,1,Non renseigné,0,Non renseigné,0,Aucun,Non renseigné,0.0,0.08714285714285713,0.2618181818181818,0.6093333333333334,2.144347826086957
QVW0318,ISAC_V1,0 à 10,0,7.0,regionD,0,1,Non renseigné,0,Non renseigné,0,Aucun,Non renseigné,0.2863636363636364,0.05514285714285714,0.0,0.0,0.7660869565217392
QVW0319,ISAC_V1,10 à 20,1,7.0,regionD,0,1,Non renseigné,0,Non renseigné,0,Aucun,Non renseigné,0.0,0.0,0.8945454545454545,0.0,1.7452173913043478
QVW0320,ISAC_V1,10 à 20,0,7.0,regionD,0,1,Non renseigné,0,Non renseigné,1,Aucun,Non renseigné,0.0,0.0,4.40090909090909,0.0,2.999565217391304
QVW0321,ISAC_V1,10 à 20,0,7.0,regionD,0,1,Non renseigné,0,Non renseigné,0,Aucun,Non renseigné,0.0,8.717142857142857,0.0,0.10066666666666667,0.0
QVW0322,ISAC_V1,10 à 20,1,7.0,regionD,0,1,Non renseigné,0,Non renseigné,0,Aucun,Non renseigné,0.0,0.0,0.2581818181818182,0.21,0.20304347826086958
QVW0323,ISAC_V1,10 à 20,1,7.0,regionD,0,1,Non renseigné,0,Non renseigné,1,Aucun,Non renseigné,39.47909090909091,4.250857142857143,16.25,0.0,18.05782608695652
QVW0324,ISAC_V1,10 à 20,0,7.0,regionD,0,1,Non renseigné,0,Non renseigné,0,Aucun,Non renseigné,0.0,16.064285714285713,5.248181818181819,0.3253333333333333,3.97
QVW0325,ISAC_V1,10 à 20,1,7.0,regionD,0,1,Non renseigné,0,Non renseigné,0,Aucun,Non renseigné,0.6563636363636364,0.23,0.12818181818181817,2.732666666666667,3.652608695652174
QVW0326,ISAC_V1,20 à 40,0,7.0,regionD,0,1,Non renseigné,0,Non renseigné,0,Aucun,Non renseigné,0.13818181818181818,0.015142857142857144,0.04818181818181819,0.0,0.021739130434782608
QVW0327,ISAC_V1,0 à 10,0,7.0,regionD,0,1,Non renseigné,0,Non renseigné,0,Aucun,Non renseigné,0.0,2.730857142857143,13.95909090909091,0.0,3.037826086956522
QVW0328,ISAC_V1,10 à 20,0,8.0,regionD,0,1,Non renseigné,0,Non renseigné,0,Aucun,Non renseigné,0.2545454545454545,2.325142857142857,1.6818181818181819,0.0,6.610434782608695
QVW0329,ISAC_V1,0 à 10,1,8.0,regionD,0,1,Non renseigné,0,Non renseigné,0,Aucun,Non renseigné,0.0,0.26,0.0,4.147333333333333,1.096521739130435
QVW0330,ISAC_V1,10 à 20,1,8.0,regionD,0,1,Non renseigné,0,Non renseigné,0,Aucun,Non renseigné,0.0,0.0,0.23454545454545456,0.0,0.0
QVW0331,ISAC_V1,0 à 10,1,9.0,regionD,0,1,Non renseigné,0,Non renseigné,0,Aucun,Non renseigné,11.94,0.0,2.212727272727273,0.0,0.3617391304347826
QVW0332,ISAC_V1,20 à 40,1,9.0,regionD,0,1,Non renseigné,0,Non renseigné,0,Aucun,Non renseigné,14.217272727272729,0.0,0.39818181818181825,0.1,0.4134782608695652
QVW0333,ISAC_V1,20 à 40,0,9.0,regionD,0,1,Non renseigné,0,Non renseigné,1,Effort/Activité sportive,Non renseigné,2.609090909090909,3.5574285714285714,1.6081818181818184,3.1426666666666665,9.013913043478261
QVW0334,ISAC_V1,10 à 20,1,9.0,regionD,0,1,Non renseigné,0,0 - 2 ans,1,Aucun,Non renseigné,17.042727272727273,4.5848571428571425,1.049090909090909,6.575333333333333,17.59304347826087
QVW0335,ISAC_V1,0 à 10,0,9.0,regionD,0,1,Non renseigné,0,Non renseigné,0,Aucun,Non renseigné,38.71818181818182,0.5382857142857143,9.208181818181819,0.0,3.239130434782609
QVW0336,ISAC_V1,20 à 40,0,9.0,regionD,0,1,Non renseigné,0,20 ans et plus,1,Aucun,Non renseigné,4.234545454545454,0.07114285714285715,0.0,0.14666666666666667,0.20304347826086958
QVW0337,ISAC_V1,0 à 10,1,9.0,regionD,0,1,Non renseigné,0,Non renseigné,0,Aucun,Non renseigné,0.0,0.0,0.2609090909090909,0.0,0.8708695652173913
QVW0338,ISAC_V1,40 à 60,1,9.0,regionD,0,1,Non renseigné,0,Non renseigné,0,Aucun,Non renseigné,0.0,3.542,0.057272727272727274,1.9706666666666668,1.2560869565217392
QVW0339,ISAC_V1,10 à 20,1,9.0,regionD,0,1,Non renseigné,0,Non renseigné,0,Aucun,Non renseigné,0.9618181818181817,0.16571428571428573,0.19454545454545455,0.15866666666666665,5.119565217391305
QVW0340,ISAC_V1,40 à 60,0,9.0,regionD,0,0,Non renseigné,0,Non renseigné,0,Aucun,Non renseigné,0.0,0.0,0.0,0.0,0.0
QVW0341,ISAC_V1,0 à 10,0,9.0,regionD,0,1,Non renseigné,0,Non renseigné,0,Aucun,Non renseigné,12.638181818181819,1.1757142857142857,9.612727272727271,0.0,12.639130434782608
QVW0342,ISAC_V1,0 à 10,0,9.0,regionD,0,1,Non renseigné,0,Non renseigné,0,Animaux : chat/chien,Non renseigné,4.156363636363636,0.11771428571428572,1.3718181818181818,0.0,0.8443478260869566
QVW0343,ISAC_V1,10 à 20,0,9.0,regionD,0,1,Non renseigné,0,Non renseigné,0,Aucun,Non renseigné,4.724545454545455,0.3477142857142857,0.5881818181818181,0.0,4.7986956521739135
QVW0344,ISAC_V1,10 à 20,1,9.0,regionD,0,1,Non renseigné,0,Non renseigné,0,Aucun,Non renseigné,0.0,0.10914285714285714,0.15,0.0,2.143478260869565
QVW0345,ISAC_V1,10 à 20,1,9.0,regionD,0,1,Non renseigné,0,Non renseigné,1,Aucun,Non renseigné,6.546363636363637,0.0,0.0,0.0,0.0
QVW0346,ISAC_V1,0 à 10,1,9.0,regionD,0,1,Non renseigné,0,Non renseigné,0,Aucun,Non renseigné,0.0,1.6059999999999999,0.0,0.0,0.0
QVW0347,ISAC_V1,10 à 20,1,9.0,regionD,0,1,Non renseigné,0,Non renseigné,0,Aucun,Non renseigné,1.26,0.604,0.06818181818181818,0.0,11.46913043478261
QVW0348,ISAC_V1,40 à 60,0,9.0,regionD,0,1,Non renseigné,0,Non renseigné,0,Aucun,Non renseigné,0.14,0.0,0.8281818181818181,0.0,1.9034782608695653
QVW0349,ISAC_V1,20 à 40,1,9.0,regionD,0,1,Non renseigné,0,Non renseigné,0,Aucun,Non renseigné,0.8772727272727273,0.0,0.0,0.0,0.875217391304348
QVW0350,ISAC_V1,20 à 40,0,10.0,regionD,0,1,Non renseigné,0,Non renseigné,0,Aucun,Non renseigné,0.0,0.0,0.0,0.0,0.0
QVW0351,ISAC_V1,20 à 40,1,10.0,regionD,0,1,Non renseigné,0,Non renseigné,0,Aucun,Non renseigné,0.0,0.06371428571428571,0.0,0.0,0.2960869565217391
QVW0352,ISAC_V1,0 à 10,1,10.0,regionD,0,1,Non renseigné,0,Non renseigné,0,Aucun,Non renseigné,1.0218181818181817,1.2128571428571426,6.869999999999999,0.0,0.8952173913043479
QVW0353,ISAC_V1,0 à 10,1,10.0,regionA,0,1,Non renseigné,0,Non renseigné,1,Aucun,Non renseigné,0.0,0.17885714285714285,2.3718181818181816,1.9353333333333333,5.127391304347825
QVW0354,ISAC_V1,40 à 60,0,10.0,regionD,0,1,Non renseigné,0,Non renseigné,0,Aucun,Non renseigné,0.0,0.0,0.27909090909090906,0.0,3.3808695652173917
QVW0355,ISAC_V1,10 à 20,1,10.0,regionD,0,1,Non renseigné,0,Non renseigné,0,Aucun,Non renseigné,0.0,6.419428571428572,1.049090909090909,1.0413333333333332,7.466956521739131
QVW0356,ISAC_V1,40 à 60,1,10.0,regionD,0,1,Non renseigné,0,Non renseigné,0,Aucun,Non renseigné,0.0,0.0,0.0,0.0,0.3008695652173913
QVW0357,ISAC_V1,10 à 20,0,10.0,regionD,0,1,Non renseigné,0,Non renseigné,0,Aucun,Non renseigné,0.0,0.054857142857142854,1.2818181818181817,0.0,11.48
QVW0358,ISAC_V1,0 à 10,1,10.0,regionD,0,1,Non renseigné,0,Non renseigné,0,Aucun,Non renseigné,0.0,0.5211428571428572,0.0,0.0,0.05434782608695652
QVW0359,ISAC_V1,10 à 20,1,10.0,regionD,0,1,Non renseigné,0,Non renseigné,0,Aucun,Non renseigné,0.0,2.4957142857142856,0.2818181818181818,0.862,1.3178260869565217
QVW0360,ISAC_V1,10 à 20,1,11.0,regionD,0,1,Non renseigné,0,Non renseigné,1,Aucun,Non renseigné,0.0,0.8605714285714287,2.935454545454546,0.0,5.650869565217391
QVW0361,ISAC_V1,10 à 20,0,11.0,regionD,0,1,Non renseigné,0,Non renseigné,0,Effort/Activité sportive,Non renseigné,0.7827272727272727,0.046857142857142854,3.092727272727273,1.6840000000000002,0.9721739130434782
QVW0362,ISAC_V1,10 à 20,1,11.0,regionD,0,1,Non renseigné,0,Non renseigné,0,Aucun,Non renseigné,0.0,0.6214285714285714,0.046363636363636364,0.0,7.235652173913043
QVW0363,ISAC_V1,0 à 10,0,11.0,regionD,0,1,Non renseigné,0,Non renseigné,0,Aucun,Non renseigné,0.869090909090909,0.13285714285714287,0.0,1.7553333333333334,0.11826086956521738
QVW0364,ISAC_V1,0 à 10,1,11.0,regionD,0,1,Non renseigné,0,Non renseigné,0,Aucun,Non renseigné,0.0,1.1194285714285714,0.16545454545454544,0.0,0.0
QVW0365,ISAC_V1,0 à 10,1,11.0,regionD,0,1,Non renseigné,0,Non renseigné,0,Aucun,Non renseigné,0.0,1.0134285714285713,3.880909090909091,1.13,8.442608695652174
QVW0366,ISAC_V1,0 à 10,1,11.0,regionD,0,1,Non renseigné,0,Non renseigné,0,Aucun,Non renseigné,2.23,0.0,0.9563636363636363,0.0,2.6247826086956523
QVW0367,ISAC_V1,0 à 10,1,11.0,regionD,0,1,Non renseigné,0,Non renseigné,1,Aucun,Non renseigné,13.973636363636365,0.2874285714285714,2.767272727272727,0.0,0.5839130434782609
QVW0368,ISAC_V1,0 à 10,1,11.0,regionD,0,1,Non renseigné,0,Non renseigné,0,Aucun,Non renseigné,0.8918181818181818,0.22142857142857142,0.0,1.4593333333333334,1.1143478260869564
QVW0369,ISAC_V1,10 à 20,0,11.0,regionD,1,1,Non renseigné,0,10 - 20 ans,0,Aucun,Non renseigné,16.457272727272727,0.1842857142857143,0.25,0.0,1.3034782608695652
QVW0370,ISAC_V1,10 à 20,1,11.0,regionD,0,1,Non renseigné,0,Non renseigné,0,Aucun,Non renseigné,0.0,0.0,0.5009090909090909,0.0,0.3060869565217391
QVW0371,ISAC_V1,10 à 20,1,11.0,regionD,0,1,Non renseigné,0,Non renseigné,0,Aucun,Non renseigné,2.571818181818182,1.7862857142857143,0.16454545454545455,0.1,0.7
QVW0372,ISAC_V1,0 à 10,1,11.0,regionD,0,1,Non renseigné,0,0 - 2 ans,1,Animaux : chat/chien,Pas de traitement,27.283636363636365,5.348857142857143,4.820909090909091,4.572666666666666,14.844347826086958
QVW0373,ISAC_V1,20 à 40,0,11.0,regionD,0,1,Non renseigné,0,Non renseigné,0,Aucun,Non renseigné,0.0,0.25885714285714284,0.6409090909090909,0.0,9.533478260869567
QVW0374,ISAC_V1,20 à 40,0,11.0,regionD,0,1,Non renseigné,0,Non renseigné,0,Aucun,Non renseigné,1.5172727272727273,0.0,0.0,0.0,0.028695652173913046
QVW0375,ISAC_V1,10 à 20,1,11.0,regionD,0,1,Non renseigné,0,Non renseigné,0,Aucun,Non renseigné,24.75090909090909,3.0717142857142856,11.799090909090909,5.318,3.2360869565217394
QVW0376,ISAC_V1,10 à 20,0,11.0,regionD,0,1,Non renseigné,0,Non renseigné,0,Aucun,Non renseigné,0.6627272727272727,1.4200000000000002,1.7309090909090907,0.0,0.21
QVW0377,ISAC_V1,0 à 10,1,12.0,regionD,0,1,Non renseigné,0,Non renseigné,1,Aucun,Non renseigné,0.0,2.3019999999999996,37.412727272727274,7.3133333333333335,11.245217391304347
QVW0378,ISAC_V1,0 à 10,0,11.0,regionD,0,1,Non renseigné,0,Non renseigné,1,Aucun,Non renseigné,0.1290909090909091,0.0,0.0,0.0,0.1865217391304348
QVW0379,ISAC_V1,10 à 20,0,11.0,regionD,0,1,Non renseigné,0,Non renseigné,1,Aucun,Non renseigné,27.69272727272727,0.6957142857142856,7.225454545454545,0.0,3.3391304347826085
QVW0380,ISAC_V1,0 à 10,1,12.0,regionD,0,1,Non renseigné,0,Non renseigné,0,Aucun,Non renseigné,0.0,0.38085714285714284,0.48272727272727267,1.7353333333333334,2.5778260869565215
QVW0381,ISAC_V1,10 à 20,0,12.0,regionD,0,1,Non renseigné,0,Non renseigné,0,Aucun,Non renseigné,1.9827272727272727,0.07342857142857143,0.1409090909090909,0.0,1.578695652173913
QVW0382,ISAC_V1,10 à 20,1,12.0,regionD,0,1,Non renseigné,0,Non renseigné,0,Aucun,Non renseigné,14.379090909090907,0.1277142857142857,0.08545454545454545,0.0,7.46391304347826
QVW0383,ISAC_V1,20 à 40,0,12.0,regionD,0,1,Non renseigné,0,Non renseigné,0,Aucun,Non renseigné,0.0,0.0,0.3781818181818182,0.0,0.5130434782608696
QVW0384,ISAC_V1,10 à 20,0,12.0,regionD,0,1,Non renseigné,0,Non renseigné,0,Aucun,Non renseigné,6.669090909090909,0.0,1.8363636363636362,0.0,0.09434782608695652
QVW0385,ISAC_V1,60 à Plus,0,12.0,regionD,0,1,Non renseigné,0,Non renseigné,0,Aucun,Non renseigné,0.0,0.0,0.0,0.0,0.0
QVW0386,ISAC_V1,20 à 40,0,12.0,regionD,0,0,Non renseigné,0,Non renseigné,0,Aucun,Non renseigné,0.0,0.0,0.0,0.0,0.0
QVW0387,ISAC_V1,20 à 40,0,12.0,regionD,0,1,Non renseigné,0,Non renseigné,0,Aucun,Non renseigné,0.0,0.14714285714285716,0.13818181818181818,0.0,0.20652173913043478
QVW0388,ISAC_V1,10 à 20,1,12.0,regionD,0,1,Non renseigné,0,Non renseigné,0,Aucun,Non renseigné,0.0,0.9617142857142856,4.323636363636363,0.0,0.0
QVW0389,ISAC_V1,0 à 10,1,12.0,regionD,0,1,Non renseigné,0,Non renseigné,0,Aucun,Non renseigné,0.0,0.1382857142857143,0.0,0.0,0.0
QVW0390,ISAC_V1,10 à 20,1,12.0,regionD,0,1,Non renseigné,0,Non renseigné,0,Aucun,Non renseigné,1.6118181818181818,0.1322857142857143,17.01909090909091,1.562,1.7213043478260872
QVW0391,ISAC_V1,10 à 20,1,12.0,regionD,0,1,Non renseigné,0,Non renseigné,0,Aucun,Non renseigné,10.038181818181819,0.4045714285714286,0.1781818181818182,0.0,1.2304347826086954
QVW0392,ISAC_V1,0 à 10,1,12.0,regionD,0,0,Non renseigné,0,0 - 2 ans,0,Aucun,Non renseigné,0.0,0.0,0.0,0.0,0.0
QVW0393,ISAC_V1,10 à 20,0,12.0,regionD,0,1,Non renseigné,0,3 - 10 ans,1,Aucun,Non renseigné,0.29,0.0,0.3509090909090909,0.0,1.896086956521739
QVW0394,ISAC_V1,0 à 10,1,12.0,regionD,0,1,Non renseigné,0,Non renseigné,0,Aucun,Non renseigné,0.0,0.05,0.3509090909090909,0.0,1.0704347826086957
QVW0395,ISAC_V1,10 à 20,1,11.0,regionD,0,1,Non renseigné,0,Non renseigné,0,Aucun,Non renseigné,0.5527272727272727,1.1277142857142857,0.14,0.0,7.557391304347826
QVW0396,ISAC_V1,10 à 20,1,12.0,regionD,0,1,Non renseigné,0,Non renseigné,1,Effort/Activité sportive,Non renseigné,0.0,0.9794285714285714,2.778181818181818,4.468666666666667,13.657826086956522
QVW0397,ISAC_V1,0 à 10,1,12.0,regionD,0,1,Non renseigné,0,Non renseigné,0,Aucun,Non renseigné,7.303636363636364,0.2457142857142857,0.0,2.2573333333333334,0.7030434782608697
QVW0398,ISAC_V1,10 à 20,1,12.0,regionD,0,1,Non renseigné,0,Non renseigné,0,Aucun,Non renseigné,15.53,0.3494285714285714,3.5463636363636364,0.0,3.7665217391304346
QVW0399,ISAC_V1,10 à 20,1,1.0,regionD,1,1,Non renseigné,0,Non renseigné,0,Aucun,Non renseigné,0.0,0.20085714285714287,0.53,0.0,10.981304347826086
QVW0401,ISAC_V1,40 à 60,0,1.0,regionD,0,1,Non renseigné,0,Non renseigné,0,Aucun,Non renseigné,0.0,0.0,3.911818181818182,0.14800000000000002,0.08
QVW0402,ISAC_V1,0 à 10,1,1.0,regionD,0,1,Non renseigné,0,Non renseigné,0,Aucun,Non renseigné,12.017272727272728,6.112857142857143,0.48181818181818187,2.93,0.30826086956521737
QVW0403,ISAC_V1,0 à 10,0,1.0,regionD,0,1,Non renseigné,0,Non renseigné,0,Aucun,Non renseigné,15.736363636363636,8.939428571428572,21.990000000000002,1.5446666666666669,11.115217391304348
QVW0404,ISAC_V1,10 à 20,0,1.0,regionD,0,1,Non renseigné,0,Non renseigné,0,Aucun,Non renseigné,0.0,0.35371428571428576,0.0,0.0,0.1943478260869565
QVW0405,ISAC_V1,10 à 20,1,1.0,regionD,0,1,Non renseigné,0,Non renseigné,0,Aucun,Non renseigné,18.55181818181818,0.35,0.09090909090909091,0.0,2.322173913043478
QVW0406,ISAC_V1,40 à 60,1,1.0,regionD,0,1,Non renseigné,0,Non renseigné,0,Aucun,Non renseigné,0.0,0.053714285714285714,0.0,0.0,0.0
QVW0407,ISAC_V1,20 à 40,0,1.0,regionD,0,1,Non renseigné,0,Non renseigné,1,Aucun,Non renseigné,0.0,0.13142857142857142,0.0,0.0,0.07869565217391304
QVW0408,ISAC_V1,0 à 10,1,1.0,regionD,0,1,Non renseigné,0,Non renseigné,0,Aucun,Non renseigné,0.0,2.0965714285714285,4.585454545454546,0.0,0.05608695652173913
QVW0409,ISAC_V1,10 à 20,1,1.0,regionD,0,1,Non renseigné,0,Non renseigné,0,Aucun,Non renseigné,0.0,0.033428571428571426,0.0,1.156,0.0
QVW0410,ISAC_V1,0 à 10,1,1.0,regionD,0,1,Non renseigné,0,Non renseigné,0,Aucun,Non renseigné,4.434545454545455,1.2237142857142858,1.1845454545454546,0.366,1.0808695652173912
QVW0411,ISAC_V1,0 à 10,0,1.0,regionD,0,1,Non renseigné,0,Non renseigné,0,Aucun,Non renseigné,25.492727272727276,2.188,8.161818181818182,0.0,3.5191304347826087
QVW0412,ISAC_V1,10 à 20,0,1.0,regionD,0,1,Non renseigné,0,Non renseigné,0,Aucun,Non renseigné,2.2545454545454544,0.38857142857142857,0.0,0.0,0.028695652173913046
QVW0413,ISAC_V1,40 à 60,0,1.0,regionD,0,0,Non renseigné,0,Non renseigné,0,Aucun,Non renseigné,0.0,0.0,0.0,0.0,0.0
QVW0414,ISAC_V1,10 à 20,1,1.0,regionD,0,1,Non renseigné,0,Non renseigné,0,Aucun,Non renseigné,49.16545454545454,3.702,26.667272727272724,0.0,17.59608695652174
QVW0415,ISAC_V1,0 à 10,1,1.0,regionD,0,1,Non renseigné,0,Non renseigné,0,Aucun,Non renseigné,0.0,0.11885714285714286,0.07181818181818182,2.2066666666666666,0.2639130434782609
QVW0416,ISAC_V1,0 à 10,1,12.0,regionD,0,1,Non renseigné,0,Non renseigné,0,Aucun,Non renseigné,0.0,1.375714285714286,1.5681818181818181,0.0,0.0
QVW0417,ISAC_V1,40 à 60,1,1.0,regionD,0,1,Non renseigné,0,Non renseigné,0,Aucun,Non renseigné,0.0,0.0,0.0,0.044000000000000004,0.0
QVW0418,ISAC_V1,10 à 20,1,1.0,regionD,0,1,Non renseigné,0,Non renseigné,0,Aucun,Non renseigné,1.9518181818181817,0.26571428571428574,18.85272727272727,0.0,9.037826086956523
QVW0419,ISAC_V1,0 à 10,0,1.0,regionD,0,1,Non renseigné,0,Non renseigné,0,Aucun,Non renseigné,0.0,0.7631428571428571,0.4227272727272728,0.0,0.0
QVW0420,ISAC_V1,0 à 10,1,5.0,regionD,0,1,Non renseigné,0,Non renseigné,0,Aucun,Non renseigné,15.030909090909091,0.5248571428571428,6.159090909090909,0.624,2.5943478260869566
QVW0421,ISAC_V1,10 à 20,1,5.0,regionD,0,1,Non renseigné,0,Non renseigné,0,Aucun,Non renseigné,2.689090909090909,0.6997142857142857,1.008181818181818,0.3433333333333334,1.125217391304348
QVW0422,ISAC_V1,10 à 20,0,2.0,regionD,0,1,Non renseigné,0,Non renseigné,1,Animaux : chat/chien,Non renseigné,1.3409090909090908,0.09200000000000001,4.069090909090909,3.5046666666666666,2.011739130434783
QVW0423,ISAC_V1,10 à 20,0,2.0,regionD,0,1,Non renseigné,0,Non renseigné,0,Aucun,Non renseigné,7.489090909090908,1.6982857142857142,1.9372727272727273,0.44466666666666665,3.188695652173913
QVW0424,ISAC_V1,0 à 10,1,2.0,regionD,0,1,Non renseigné,0,Non renseigné,0,Aucun,Non renseigné,49.811818181818175,5.161428571428571,8.568181818181818,0.4706666666666666,21.695217391304347
QVW0425,ISAC_V1,20 à 40,1,2.0,regionD,0,1,Non renseigné,0,Non renseigné,0,Aucun,Non renseigné,16.87636363636364,0.8828571428571428,2.723636363636363,0.068,3.995217391304348
QVW0426,ISAC_V1,0 à 10,1,2.0,regionD,0,1,Non renseigné,0,Non renseigné,0,Aucun,Non renseigné,3.2181818181818183,0.6305714285714286,0.20272727272727273,0.0,0.0
QVW0427,ISAC_V1,10 à 20,0,2.0,regionD,0,1,Non renseigné,0,Non renseigné,0,Aucun,Non renseigné,11.985454545454546,0.3325714285714286,5.494545454545454,0.2886666666666667,4.701739130434783
QVW0428,ISAC_V1,10 à 20,1,2.0,regionD,0,1,Non renseigné,0,Non renseigné,0,Aucun,Non renseigné,30.19727272727273,1.5511428571428574,1.9009090909090909,2.1013333333333333,3.657391304347826
QVW0429,ISAC_V1,40 à 60,1,2.0,regionD,0,1,Non renseigné,0,Non renseigné,1,Aucun,Non renseigné,0.77,0.0,0.0,0.0,0.0
QVW0430,ISAC_V1,20 à 40,1,2.0,regionD,0,1,Non renseigné,0,Non renseigné,0,Aucun,Non renseigné,6.814545454545455,1.702,31.015454545454546,4.010666666666667,23.433913043478263
QVW0431,ISAC_V1,10 à 20,0,2.0,regionD,0,1,Non renseigné,0,Non renseigné,0,Aucun,Non renseigné,25.39636363636364,1.396,6.043636363636364,0.258,7.831304347826087
QVW0432,ISAC_V1,10 à 20,0,2.0,regionD,0,1,Non renseigné,0,Non renseigné,0,Aucun,Non renseigné,0.06727272727272728,0.7611428571428571,5.247272727272727,0.0,0.051304347826086956
QVW0433,ISAC_V1,0 à 10,1,2.0,regionD,0,1,Non renseigné,0,Non renseigné,0,Aucun,Non renseigné,0.0,0.42342857142857143,4.004545454545454,2.738,8.98304347826087
QVW0434,ISAC_V1,40 à 60,0,2.0,regionD,0,1,Non renseigné,0,Non renseigné,0,Aucun,Non renseigné,0.0,0.0,1.8836363636363636,0.0,0.0
QVW0435,ISAC_V1,10 à 20,1,2.0,regionD,0,1,Non renseigné,0,Non renseigné,0,Aucun,Non renseigné,2.9354545454545455,1.3885714285714286,10.446363636363635,0.6566666666666666,8.109130434782609
QVW0436,ISAC_V1,20 à 40,0,2.0,regionD,0,1,Non renseigné,0,20 ans et plus,1,Aucun,Non renseigné,0.0,0.0,0.0,0.0,0.7960869565217392
QVW0437,ISAC_V1,40 à 60,1,3.0,regionD,0,1,Non renseigné,0,Non renseigné,0,Aucun,Non renseigné,11.484545454545454,0.46371428571428575,12.69090909090909,1.379333333333333,7.001739130434783
QVW0438,ISAC_V1,10 à 20,0,3.0,regionD,0,1,Non renseigné,0,Non renseigné,0,Aucun,Non renseigné,7.008181818181819,1.4965714285714284,2.5536363636363637,0.0,3.1947826086956526
QVW0439,ISAC_V1,10 à 20,0,3.0,regionD,0,1,Non renseigné,0,Non renseigné,0,Aucun,Non renseigné,4.223636363636364,2.9494285714285717,4.218181818181819,0.0,2.8039130434782606
QVW0440,ISAC_V1,0 à 10,1,3.0,regionD,0,1,Non renseigné,0,Non renseigné,0,Aucun,Non renseigné,0.0,0.09114285714285715,0.0,0.0,0.0
QVW0441,ISAC_V1,0 à 10,0,3.0,regionD,0,1,Non renseigné,0,Non renseigné,0,Aucun,Non renseigné,0.0,1.038,0.6990909090909091,0.0,0.4613043478260869
QVW0442,ISAC_V1,0 à 10,1,3.0,regionD,0,1,Non renseigné,0,Non renseigné,0,Aucun,Non renseigné,3.333636363636364,0.0,0.17363636363636362,0.0,0.19956521739130434
QVW0443,ISAC_V1,0 à 10,1,3.0,regionD,0,1,Non renseigné,0,Non renseigné,0,Aucun,Non renseigné,0.0,0.45828571428571424,0.0,0.0,0.0
QVW0444,ISAC_V1,20 à 40,0,3.0,regionD,0,1,Non renseigné,0,Non renseigné,0,Aucun,Non renseigné,0.0,0.0,0.0,0.0,0.5317391304347826
QVW0445,ISAC_V1,10 à 20,1,3.0,regionD,0,1,Non renseigné,0,Non renseigné,0,Aucun,Non renseigné,0.0,3.897428571428572,3.514545454545454,0.7959999999999999,4.586086956521739
QVW0446,ISAC_V1,0 à 10,1,3.0,regionD,0,1,Non renseigné,0,Non renseigné,0,Aucun,Non renseigné,0.0,1.8842857142857143,0.21636363636363634,0.978,0.66
QVW0447,ISAC_V1,0 à 10,1,3.0,regionD,0,1,Non renseigné,0,Non renseigné,1,Aucun,Non renseigné,3.841818181818182,0.6042857142857142,0.0,0.0,7.988695652173914
QVW0448,ISAC_V1,0 à 10,1,3.0,regionD,0,0,Non renseigné,0,Non renseigné,0,Aucun,Non renseigné,0.0,0.0,0.0,0.0,0.0
QVW0449,ISAC_V1,0 à 10,1,3.0,regionD,0,1,Non renseigné,0,Non renseigné,0,Aucun,Non renseigné,0.0,0.01657142857142857,0.0,0.0,0.0
QVW0450,ISAC_V1,10 à 20,1,3.0,regionD,0,1,Non renseigné,0,Non renseigné,0,Aucun,Non renseigné,2.772727272727273,7.264571428571428,9.771818181818183,0.6566666666666666,1.1408695652173915
QVW0451,ISAC_V1,10 à 20,1,3.0,regionD,0,1,Non renseigné,0,Non renseigné,0,Aucun,Non renseigné,0.035454545454545454,0.010571428571428572,0.0,0.0,0.696086956521739
QVW0452,ISAC_V1,10 à 20,0,4.0,regionD,0,1,Non renseigné,0,Non renseigné,1,Aucun,Non renseigné,0.0,0.030571428571428572,0.0,0.0,1.1230434782608696
QVW0453,ISAC_V1,0 à 10,0,4.0,regionD,0,1,Non renseigné,0,Non renseigné,0,Aucun,Non renseigné,0.29,0.41857142857142854,0.0,0.0,1.827391304347826
QVW0454,ISAC_V1,10 à 20,1,4.0,regionD,0,1,Non renseigné,0,Non renseigné,0,Aucun,Non renseigné,0.0,0.0,0.0,0.0,3.4160869565217387
QVW0455,ISAC_V1,20 à 40,0,4.0,regionD,0,0,Non renseigné,0,Non renseigné,0,Aucun,Non renseigné,0.0,0.0,0.0,0.0,0.0
QVW0456,ISAC_V1,10 à 20,1,4.0,regionD,0,1,Non renseigné,0,Non renseigné,0,Aucun,Non renseigné,0.0,0.19971428571428573,0.22727272727272727,0.0,0.8656521739130435
QVW0457,ISAC_V1,0 à 10,0,4.0,regionD,0,1,Non renseigné,0,Non renseigné,0,Aucun,Non renseigné,0.0,0.14200000000000002,0.03363636363636364,0.0,5.463478260869565
QVW0458,ISAC_V1,10 à 20,0,4.0,regionD,0,1,Non renseigné,0,Non renseigné,0,Aucun,Non renseigné,0.0,0.012571428571428572,4.280909090909091,0.972,1.4456521739130435
QVW0459,ISAC_V1,0 à 10,1,4.0,regionD,0,1,Non renseigné,0,Non renseigné,0,Aucun,Non renseigné,0.0,0.11457142857142856,1.3745454545454545,0.6113333333333333,2.066521739130435
QVW0460,ISAC_V1,10 à 20,0,5.0,regionD,0,1,Non renseigné,0,Non renseigné,1,Aucun,Non renseigné,1.6809090909090911,1.5805714285714285,0.16090909090909092,0.0,7.279565217391305
QVW0461,ISAC_V1,40 à 60,0,4.0,regionD,0,1,Non renseigné,0,Non renseigné,0,Aucun,Non renseigné,0.0,0.010285714285714285,0.0,0.0,0.2565217391304348
QVW0462,ISAC_V1,20 à 40,0,5.0,regionD,0,1,Non renseigné,0,Non renseigné,1,Aucun,Non renseigné,0.0,0.246,3.7709090909090905,0.0,0.4730434782608696
QVW0463,ISAC_V1,40 à 60,1,4.0,regionD,0,1,Non renseigné,0,Aucun,0,Aucun,Pas de traitement,0.0,0.0,0.0,0.0,0.06956521739130435
QVW0464,ISAC_V1,0 à 10,0,5.0,regionD,0,1,Non renseigné,0,Non renseigné,0,Aucun,Non renseigné,0.0,0.019142857142857145,0.1,0.0,1.7360869565217392
QVW0465,ISAC_V1,40 à 60,1,5.0,regionD,0,1,Non renseigné,0,Non renseigné,0,Aucun,Non renseigné,0.0,0.13428571428571429,0.0,0.0,0.08869565217391305
QVW0466,ISAC_V1,0 à 10,0,5.0,regionD,0,0,Non renseigné,0,Non renseigné,0,Aucun,Non renseigné,0.0,0.0,0.0,0.0,0.0
QVW0467,ISAC_V1,40 à 60,0,5.0,regionD,0,1,Non renseigné,0,Non renseigné,0,Aucun,Non renseigné,2.5518181818181818,0.0,14.92818181818182,0.0,1.8834782608695653
QVW0468,ISAC_V1,10 à 20,1,5.0,regionD,0,1,Non renseigné,0,Non renseigné,0,Aucun,Non renseigné,2.149090909090909,0.09142857142857143,2.127272727272727,0.0,1.858695652173913
QVW0469,ISAC_V1,10 à 20,1,5.0,regionD,0,1,Non renseigné,0,Non renseigné,0,Aucun,Non renseigné,18.96090909090909,1.3782857142857143,2.6072727272727274,0.23066666666666666,1.3195652173913044
QVW0470,ISAC_V1,0 à 10,0,5.0,regionD,0,1,Non renseigné,0,Non renseigné,0,Aucun,Non renseigné,0.07909090909090909,8.406,0.06818181818181818,0.36000000000000004,0.5704347826086956
QVW0471,ISAC_V1,0 à 10,1,5.0,regionD,0,1,Non renseigné,0,Non renseigné,0,Aucun,Non renseigné,0.0,0.10857142857142857,1.4809090909090907,0.9973333333333334,2.13
QVW0472,ISAC_V1,10 à 20,0,5.0,regionD,0,1,Non renseigné,0,Non renseigné,0,Aucun,Non renseigné,0.0,0.0,0.0,0.0,2.3617391304347826
QVW0473,ISAC_V1,0 à 10,0,5.0,regionD,0,1,Non renseigné,0,Non renseigné,0,Aucun,Non renseigné,1.5663636363636364,0.05885714285714286,0.0,0.264,6.3017391304347825
QVW0474,ISAC_V1,0 à 10,0,5.0,regionD,0,1,Non renseigné,0,Non renseigné,1,Aucun,Non renseigné,1.5472727272727271,1.2122857142857142,10.531818181818181,0.3093333333333333,0.41130434782608694
QVW0475,ISAC_V1,10 à 20,0,5.0,regionD,0,1,Non renseigné,0,Non renseigné,0,Aucun,Non renseigné,0.045454545454545456,0.0,0.05272727272727273,0.0,0.4869565217391304
QVW0476,ISAC_V1,10 à 20,1,5.0,regionD,0,1,Non renseigné,0,Non renseigné,0,Aucun,Non renseigné,4.681818181818182,0.5328571428571428,5.072727272727273,0.5033333333333333,13.773043478260869
QVW0477,ISAC_V1,0 à 10,0,5.0,regionD,0,1,Non renseigné,0,Non renseigné,0,Aucun,Non renseigné,30.655454545454543,0.37314285714285716,0.0,0.0,8.253043478260869
QVW0478,ISAC_V1,40 à 60,0,6.0,regionD,0,0,Non renseigné,0,20 ans et plus,1,Aucun,Non renseigné,0.0,0.0,0.0,0.0,0.0
QVW0479,ISAC_V1,0 à 10,1,6.0,regionD,0,1,Non renseigné,0,0 - 2 ans,1,Aucun,Non renseigné,0.0,0.7542857142857143,0.15181818181818182,0.0,0.0626086956521739
QVW0480,ISAC_V1,0 à 10,1,6.0,regionD,0,1,Non renseigné,0,Non renseigné,0,Aucun,Non renseigné,5.075454545454545,3.8234285714285714,0.0,0.38533333333333336,11.13565217391304
QVW0481,ISAC_V1,10 à 20,0,6.0,regionD,0,1,Non renseigné,0,Non renseigné,0,Aucun,Non renseigné,12.315454545454545,10.37742857142857,8.172727272727274,0.25933333333333336,7.570869565217391
QVW0482,ISAC_V1,0 à 10,1,6.0,regionD,0,1,Non renseigné,0,Non renseigné,0,Aucun,Non renseigné,29.51181818181818,11.693714285714284,8.705454545454545,0.14333333333333334,9.297391304347824
QVW0483,ISAC_V1,0 à 10,0,6.0,regionD,0,1,Non renseigné,0,Non renseigné,0,Aucun,Non renseigné,0.0,0.0,0.0,0.0,0.01608695652173913
QVW0484,ISAC_V1,20 à 40,0,6.0,regionD,0,1,Non renseigné,0,Non renseigné,0,Aucun,Non renseigné,0.0,0.04714285714285714,0.0,0.0,0.11391304347826088
QVW0485,ISAC_V1,0 à 10,0,6.0,regionD,0,1,Non renseigné,0,Non renseigné,0,Aucun,Non renseigné,0.0,0.5002857142857142,0.0,0.0,7.969130434782608
QVW0486,ISAC_V1,10 à 20,1,6.0,regionD,0,1,Non renseigné,0,Non renseigné,0,Aucun,Non renseigné,0.0,0.010571428571428572,8.546363636363637,2.862,1.482608695652174
QVW0487,ISAC_V1,0 à 10,1,6.0,regionD,0,1,Non renseigné,0,Non renseigné,1,Aucun,Non renseigné,0.0,0.018857142857142857,0.31272727272727274,0.0,0.6060869565217392
QVW0488,ISAC_V1,0 à 10,1,6.0,regionD,0,0,Non renseigné,0,0 - 2 ans,0,Aucun,Non renseigné,0.0,0.0,0.0,0.0,0.0
QVW0489,ISAC_V1,60 à Plus,1,6.0,regionD,0,0,Non renseigné,0,Non renseigné,0,Aucun,Non renseigné,0.0,0.0,0.0,0.0,0.0
QVW0490,ISAC_V1,0 à 10,1,7.0,regionD,0,1,Non renseigné,0,Non renseigné,0,Aucun,Non renseigné,0.0,0.054285714285714284,0.19363636363636363,0.7206666666666667,0.6069565217391305
QVW0491,ISAC_V1,20 à 40,0,7.0,regionD,0,0,Non renseigné,0,Non renseigné,0,Aucun,Non renseigné,0.0,0.0,0.0,0.0,0.0
QVW0492,ISAC_V1,0 à 10,0,7.0,regionD,0,1,Non renseigné,0,Non renseigné,0,Aucun,Non renseigné,0.20727272727272725,1.8102857142857143,0.40363636363636357,0.0,0.14652173913043476
QVW0493,ISAC_V1,10 à 20,1,7.0,regionD,0,1,Non renseigné,0,Non renseigné,0,Aucun,Non renseigné,4.658181818181818,0.3145714285714286,1.6136363636363635,0.0,3.7295652173913045
QVW0494,ISAC_V1,20 à 40,0,7.0,regionD,0,1,Non renseigné,0,Non renseigné,0,Aucun,Non renseigné,0.0,0.0,0.0,0.0,0.026521739130434784
QVW0495,ISAC_V1,20 à 40,0,7.0,regionD,0,1,Non renseigné,0,Non renseigné,0,Aucun,Non renseigné,0.0,0.010857142857142857,0.18999999999999997,0.0,0.47043478260869565
QVW0496,ISAC_V1,10 à 20,1,7.0,regionD,0,1,Non renseigné,0,Non renseigné,0,Aucun,Non renseigné,0.0,0.039714285714285716,0.049090909090909095,0.17733333333333334,4.926521739130435
QVW0497,ISAC_V1,40 à 60,1,7.0,regionD,0,1,Non renseigné,0,20 ans et plus,0,Aucun,Non renseigné,0.2727272727272727,0.0,0.0,0.0,0.4443478260869565
QVW0498,ISAC_V1,10 à 20,0,7.0,regionD,0,1,Non renseigné,0,Non renseigné,0,Animaux : chat/chien,Non renseigné,0.06727272727272728,0.033999999999999996,3.2190909090909092,0.0,2.3382608695652176
QVW0499,ISAC_V1,40 à 60,0,7.0,regionD,0,1,Non renseigné,0,Non renseigné,1,Effort/Activité sportive,Non renseigné,0.0,0.010571428571428572,0.0,0.0,0.015217391304347825
QVW0500,ISAC_V1,0 à 10,0,7.0,regionD,0,1,Non renseigné,0,Non renseigné,0,Aucun,Non renseigné,0.0,0.28714285714285714,0.028181818181818183,0.0,1.4995652173913043
QVW0501,ISAC_V1,0 à 10,1,7.0,regionD,0,1,Non renseigné,0,Non renseigné,0,Aucun,Non renseigné,5.5645454545454545,4.53,3.5118181818181813,0.0,19.675217391304347
QVW0502,ISAC_V1,0 à 10,0,7.0,regionD,0,1,Non renseigné,0,Non renseigné,0,Aucun,Non renseigné,4.2318181818181815,0.04057142857142857,2.6336363636363633,1.2973333333333334,10.891304347826088
QVW0503,ISAC_V1,60 à Plus,0,7.0,regionD,0,1,Non renseigné,0,Non renseigné,0,Aucun,Non renseigné,0.0,0.0,0.0,0.0,0.14217391304347826
QVW0504,ISAC_V1,10 à 20,1,7.0,regionD,0,1,Non renseigné,0,Non renseigné,0,Aucun,Non renseigné,7.565454545454545,0.36314285714285716,0.0,0.5286666666666666,4.079130434782609
QVW0505,ISAC_V1,0 à 10,0,7.0,regionD,0,1,Non renseigné,0,0 - 2 ans,0,Aucun,Non renseigné,0.22818181818181815,0.8871428571428571,1.752727272727273,0.0,0.0
QVW0506,ISAC_V1,0 à 10,0,7.0,regionD,0,1,Non renseigné,0,3 - 10 ans,0,Aucun,Non renseigné,0.0,1.032,0.0,0.056,0.04652173913043479
QVW0507,ISAC_V1,10 à 20,1,7.0,regionD,0,1,Non renseigné,0,Non renseigné,0,Effort/Activité sportive,Non renseigné,0.23909090909090908,0.0,0.11727272727272728,0.0,2.4517391304347824
QVW0508,ISAC_V1,0 à 10,0,7.0,regionD,0,1,Non renseigné,0,Non renseigné,0,Aucun,Non renseigné,0.0,0.019714285714285712,0.0,0.0,0.0
QVW0509,ISAC_V1,0 à 10,1,5.0,regionD,0,0,Non renseigné,0,Non renseigné,0,Aucun,Non renseigné,0.0,0.0,0.0,0.0,0.0
QVW0510,ISAC_V1,10 à 20,1,7.0,regionD,0,1,Non renseigné,0,3 - 10 ans,0,Animaux : cheval/rongeur,Non renseigné,14.289090909090909,0.0,0.0,0.0,22.729565217391304
QVW0511,ISAC_V1,10 à 20,1,7.0,regionD,0,1,Non renseigné,0,10 - 20 ans,0,Aucun,Pas de traitement,0.0,0.32942857142857146,0.0,0.17333333333333334,0.044782608695652176
QVW0512,ISAC_V1,10 à 20,1,8.0,regionD,0,1,Non renseigné,0,Non renseigné,1,Aucun,Non renseigné,3.998181818181818,2.0705714285714287,0.8300000000000001,16.71466666666667,42.79826086956522
QVW0513,ISAC_V1,10 à 20,0,8.0,regionD,0,1,Non renseigné,0,3 - 10 ans,1,Aucun,Non renseigné,17.274545454545457,0.28742857142857137,0.4163636363636364,0.0,1.3791304347826088
QVW0514,ISAC_V1,10 à 20,1,8.0,regionD,0,1,Non renseigné,0,Non renseigné,0,Aucun,Non renseigné,17.232727272727274,0.026571428571428572,0.49090909090909096,0.0,18.300869565217393
QVW0515,ISAC_V1,0 à 10,1,8.0,regionD,0,1,Non renseigné,0,Non renseigné,0,Aucun,Non renseigné,3.7036363636363636,19.801714285714283,0.0,2.716,25.08521739130435
QVW0516,ISAC_V1,10 à 20,0,8.0,regionD,0,1,Non renseigné,0,Non renseigné,0,Aucun,Non renseigné,0.0,0.0,0.0,0.0,0.0
QVW0517,ISAC_V1,10 à 20,1,8.0,regionD,0,1,Non renseigné,0,Non renseigné,0,Aucun,Non renseigné,1.43,1.2188571428571429,7.732727272727273,13.664666666666667,12.867826086956521
QVW0518,ISAC_V1,60 à Plus,0,8.0,regionD,0,1,Non renseigné,0,Non renseigné,0,Aucun,Non renseigné,0.0,0.0,0.0,0.0,0.2591304347826087
QVW0519,ISAC_V1,20 à 40,1,9.0,regionD,0,1,Non renseigné,0,Non renseigné,0,Aucun,Non renseigné,2.248181818181818,0.9782857142857143,0.0,0.494,0.6282608695652174
QVW0520,ISAC_V1,20 à 40,1,9.0,regionD,0,1,Non renseigné,0,Non renseigné,0,Aucun,Non renseigné,3.014545454545454,1.1268571428571428,3.5136363636363637,0.0,8.243913043478262
QVW0521,ISAC_V1,0 à 10,1,7.0,regionD,0,1,Non renseigné,0,Non renseigné,0,Aucun,Non renseigné,25.55727272727273,6.650571428571429,19.084545454545456,3.962,4.788695652173913
QVW0522,ISAC_V1,10 à 20,1,9.0,regionD,0,1,Non renseigné,0,Non renseigné,0,Aucun,Non renseigné,0.0,0.0,0.02909090909090909,0.0,0.8952173913043479
QVW0523,ISAC_V1,20 à 40,1,10.0,regionD,0,1,Non renseigné,0,Non renseigné,0,Aucun,Non renseigné,0.7318181818181819,0.017142857142857144,0.0,0.0,0.92
QVW0524,ISAC_V1,0 à 10,1,10.0,regionA,0,1,Non renseigné,0,Non renseigné,0,Aucun,Non renseigné,0.06454545454545454,7.571714285714285,60.34909090909091,0.043333333333333335,18.963043478260868
QVW0525,ISAC_V1,0 à 10,1,10.0,regionD,0,1,Non renseigné,0,Non renseigné,0,Aucun,Non renseigné,1.6827272727272726,0.016285714285714285,0.0,0.06666666666666667,2.5473913043478262
QVW0526,ISAC_V1,10 à 20,0,10.0,regionD,0,0,Non renseigné,0,Non renseigné,0,Aucun,Non renseigné,0.0,0.0,0.0,0.0,0.0
QVW0527,ISAC_V1,0 à 10,1,11.0,regionD,0,1,Non renseigné,0,0 - 2 ans,0,Aucun,Pas de traitement,0.0,0.27314285714285713,0.18727272727272729,1.3960000000000001,1.6665217391304348
QVW0528,ISAC_V1,20 à 40,0,11.0,regionD,0,1,Non renseigné,0,10 - 20 ans,1,Aucun,Non renseigné,0.0,0.07457142857142857,0.0,0.0,1.701304347826087
QVW0529,ISAC_V1,0 à 10,0,1.0,regionD,0,1,Non renseigné,0,Non renseigné,1,Aucun,Non renseigné,0.0,0.0,0.0,0.0,1.8608695652173912
QVW0530,ISAC_V1,0 à 10,0,9.0,regionD,0,0,Non renseigné,0,Non renseigné,0,Aucun,Non renseigné,0.0,0.0,0.0,0.0,0.0
QVW0531,ISAC_V1,20 à 40,0,9.0,regionD,0,0,Non renseigné,0,Non renseigné,0,Aucun,Non renseigné,0.0,0.0,0.0,0.0,0.0
QVW0532,ISAC_V1,40 à 60,1,9.0,regionD,0,1,Non renseigné,0,Non renseigné,0,Aucun,Non renseigné,1.8509090909090908,0.0,0.0,0.09666666666666666,2.528695652173913
QVW0533,ISAC_V1,20 à 40,1,10.0,regionD,0,0,Non renseigné,0,Non renseigné,0,Aucun,Non renseigné,0.0,0.0,0.0,0.0,0.0
QVW0534,ISAC_V1,40 à 60,0,10.0,regionD,0,1,Non renseigné,0,Non renseigné,0,Aucun,Non renseigné,0.0,0.0,0.060000000000000005,0.0,0.023043478260869565
QVW0535,ISAC_V1,0 à 10,0,10.0,regionD,0,1,Non renseigné,0,Non renseigné,0,Aucun,Non renseigné,0.3354545454545454,0.014,0.0,0.03133333333333333,0.12434782608695652
QVW0536,ISAC_V1,10 à 20,1,10.0,regionD,0,1,Non renseigné,0,0 - 2 ans,1,Aucun,Non renseigné,0.0,0.952,0.17363636363636362,0.0,9.278695652173914
QVW0537,ISAC_V1,10 à 20,1,9.0,regionD,0,1,Non renseigné,0,Non renseigné,0,Aucun,Non renseigné,0.0,0.0,0.0,0.0,0.0
QVW0538,ISAC_V1,40 à 60,0,1.0,regionD,0,1,Non renseigné,0,Non renseigné,0,Aucun,Non renseigné,0.3718181818181818,0.0,0.0,0.0,0.6743478260869565
QVW0539,ISAC_V1,40 à 60,0,2.0,regionD,0,0,Non renseigné,0,Non renseigné,0,Aucun,Non renseigné,0.0,0.0,0.0,0.0,0.0
QVW0540,ISAC_V1,40 à 60,0,3.0,regionD,0,0,Non renseigné,0,Non renseigné,0,Aucun,Non renseigné,0.0,0.0,0.0,0.0,0.0
QVW0541,ISAC_V1,0 à 10,1,3.0,regionD,0,1,Non renseigné,0,Non renseigné,0,Aucun,Non renseigné,16.964545454545455,0.0,0.0,0.21533333333333332,0.0
QVW0542,ISAC_V1,40 à 60,0,4.0,regionD,0,1,Non renseigné,0,Non renseigné,0,Aucun,Non renseigné,0.0,0.03685714285714286,0.0,0.0,0.24695652173913044
QVW0543,ISAC_V1,10 à 20,1,5.0,regionD,0,1,Non renseigné,0,Non renseigné,0,Aucun,Non renseigné,19.58818181818182,1.3259999999999998,0.9527272727272728,3.131333333333333,8.238260869565217
QVW0544,ISAC_V1,10 à 20,0,8.0,regionD,0,1,Non renseigné,0,Non renseigné,0,Aucun,Non renseigné,0.9063636363636363,1.31,0.6981818181818181,0.24666666666666667,44.22347826086956
QVW0545,ISAC_V1,10 à 20,1,8.0,regionD,0,1,Non renseigné,0,Non renseigné,0,Aucun,Non renseigné,0.0,0.498,0.23636363636363636,0.0,52.33782608695652
QVW0546,ISAC_V1,10 à 20,0,8.0,regionD,0,1,Non renseigné,0,Non renseigné,0,Aucun,Non renseigné,1.3690909090909091,20.456,0.31181818181818177,0.0,0.9173913043478261
QVW0547,ISAC_V1,20 à 40,0,8.0,regionD,0,1,Non renseigné,0,Non renseigné,0,Aucun,Non renseigné,12.293636363636365,0.07885714285714286,0.6227272727272727,0.054000000000000006,2.2352173913043476
QVW0548,ISAC_V1,20 à 40,0,9.0,regionE,0,1,Non renseigné,0,Non renseigné,0,Aucun,Non renseigné,5.740909090909091,0.0,0.0,0.0,0.7713043478260869
QVW0549,ISAC_V1,0 à 10,1,9.0,regionD,0,1,Non renseigné,0,Non renseigné,0,Aucun,Non renseigné,0.0,0.07742857142857143,0.3318181818181818,0.6626666666666666,0.04
QVW0550,ISAC_V1,10 à 20,1,9.0,regionD,0,1,Non renseigné,0,Non renseigné,0,Aucun,Non renseigné,0.0,0.2674285714285714,0.06909090909090909,0.9606666666666667,0.0
QVW0551,ISAC_V1,0 à 10,1,9.0,regionD,0,1,Non renseigné,0,Non renseigné,0,Aucun,Non renseigné,5.594545454545455,1.4822857142857142,0.9372727272727274,1.6219999999999999,2.867826086956522
QVW0552,ISAC_V1,10 à 20,1,9.0,regionD,0,1,Non renseigné,0,Non renseigné,0,Aucun,Non renseigné,3.738181818181818,0.18685714285714286,1.0945454545454545,0.5293333333333333,8.06913043478261
QVW0553,ISAC_V1,0 à 10,1,10.0,regionD,0,1,Non renseigné,0,Non renseigné,0,Aucun,Non renseigné,18.017272727272726,1.7585714285714285,0.0,2.3160000000000003,3.2399999999999998
QVW0554,ISAC_V1,10 à 20,1,10.0,regionD,0,1,Non renseigné,0,Non renseigné,0,Aucun,Non renseigné,39.735454545454544,0.2622857142857143,0.09090909090909091,1.7786666666666666,10.046086956521739
QVW0555,ISAC_V1,0 à 10,0,12.0,regionD,0,1,Non renseigné,0,Non renseigné,0,Aucun,Non renseigné,0.5063636363636363,0.0,0.0,0.0,0.0
QVW0556,ISAC_V1,10 à 20,0,1.0,regionD,0,0,Non renseigné,0,Non renseigné,0,Aucun,Non renseigné,0.0,0.0,0.0,0.0,0.0
QVW0557,ISAC_V1,10 à 20,0,1.0,regionD,0,1,Non renseigné,0,Non renseigné,0,Aucun,Non renseigné,0.7118181818181818,4.825142857142857,0.5518181818181819,0.06933333333333333,0.3730434782608696
QVW0558,ISAC_V1,0 à 10,1,1.0,regionD,0,1,Non renseigné,0,Non renseigné,0,Aucun,Non renseigné,0.04454545454545455,0.02942857142857143,0.0,0.0,1.0891304347826085
QVW0559,ISAC_V1,0 à 10,1,9.0,regionD,0,1,Non renseigné,0,Non renseigné,0,Aucun,Non renseigné,7.6890909090909085,0.5025714285714286,0.21454545454545454,2.1513333333333335,4.141739130434783
QVW0560,ISAC_V1,10 à 20,0,3.0,regionD,0,1,Non renseigné,0,Non renseigné,0,Aucun,Non renseigné,0.0,0.0,0.19545454545454544,1.3033333333333335,6.690434782608696
QVW0561,ISAC_V1,0 à 10,0,3.0,regionD,0,1,Non renseigné,0,Non renseigné,0,Aucun,Non renseigné,9.375454545454545,2.9859999999999998,0.0,4.544666666666667,0.022608695652173914
QVW0562,ISAC_V1,0 à 10,0,9.0,regionD,0,1,Non renseigné,0,Non renseigné,0,Aucun,Non renseigné,0.09363636363636364,7.9239999999999995,0.0,0.0,2.174782608695652
QVW0563,ISAC_V1,10 à 20,1,9.0,regionD,0,1,Non renseigné,0,Non renseigné,0,Aucun,Non renseigné,0.0,0.9531428571428572,0.6672727272727272,0.0,29.059565217391306
QVW0564,ISAC_V1,0 à 10,0,9.0,regionD,0,1,Non renseigné,0,Non renseigné,0,Aucun,Non renseigné,31.333636363636366,10.42057142857143,23.37181818181818,2.5993333333333335,18.33695652173913
QVW0565,ISAC_V1,0 à 10,1,9.0,regionD,0,1,Non renseigné,0,Non renseigné,0,Aucun,Non renseigné,41.02909090909091,0.09,7.523636363636364,0.0,2.237391304347826
QVW0566,ISAC_V1,0 à 10,1,9.0,regionD,0,1,Non renseigné,0,Non renseigné,0,Aucun,Non renseigné,0.0,3.741428571428571,1.3045454545454547,1.8026666666666666,3.5904347826086958
QVW0567,ISAC_V1,0 à 10,1,9.0,regionD,0,1,Non renseigné,0,Non renseigné,0,Aucun,Non renseigné,0.0,0.31285714285714283,0.5572727272727273,0.0,0.0
QVW0568,ISAC_V1,0 à 10,1,10.0,regionD,0,1,Non renseigné,0,Non renseigné,0,Aucun,Non renseigné,0.9381818181818182,0.8854285714285715,0.14272727272727273,2.254,0.32521739130434785
QVW0569,ISAC_V1,0 à 10,1,10.0,regionD,0,1,Non renseigné,0,Non renseigné,0,Aucun,Non renseigné,15.584545454545456,4.889428571428572,2.936363636363636,0.0,19.45173913043478
QVW0570,ISAC_V1,0 à 10,1,10.0,regionD,0,1,Non renseigné,0,Non renseigné,0,Aucun,Non renseigné,0.0,0.05514285714285714,0.0,5.230666666666666,0.042608695652173914
QVW0571,ISAC_V1,10 à 20,1,10.0,regionD,0,1,Non renseigné,0,Non renseigné,0,Aucun,Non renseigné,0.7845454545454547,0.024285714285714285,0.16545454545454547,14.802,22.246521739130436
QVW0572,ISAC_V1,0 à 10,0,10.0,regionD,0,1,Non renseigné,0,Non renseigné,0,Aucun,Non renseigné,12.515454545454547,0.0,0.12636363636363634,0.0,7.0321739130434775
QVW0573,ISAC_V1,10 à 20,0,10.0,regionD,0,1,Non renseigné,0,Non renseigné,0,Aucun,Non renseigné,0.44272727272727275,0.0,0.0,0.0,4.765652173913043
QVW0574,ISAC_V1,10 à 20,0,10.0,regionD,0,1,Non renseigné,0,Non renseigné,0,Aucun,Non renseigné,0.0,0.07485714285714286,0.46,0.0,3.1326086956521744
QVW0575,ISAC_V1,0 à 10,0,10.0,regionD,0,0,Non renseigné,0,Non renseigné,0,Aucun,Non renseigné,0.0,0.0,0.0,0.0,0.0
QVW0576,ISAC_V1,0 à 10,0,11.0,regionD,0,0,Non renseigné,0,Non renseigné,0,Aucun,Non renseigné,0.0,0.0,0.0,0.0,0.0
QVW0577,ISAC_V1,0 à 10,1,11.0,regionD,0,1,Non renseigné,0,Non renseigné,0,Aucun,Non renseigné,5.2281818181818185,0.6828571428571428,0.0,0.164,7.644347826086956
QVW0578,ISAC_V1,10 à 20,0,11.0,regionD,0,1,Non renseigné,0,Non renseigné,0,Aucun,Non renseigné,0.0,0.6182857142857143,0.0,0.0,0.0
QVW0579,ISAC_V1,40 à 60,0,11.0,regionD,0,1,Non renseigné,0,Non renseigné,0,Aucun,Non renseigné,0.0,0.0,0.0,0.0,0.3069565217391304
QVW0580,ISAC_V1,0 à 10,0,11.0,regionD,0,1,Non renseigné,0,Non renseigné,0,Aucun,Non renseigné,0.0,0.0,0.0,0.0,2.7991304347826085
QVW0581,ISAC_V1,10 à 20,1,12.0,regionD,0,1,Non renseigné,0,Non renseigné,0,Aucun,Non renseigné,0.0,0.4077142857142857,15.139999999999999,0.0,0.8073913043478261
QVW0582,ISAC_V1,0 à 10,1,12.0,regionD,0,1,Non renseigné,0,Non renseigné,0,Aucun,Non renseigné,0.0,1.701142857142857,0.0,0.0,0.6091304347826086
QVW0583,ISAC_V1,10 à 20,0,12.0,regionD,0,1,Non renseigné,0,Non renseigné,0,Aucun,Non renseigné,0.0,0.072,2.62,0.0,0.3373913043478261
QVW0584,ISAC_V1,10 à 20,1,12.0,regionD,0,1,Non renseigné,0,Non renseigné,0,Aucun,Non renseigné,0.0,0.09114285714285715,0.057272727272727274,0.0,5.14
QVW0585,ISAC_V1,0 à 10,1,10.0,regionD,0,1,Non renseigné,0,Non renseigné,0,Aucun,Non renseigné,0.0,0.9031428571428571,0.0,6.605333333333333,12.498695652173911
QVW0586,ISAC_V1,10 à 20,1,10.0,regionD,0,1,Non renseigné,0,Non renseigné,0,Aucun,Non renseigné,7.174545454545455,7.119714285714285,13.606363636363637,0.0,7.005217391304348
QVW0587,ISAC_V1,0 à 10,1,10.0,regionD,0,1,Non renseigné,0,Non renseigné,0,Aucun,Non renseigné,0.0,0.3422857142857143,0.0,0.0,0.0
QVW0588,ISAC_V1,10 à 20,0,10.0,regionD,0,1,Non renseigné,0,Non renseigné,0,Animaux : cheval/rongeur,Non renseigné,0.0,0.0,0.0,0.0,0.02956521739130435
QVW0589,ISAC_V1,20 à 40,1,10.0,regionD,0,1,Non renseigné,0,10 - 20 ans,1,Aucun,Non renseigné,13.84818181818182,1.5111428571428571,2.955454545454545,0.15866666666666665,5.986521739130435
QVW0590,ISAC_V1,10 à 20,0,10.0,regionD,0,1,Aucun,0,10 - 20 ans,1,Effort/Activité sportive,Non renseigné,0.0,0.0,0.0,0.0,0.4439130434782609
QVW0591,ISAC_V1,0 à 10,0,10.0,regionD,0,1,Non renseigné,0,Non renseigné,0,Aucun,Non renseigné,0.18818181818181817,0.07057142857142856,0.0,0.0,1.9700000000000002
QVW0592,ISAC_V1,10 à 20,1,10.0,regionD,0,1,Non renseigné,0,Non renseigné,0,Aucun,Non renseigné,23.74,0.0,0.056363636363636366,0.0,0.30217391304347824
QVW0593,ISAC_V1,10 à 20,1,10.0,regionD,0,1,Non renseigné,0,Non renseigné,0,Aucun,Non renseigné,0.0,1.9377142857142855,1.2218181818181817,0.037333333333333336,7.945217391304347
QVW0594,ISAC_V1,60 à Plus,0,11.0,regionD,0,0,Non renseigné,0,Non renseigné,0,Aucun,Non renseigné,0.0,0.0,0.0,0.0,0.0
QVW0595,ISAC_V1,20 à 40,1,11.0,regionD,0,0,Non renseigné,0,Non renseigné,0,Aucun,Non renseigné,0.0,0.0,0.0,0.0,0.0
QVW0596,ISAC_V1,40 à 60,1,11.0,regionD,0,1,Non renseigné,0,Non renseigné,0,Aucun,Non renseigné,0.0,0.0,0.0,0.0,0.3743478260869565
QVW0597,ISAC_V1,10 à 20,1,11.0,regionD,0,1,Non renseigné,0,Non renseigné,0,Aucun,Non renseigné,0.3609090909090909,0.15457142857142858,0.0,0.21466666666666667,0.02391304347826087
QVW0598,ISAC_V1,10 à 20,0,11.0,regionD,0,1,Non renseigné,0,Non renseigné,0,Aucun,Non renseigné,17.451818181818183,2.217714285714286,11.427272727272726,0.8,8.296086956521739
QVW0599,ISAC_V1,10 à 20,1,11.0,regionD,0,1,Non renseigné,0,Non renseigné,0,Aucun,Non renseigné,0.7263636363636364,0.14514285714285716,0.5590909090909091,0.0,3.2530434782608695
QVW0600,ISAC_V1,0 à 10,1,11.0,regionD,0,1,Non renseigné,0,Non renseigné,0,Aucun,Non renseigné,10.001818181818182,0.16228571428571428,2.2118181818181815,1.5966666666666667,4.727826086956522
QVW0601,ISAC_V1,20 à 40,1,11.0,regionD,0,0,Non renseigné,0,Non renseigné,0,Aucun,Non renseigné,0.0,0.0,0.0,0.0,0.0
QVW0602,ISAC_V1,20 à 40,0,11.0,regionD,0,1,Non renseigné,0,Non renseigné,0,Aucun,Non renseigné,8.217272727272727,0.0,0.6081818181818183,0.0,0.7034782608695652
QVW0603,ISAC_V1,0 à 10,1,11.0,regionD,0,1,Non renseigné,0,Non renseigné,0,Aucun,Non renseigné,0.43818181818181823,3.037714285714286,0.27454545454545454,1.3479999999999999,2.8439130434782607
QVW0604,ISAC_V1,10 à 20,1,11.0,regionD,0,1,Non renseigné,0,Non renseigné,0,Aucun,Non renseigné,9.967272727272727,1.1865714285714286,0.0,0.0,3.5478260869565217
QVW0605,ISAC_V1,10 à 20,0,10.0,regionD,0,1,Non renseigné,0,Non renseigné,0,Aucun,Non renseigné,0.4272727272727272,0.1734285714285714,0.0,0.0,4.9052173913043475
QVW0606,ISAC_V1,20 à 40,0,12.0,regionD,0,1,Non renseigné,0,Non renseigné,0,Aucun,Non renseigné,0.18545454545454546,0.0,0.0,0.0,1.037391304347826
QVW0607,ISAC_V1,40 à 60,0,12.0,regionD,0,1,Non renseigné,0,Non renseigné,0,Aucun,Non renseigné,0.0,0.0,0.0,0.034,1.8991304347826088
QVW0608,ISAC_V1,0 à 10,1,12.0,regionD,0,1,Non renseigné,0,0 - 2 ans,0,Aucun,Pas de traitement,3.305454545454545,0.7614285714285713,0.9718181818181818,4.772,1.7117391304347824
QVW0609,ISAC_V1,10 à 20,1,12.0,regionD,0,1,Non renseigné,0,Non renseigné,0,Aucun,Non renseigné,14.891818181818183,0.06742857142857142,1.1372727272727272,0.0,7.225217391304348
QVW0610,ISAC_V1,40 à 60,0,12.0,regionD,0,1,Non renseigné,0,Non renseigné,0,Aucun,Non renseigné,0.0,0.0,0.0,0.0,0.01956521739130435
QVW0611,ISAC_V1,0 à 10,1,12.0,regionD,0,1,Non renseigné,0,Non renseigné,0,Aucun,Pas de traitement,0.10363636363636362,0.57,0.12181818181818181,0.06533333333333333,0.05217391304347826
QVW0612,ISAC_V1,10 à 20,0,12.0,regionD,0,1,Non renseigné,0,Non renseigné,0,Aucun,Non renseigné,0.0,2.068,3.063636363636363,0.0,4.937391304347826
QVW0613,ISAC_V1,40 à 60,0,12.0,regionD,0,1,Non renseigné,0,Non renseigné,0,Aucun,Non renseigné,0.0,0.6911428571428572,0.0,0.0,2.3134782608695654
QVW0614,ISAC_V1,10 à 20,0,12.0,regionD,0,1,Non renseigné,0,Non renseigné,0,Aucun,Non renseigné,0.1981818181818182,0.0,0.29454545454545455,0.0,1.6204347826086958
QVW0615,ISAC_V1,10 à 20,1,12.0,regionD,0,1,Non renseigné,0,Non renseigné,0,Aucun,Non renseigné,0.0,0.6542857142857142,0.0,0.0,19.210869565217394
QVW0616,ISAC_V1,0 à 10,1,12.0,regionD,0,1,Non renseigné,0,Non renseigné,0,Aucun,Non renseigné,0.0,0.08971428571428572,0.1509090909090909,0.0,0.8517391304347826
QVW0617,ISAC_V1,10 à 20,0,12.0,regionD,0,1,Non renseigné,0,Non renseigné,0,Aucun,Non renseigné,0.13,0.18514285714285716,0.0,0.0,0.0
QVW0618,ISAC_V1,10 à 20,0,1.0,regionD,0,1,Non renseigné,0,Non renseigné,0,Aucun,Non renseigné,0.0,0.010857142857142857,0.7036363636363636,0.0,0.6034782608695651
QVW0619,ISAC_V1,10 à 20,1,1.0,regionD,0,1,Non renseigné,0,Non renseigné,0,Aucun,Non renseigné,1.3018181818181818,0.6502857142857144,2.9981818181818185,0.0,6.890434782608695
QVW0620,ISAC_V1,10 à 20,1,1.0,regionD,0,1,Non renseigné,0,Non renseigné,0,Aucun,Non renseigné,6.046363636363637,0.8805714285714286,1.589090909090909,0.974,5.025217391304348
QVW0621,ISAC_V1,10 à 20,0,1.0,regionD,0,1,Non renseigné,0,Non renseigné,0,Effort/Activité sportive,Non renseigné,1.032727272727273,0.0,0.04,0.0,1.4647826086956524
QVW0622,ISAC_V1,40 à 60,0,1.0,regionD,0,1,Non renseigné,0,Non renseigné,0,Effort/Activité sportive,Non renseigné,0.0,0.0,0.0,0.0,1.1782608695652175
QVW0623,ISAC_V1,40 à 60,1,1.0,regionD,0,1,Non renseigné,0,Non renseigné,0,Effort/Activité sportive,Non renseigné,0.0,0.0,0.0,0.0,0.04739130434782609
QVW0624,ISAC_V1,10 à 20,1,11.0,regionD,0,1,Non renseigné,0,Non renseigné,0,Aucun,Non renseigné,0.0,0.798,2.4727272727272727,8.844000000000001,2.1004347826086955
QVW0625,ISAC_V1,0 à 10,0,1.0,regionD,0,1,Non renseigné,0,Non renseigné,0,Aucun,Non renseigné,0.0,0.0,0.10181818181818182,0.0,0.14391304347826087
QVW0626,ISAC_V1,10 à 20,1,1.0,regionD,0,1,Non renseigné,0,Non renseigné,0,Aucun,Non renseigné,0.0,0.9922857142857144,0.04454545454545455,0.0,0.26130434782608697
QVW0627,ISAC_V1,10 à 20,1,1.0,regionD,0,1,Non renseigné,0,Non renseigné,0,Aucun,Non renseigné,0.0,0.0,0.0,4.929333333333333,0.5265217391304349
QVW0628,ISAC_V1,40 à 60,0,1.0,regionD,0,0,Non renseigné,0,Non renseigné,0,Aucun,Non renseigné,0.0,0.0,0.0,0.0,0.0
QVW0629,ISAC_V1,40 à 60,0,1.0,regionD,0,1,Non renseigné,0,Non renseigné,0,Aucun,Non renseigné,26.45,0.35200000000000004,7.2727272727272725,0.02733333333333333,7.913043478260869
QVW0630,ISAC_V1,10 à 20,0,1.0,regionD,0,0,Non renseigné,0,Non renseigné,0,Aucun,Non renseigné,0.0,0.0,0.0,0.0,0.0
QVW0631,ISAC_V1,0 à 10,0,1.0,regionD,0,1,Non renseigné,0,Non renseigné,0,Aucun,Non renseigné,0.46636363636363637,0.15828571428571428,0.1709090909090909,0.0,0.0
QVW0632,ISAC_V1,0 à 10,1,1.0,regionD,0,1,Non renseigné,0,Non renseigné,0,Aucun,Non renseigné,29.415454545454544,0.9914285714285715,0.0,0.036000000000000004,0.26782608695652177
QVW0633,ISAC_V1,10 à 20,1,1.0,regionD,0,1,Non renseigné,0,Non renseigné,0,Aucun,Non renseigné,0.0,0.06457142857142857,0.0,0.0,1.748695652173913
QVW0634,ISAC_V1,0 à 10,1,1.0,regionD,0,1,Non renseigné,0,Non renseigné,0,Aucun,Non renseigné,6.569999999999999,0.8128571428571428,1.3454545454545455,0.0,20.25521739130435
QVW0635,ISAC_V1,0 à 10,1,1.0,regionD,0,1,Non renseigné,0,Non renseigné,0,Aucun,Non renseigné,0.0,0.018857142857142857,0.0,0.0,0.0
QVW0636,ISAC_V1,10 à 20,1,1.0,regionD,0,1,Non renseigné,0,Non renseigné,0,Aucun,Non renseigné,0.0,0.06342857142857143,0.6763636363636364,1.8840000000000001,2.856086956521739
QVW0637,ISAC_V1,10 à 20,0,1.0,regionD,0,1,Non renseigné,0,Non renseigné,0,Aucun,Non renseigné,13.789090909090909,0.38971428571428574,1.9445454545454546,0.308,2.962608695652174
QVW0638,ISAC_V1,10 à 20,0,2.0,regionD,0,1,Non renseigné,0,Non renseigné,0,Aucun,Non renseigné,1.491818181818182,0.07942857142857143,0.2827272727272727,3.3073333333333332,1.912608695652174
QVW0639,ISAC_V1,0 à 10,1,2.0,regionD,0,1,Non renseigné,0,Non renseigné,0,Aucun,Non renseigné,32.83272727272727,5.808,0.23272727272727273,6.086666666666667,0.0
QVW0640,ISAC_V1,10 à 20,1,12.0,regionD,0,1,Non renseigné,0,Non renseigné,0,Aucun,Non renseigné,22.62181818181818,0.536,0.7236363636363636,0.99,0.0
QVW0641,ISAC_V1,0 à 10,1,2.0,regionD,0,1,Non renseigné,0,Non renseigné,0,Aucun,Non renseigné,2.7045454545454546,0.6608571428571428,1.0409090909090908,0.27466666666666667,3.5465217391304344
QVW0642,ISAC_V1,10 à 20,0,2.0,regionD,0,1,Non renseigné,0,Non renseigné,0,Aucun,Non renseigné,25.932727272727274,3.701428571428572,3.2181818181818183,6.4193333333333324,3.919565217391304
QVW0643,ISAC_V1,10 à 20,1,2.0,regionD,0,1,Non renseigné,0,Non renseigné,0,Aucun,Non renseigné,0.0,1.3077142857142856,0.7927272727272726,1.4653333333333334,9.52608695652174
QVW0644,ISAC_V1,0 à 10,0,2.0,regionD,0,1,Non renseigné,0,0 - 2 ans,1,Aucun,Non renseigné,9.693636363636363,3.2634285714285713,2.1263636363636365,0.0,0.14130434782608695
QVW0645,ISAC_V1,10 à 20,0,2.0,regionD,0,1,Non renseigné,0,Non renseigné,1,Aucun,Non renseigné,0.23909090909090908,0.28114285714285714,0.0,0.0,0.8073913043478261
QVW0646,ISAC_V1,10 à 20,1,2.0,regionD,0,1,Non renseigné,0,Non renseigné,0,Aucun,Non renseigné,3.210909090909091,0.20857142857142857,0.13,0.0,5.320434782608696
QVW0647,ISAC_V1,0 à 10,1,2.0,regionD,0,1,Non renseigné,0,3 - 10 ans,0,Aucun,Non renseigné,0.0,0.5574285714285714,0.35454545454545455,0.0,0.0
QVW0648,ISAC_V1,20 à 40,1,2.0,regionD,0,1,Non renseigné,0,Non renseigné,0,Aucun,Non renseigné,15.794545454545455,0.017714285714285714,0.0,0.452,0.12434782608695652
QVW0649,ISAC_V1,20 à 40,1,2.0,regionD,0,1,Non renseigné,0,Non renseigné,0,Aucun,Non renseigné,0.0,0.49742857142857144,0.36272727272727273,0.0,11.885652173913044
QVW0650,ISAC_V1,0 à 10,1,2.0,regionD,0,1,Non renseigné,0,Non renseigné,0,Aucun,Non renseigné,2.0036363636363634,0.9405714285714286,1.860909090909091,0.0,0.3591304347826087
QVW0651,ISAC_V1,40 à 60,0,2.0,regionD,0,0,Non renseigné,0,Non renseigné,0,Aucun,Non renseigné,0.0,0.0,0.0,0.0,0.0
QVW0652,ISAC_V1,0 à 10,0,2.0,regionD,0,1,Non renseigné,0,Non renseigné,0,Aucun,Non renseigné,0.0,1.3854285714285715,16.533636363636365,0.41133333333333333,2.0995652173913046
QVW0653,ISAC_V1,60 à Plus,1,2.0,regionD,0,0,Non renseigné,0,Non renseigné,0,Aucun,Non renseigné,0.0,0.0,0.0,0.0,0.0
QVW0654,ISAC_V1,10 à 20,1,2.0,regionD,0,1,Non renseigné,0,Non renseigné,0,Aucun,Non renseigné,0.0,0.04228571428571429,0.0,0.0,0.6830434782608696
QVW0655,ISAC_V1,0 à 10,1,2.0,regionD,0,1,Non renseigné,0,Non renseigné,0,Aucun,Non renseigné,0.8327272727272728,3.284285714285714,0.27909090909090906,0.0,9.38
QVW0656,ISAC_V1,60 à Plus,1,2.0,regionD,0,0,Non renseigné,0,Non renseigné,0,Aucun,Non renseigné,0.0,0.0,0.0,0.0,0.0
QVW0657,ISAC_V1,10 à 20,1,3.0,regionD,0,1,Non renseigné,0,Non renseigné,1,Aucun,Non renseigné,0.0,0.10314285714285713,0.0,0.768,0.30391304347826087
QVW0658,ISAC_V1,10 à 20,1,3.0,regionD,0,1,Non renseigné,0,Non renseigné,1,Animaux : chat/chien,Pas de traitement,33.31181818181818,1.4971428571428573,9.587272727272728,0.7593333333333334,3.2695652173913046
QVW0659,ISAC_V1,20 à 40,0,3.0,regionD,0,0,Non renseigné,0,Non renseigné,0,Aucun,Non renseigné,0.0,0.0,0.0,0.0,0.0
QVW0660,ISAC_V1,10 à 20,1,3.0,regionD,0,1,Non renseigné,0,Non renseigné,0,Aucun,Non renseigné,22.006363636363634,0.7865714285714286,1.87,0.22866666666666668,0.8669565217391303
QVW0661,ISAC_V1,20 à 40,0,3.0,regionD,0,1,Non renseigné,0,Aucun,0,Effort/Activité sportive,Non renseigné,0.0,0.0,0.6645454545454546,0.0,0.0
QVW0662,ISAC_V1,0 à 10,1,3.0,regionD,0,1,Non renseigné,0,Non renseigné,0,Aucun,Non renseigné,0.34545454545454546,0.06285714285714286,0.0,0.06933333333333333,0.0
QVW0663,ISAC_V1,60 à Plus,0,3.0,regionD,0,1,Non renseigné,0,Non renseigné,0,Aucun,Non renseigné,1.5218181818181817,0.0,0.0,0.0,0.0
QVW0664,ISAC_V1,0 à 10,1,3.0,regionD,0,1,Non renseigné,0,Non renseigné,0,Aucun,Non renseigné,0.0,1.2965714285714287,0.9781818181818182,0.0,0.0
QVW0665,ISAC_V1,0 à 10,1,3.0,regionD,0,1,Non renseigné,0,Non renseigné,0,Aucun,Non renseigné,0.0,0.16142857142857145,2.338181818181818,2.812666666666667,12.433913043478261
QVW0666,ISAC_V1,40 à 60,0,3.0,regionD,0,1,Non renseigné,0,Non renseigné,0,Aucun,Non renseigné,1.0063636363636363,0.0,0.0,0.0,0.0
QVW0667,ISAC_V1,40 à 60,1,3.0,regionD,0,1,Non renseigné,0,Non renseigné,0,Aucun,Non renseigné,0.16727272727272727,0.0,1.1454545454545455,0.3413333333333333,0.6
QVW0668,ISAC_V1,0 à 10,1,3.0,regionD,0,1,Non renseigné,0,Non renseigné,0,Aucun,Non renseigné,3.060909090909091,0.3831428571428572,0.0,0.0,0.02391304347826087
QVW0669,ISAC_V1,40 à 60,1,3.0,regionD,0,1,Non renseigné,0,Non renseigné,0,Aucun,Non renseigné,0.16545454545454547,0.0,0.0,0.0,0.030869565217391304
QVW0670,ISAC_V1,10 à 20,1,3.0,regionD,0,1,Non renseigné,0,Non renseigné,0,Aucun,Non renseigné,2.118181818181818,0.0,0.0,0.0,0.0
QVW0671,ISAC_V1,10 à 20,1,4.0,regionD,0,1,Non renseigné,0,Non renseigné,0,Aucun,Non renseigné,0.24363636363636365,0.0,0.07363636363636364,1.7193333333333334,3.5195652173913046
QVW0672,ISAC_V1,20 à 40,1,4.0,regionD,0,1,Non renseigné,0,Non renseigné,0,Aucun,Non renseigné,0.02727272727272727,0.0,0.32363636363636367,0.15666666666666668,2.88304347826087
QVW0673,ISAC_V1,20 à 40,0,4.0,regionD,0,1,Non renseigné,0,Non renseigné,0,Aucun,Non renseigné,0.0,0.0,0.0,0.0,1.4921739130434784
QVW0674,ISAC_V1,40 à 60,1,4.0,regionD,0,1,Non renseigné,0,Non renseigné,0,Aucun,Non renseigné,13.952727272727271,0.6357142857142857,1.4990909090909093,0.8426666666666666,3.994347826086957
QVW0675,ISAC_V1,0 à 10,1,3.0,regionD,0,1,Non renseigné,0,Non renseigné,0,Aucun,Non renseigné,22.354545454545455,0.4502857142857143,1.3754545454545455,0.0,2.592608695652174
QVW0676,ISAC_V1,10 à 20,0,4.0,regionD,0,1,Non renseigné,0,Non renseigné,0,Aucun,Non renseigné,4.124545454545455,0.19485714285714287,0.0,0.0,0.2647826086956522
QVW0677,ISAC_V1,20 à 40,1,4.0,regionD,0,1,Non renseigné,0,Non renseigné,0,Aucun,Non renseigné,0.0,0.0,1.7118181818181817,0.0,0.35000000000000003
QVW0678,ISAC_V1,10 à 20,1,4.0,regionD,0,1,Non renseigné,0,Non renseigné,0,Aucun,Non renseigné,0.0,0.0,0.5518181818181819,0.0,1.5578260869565217
QVW0679,ISAC_V1,10 à 20,0,4.0,regionD,0,1,Non renseigné,0,Non renseigné,0,Aucun,Non renseigné,18.005454545454544,0.31657142857142856,0.0,0.2846666666666666,0.0
QVW0680,ISAC_V1,10 à 20,1,4.0,regionD,0,1,Non renseigné,0,Non renseigné,0,Aucun,Non renseigné,3.64,0.03628571428571429,1.9436363636363636,1.9726666666666666,6.723478260869564
QVW0681,ISAC_V1,20 à 40,1,4.0,regionD,0,1,Non renseigné,0,Non renseigné,0,Aucun,Non renseigné,0.0,0.11542857142857144,0.920909090909091,0.0,1.0304347826086957
QVW0682,ISAC_V1,0 à 10,1,4.0,regionD,0,1,Non renseigné,0,Non renseigné,1,Aucun,Non renseigné,0.0,0.008857142857142857,0.0,0.0,0.0
QVW0683,ISAC_V1,20 à 40,0,4.0,regionA,0,1,Non renseigné,0,Non renseigné,0,Aucun,Non renseigné,0.0,0.02142857142857143,0.4145454545454545,0.0,0.0
QVW0684,ISAC_V1,0 à 10,0,5.0,regionD,0,0,Non renseigné,0,Non renseigné,0,Aucun,Non renseigné,0.0,0.0,0.0,0.0,0.0
QVW0685,ISAC_V1,20 à 40,0,5.0,regionD,0,1,Non renseigné,0,Non renseigné,0,Aucun,Non renseigné,2.6418181818181816,0.0,0.3918181818181818,0.0,0.17956521739130435
QVW0686,ISAC_V1,10 à 20,0,5.0,regionD,0,1,Non renseigné,0,Non renseigné,0,Aucun,Non renseigné,0.0,0.0,0.0,0.0,0.03
QVW0687,ISAC_V1,10 à 20,0,5.0,regionA,0,1,Non renseigné,0,Non renseigné,1,Aucun,Non renseigné,0.0,0.0,1.030909090909091,0.0,0.7452173913043478
QVW0688,ISAC_V1,20 à 40,0,5.0,regionA,0,1,Non renseigné,0,Non renseigné,1,Aucun,Non renseigné,2.2445454545454546,0.0,0.023636363636363636,0.11933333333333333,0.22652173913043477
QVW0689,ISAC_V1,20 à 40,0,5.0,regionA,0,1,Non renseigné,0,Non renseigné,0,Aucun,Non renseigné,0.0,0.016571428571428574,0.26272727272727275,0.15533333333333335,7.701739130434783
QVW0690,ISAC_V1,60 à Plus,1,5.0,regionA,0,1,Non renseigné,0,Non renseigné,0,Aucun,Non renseigné,0.0,0.1385714285714286,0.0,0.0,0.041739130434782605
QVW0691,ISAC_V1,20 à 40,0,5.0,regionA,0,1,Non renseigné,0,Non renseigné,1,Aucun,Non renseigné,0.1509090909090909,0.008285714285714285,0.0,0.0,3.37
QVW0692,ISAC_V1,40 à 60,0,5.0,regionA,0,1,Non renseigné,0,Non renseigné,1,Aucun,Non renseigné,16.36909090909091,0.010571428571428572,1.6136363636363635,0.0,0.20608695652173914
QVW0693,ISAC_V1,20 à 40,0,5.0,regionA,0,1,Non renseigné,0,Non renseigné,0,Aucun,Non renseigné,0.3109090909090909,0.0,0.0,0.0,0.0
QVW0694,ISAC_V1,10 à 20,1,5.0,regionA,0,1,Non renseigné,0,Non renseigné,1,Aucun,Non renseigné,0.0,0.10542857142857143,0.0,0.0,0.013043478260869565
QVW0695,ISAC_V1,20 à 40,1,5.0,regionA,0,1,Non renseigné,0,Non renseigné,1,Aucun,Non renseigné,6.835454545454545,1.5091428571428571,0.0,2.872666666666667,0.0
QVW0696,ISAC_V1,40 à 60,0,5.0,regionA,0,1,Non renseigné,0,Non renseigné,0,Aucun,Non renseigné,0.03727272727272727,0.1337142857142857,0.0,0.08066666666666666,2.327391304347826
QVW0697,ISAC_V1,20 à 40,1,5.0,regionA,0,1,Non renseigné,0,Non renseigné,1,Aucun,Non renseigné,0.0,0.0,0.0,0.0,1.7356521739130435
QVW0698,ISAC_V1,60 à Plus,0,5.0,regionA,0,1,Non renseigné,0,Non renseigné,1,Aucun,Non renseigné,0.0,0.05028571428571429,0.0,0.0,0.0
QVW0699,ISAC_V1,0 à 10,1,5.0,regionA,0,0,Non renseigné,0,0 - 2 ans,0,Aucun,Non renseigné,0.0,0.0,0.0,0.0,0.0
QVW0700,ISAC_V1,10 à 20,1,5.0,regionA,0,1,Non renseigné,0,Non renseigné,0,Effort/Activité sportive,Non renseigné,0.5345454545454547,0.0,0.2727272727272727,0.0,0.8121739130434783
QVW0701,ISAC_V1,60 à Plus,1,5.0,regionA,0,1,Non renseigné,0,Non renseigné,1,Aucun,Non renseigné,0.0,0.12485714285714286,0.0,0.0,0.15
QVW0702,ISAC_V1,20 à 40,0,5.0,regionA,0,1,Non renseigné,0,Non renseigné,1,Aucun,Non renseigné,0.0,0.7997142857142857,0.0,0.0,0.3773913043478261
QVW0703,ISAC_V1,40 à 60,0,5.0,regionA,0,0,Non renseigné,0,Non renseigné,1,Aucun,Non renseigné,0.0,0.0,0.0,0.0,0.0
QVW0704,ISAC_V1,40 à 60,0,5.0,regionA,0,0,Non renseigné,0,Non renseigné,1,Aucun,Non renseigné,0.0,0.0,0.0,0.0,0.0
QVW0705,ISAC_V1,40 à 60,1,5.0,regionA,0,1,Non renseigné,0,Non renseigné,1,Aucun,Non renseigné,0.0,0.022285714285714287,0.0,0.0,0.5460869565217391
QVW0706,ISAC_V1,10 à 20,0,4.0,regionD,0,1,Non renseigné,0,Non renseigné,0,Aucun,Non renseigné,6.303636363636364,1.3585714285714285,0.6336363636363637,0.20733333333333331,4.5426086956521745
QVW0707,ISAC_V1,0 à 10,1,4.0,regionD,0,1,Non renseigné,0,Non renseigné,0,Aucun,Non renseigné,0.0,1.7577142857142856,5.856363636363636,0.0,0.049130434782608694
QVW0708,ISAC_V1,20 à 40,0,4.0,regionD,0,1,Non renseigné,0,Non renseigné,0,Aucun,Non renseigné,0.0,0.030571428571428572,0.0,0.0,0.04652173913043479
QVW0709,ISAC_V1,60 à Plus,0,5.0,regionD,0,0,Non renseigné,0,Non renseigné,0,Aucun,Non renseigné,0.0,0.0,0.0,0.0,0.0
QVW0710,ISAC_V1,0 à 10,0,5.0,regionD,0,1,Non renseigné,0,Non renseigné,0,Aucun,Non renseigné,4.970909090909092,0.28971428571428576,1.6045454545454547,0.35866666666666663,10.348695652173914
QVW0711,ISAC_V1,0 à 10,0,5.0,regionD,0,0,Non renseigné,0,Non renseigné,0,Aucun,Non renseigné,0.0,0.0,0.0,0.0,0.0
QVW0712,ISAC_V1,10 à 20,0,5.0,regionD,0,1,Non renseigné,0,Non renseigné,0,Aucun,Non renseigné,0.0,0.04114285714285714,0.0,0.0,5.058260869565218
QVW0713,ISAC_V1,10 à 20,1,5.0,regionD,0,1,Non renseigné,0,Non renseigné,0,Animaux : cheval/rongeur,Non renseigné,25.849090909090908,0.12000000000000001,0.0,0.058,0.21391304347826087
QVW0714,ISAC_V1,10 à 20,1,5.0,regionD,0,1,Aucun,0,Non renseigné,0,Aucun,Non renseigné,2.6954545454545453,0.3514285714285714,5.760909090909091,0.12466666666666666,4.78608695652174
QVW0715,ISAC_V1,0 à 10,1,5.0,regionD,0,1,Non renseigné,0,Non renseigné,0,Aucun,Non renseigné,0.0,0.29742857142857143,0.0,0.0,0.07043478260869565
QVW0716,ISAC_V1,10 à 20,0,6.0,regionD,0,1,Non renseigné,0,Non renseigné,0,Aucun,Non renseigné,3.816363636363637,1.5085714285714285,1.3181818181818181,0.43200000000000005,9.914782608695651
QVW0717,ISAC_V1,60 à Plus,1,6.0,regionD,0,1,Non renseigné,0,Non renseigné,0,Aucun,Non renseigné,0.0,0.0,0.0,0.0,0.3695652173913043
QVW0718,ISAC_V1,60 à Plus,1,6.0,regionD,0,1,Non renseigné,0,Non renseigné,0,Aucun,Pas de traitement,0.2081818181818182,0.01657142857142857,0.0,0.0,0.0
QVW0719,ISAC_V1,0 à 10,1,6.0,regionD,0,1,Non renseigné,0,Non renseigné,0,Aucun,Non renseigné,18.884545454545453,0.0,0.0,0.0,0.1334782608695652
QVW0720,ISAC_V1,0 à 10,0,5.0,regionD,0,1,Non renseigné,0,Non renseigné,1,Aucun,Non renseigné,21.45090909090909,1.7237142857142858,0.6063636363636364,0.0,9.234782608695653
QVW0721,ISAC_V1,0 à 10,1,6.0,regionD,0,1,Non renseigné,1,Non renseigné,1,Aucun,Non renseigné,0.0,2.637142857142857,0.0,1.6553333333333333,1.7947826086956522
QVW0722,ISAC_V1,10 à 20,1,6.0,regionD,0,1,Non renseigné,0,Non renseigné,0,Aucun,Non renseigné,8.739090909090908,0.8065714285714286,0.9745454545454546,0.47333333333333333,3.938695652173913
QVW0723,ISAC_V1,0 à 10,0,6.0,regionD,0,1,Non renseigné,0,Non renseigné,0,Aucun,Non renseigné,0.0,0.3791428571428571,0.18636363636363634,0.0,2.552173913043478
QVW0724,ISAC_V1,10 à 20,1,6.0,regionD,0,1,Non renseigné,0,Non renseigné,0,Aucun,Non renseigné,0.2127272727272727,0.9265714285714286,2.3245454545454547,0.0,8.079999999999998
QVW0725,ISAC_V1,20 à 40,1,6.0,regionD,0,1,Anti-H1 voie générale,0,Non renseigné,1,Aucun,Non renseigné,0.0,0.04371428571428571,0.17636363636363636,0.3093333333333333,1.4791304347826089
QVW0726,ISAC_V1,10 à 20,1,6.0,regionD,0,1,Non renseigné,1,0 - 2 ans,1,Aucun,Non renseigné,0.0,1.4602857142857142,0.35454545454545455,1.1320000000000001,0.2391304347826087
QVW0727,ISAC_V1,0 à 10,1,6.0,regionD,0,1,Non renseigné,0,Non renseigné,0,Aucun,Non renseigné,0.0,0.18257142857142855,0.0,2.042666666666667,0.2921739130434783
QVW0728,ISAC_V1,0 à 10,0,6.0,regionD,0,1,Non renseigné,0,Non renseigné,0,Aucun,Non renseigné,2.0063636363636363,0.9491428571428571,0.0,0.0,3.4534782608695656
QVW0729,ISAC_V1,0 à 10,1,6.0,regionD,0,1,Non renseigné,0,Non renseigné,0,Aucun,Non renseigné,0.0,0.43714285714285717,1.0372727272727273,0.6300000000000001,0.17
QVW0730,ISAC_V1,10 à 20,1,7.0,regionD,0,1,Non renseigné,0,2 - 3 ans,0,Aucun,Non renseigné,0.13272727272727272,0.0,0.36000000000000004,0.0,1.3995652173913042
QVW0731,ISAC_V1,0 à 10,0,7.0,regionD,0,1,Non renseigné,1,3 - 10 ans,0,Moisissures,Non renseigné,0.0,3.349142857142857,0.0,0.0,0.0
QVW0732,ISAC_V1,10 à 20,1,7.0,regionD,0,1,Non renseigné,0,Non renseigné,0,Aucun,Non renseigné,1.5527272727272725,7.148571428571429,0.0,0.5566666666666666,19.325652173913042
QVW0733,ISAC_V1,60 à Plus,1,6.0,regionA,0,0,Non renseigné,1,Non renseigné,1,Aucun,Non renseigné,0.0,0.0,0.0,0.0,0.0
QVW0734,ISAC_V1,10 à 20,0,6.0,regionD,0,1,Non renseigné,0,Non renseigné,0,Aucun,Non renseigné,1.1345454545454545,12.311714285714286,16.954545454545453,0.5206666666666667,22.97391304347826
QVW0735,ISAC_V1,10 à 20,1,7.0,regionA,0,1,Non renseigné,0,Non renseigné,0,Effort/Activité sportive,Non renseigné,0.0,0.0,0.1881818181818182,0.0,4.544782608695653
QVW0736,ISAC_V1,0 à 10,1,7.0,regionD,0,1,Non renseigné,0,Non renseigné,1,Aucun,Non renseigné,0.0,0.040285714285714286,0.18545454545454546,3.1353333333333335,0.06043478260869565
QVW0737,ISAC_V1,10 à 20,0,7.0,regionD,0,1,Non renseigné,0,10 - 20 ans,1,Aucun,Non renseigné,0.2672727272727273,0.0,0.0,0.0,0.0
QVW0738,ISAC_V1,10 à 20,1,7.0,regionD,0,1,Non renseigné,0,Non renseigné,0,Aucun,Non renseigné,0.0,0.0,0.0,0.0,0.21565217391304348
QVW0739,ISAC_V1,20 à 40,1,7.0,regionD,0,1,Non renseigné,0,Non renseigné,1,Effort/Activité sportive,Non renseigné,0.0,0.0,0.03636363636363637,0.0,0.8452173913043479
QVW0740,ISAC_V1,0 à 10,1,7.0,regionD,0,1,Non renseigné,0,Non renseigné,0,Aucun,Non renseigné,1.19,0.0,1.5299999999999998,0.052000000000000005,7.01
QVW0741,ISAC_V1,10 à 20,1,6.0,regionD,0,1,Non renseigné,1,Non renseigné,0,Aucun,Non renseigné,40.62181818181818,2.690571428571429,5.62,0.29266666666666663,20.69913043478261
QVW0742,ISAC_V1,40 à 60,0,6.0,regionD,0,1,Non renseigné,0,Non renseigné,1,Aucun,Non renseigné,0.1281818181818182,0.0,0.0,0.0,0.2643478260869565
QVW0743,ISAC_V1,40 à 60,0,7.0,regionD,0,1,Non renseigné,0,Non renseigné,0,Aucun,Non renseigné,0.0,0.0,0.22363636363636363,0.0,2.2247826086956524
QVW0744,ISAC_V1,20 à 40,0,8.0,regionD,0,1,Non renseigné,0,Non renseigné,0,Aucun,Non renseigné,0.0,0.8117142857142857,0.0,0.0,0.7626086956521739
QVW0745,ISAC_V1,10 à 20,1,8.0,regionD,0,1,Non renseigné,0,Non renseigné,0,Aucun,Non renseigné,0.0,0.0,0.0,0.0,0.3130434782608696
QVW0746,ISAC_V1,10 à 20,0,8.0,regionD,0,1,Non renseigné,0,Non renseigné,0,Aucun,Non renseigné,0.0,1.054857142857143,2.640909090909091,0.3973333333333333,11.61304347826087
QVW0747,ISAC_V1,10 à 20,1,8.0,regionD,0,1,Non renseigné,0,Non renseigné,0,Aucun,Non renseigné,1.0145454545454546,0.033428571428571426,0.0,0.0,4.8734782608695655
QVW0748,ISAC_V1,10 à 20,1,8.0,regionD,0,1,Non renseigné,0,Non renseigné,0,Aucun,Non renseigné,0.0,0.35057142857142853,0.25727272727272726,0.07666666666666666,6.452608695652174
QVW0749,ISAC_V1,10 à 20,1,8.0,regionD,0,1,Non renseigné,0,Non renseigné,0,Aucun,Non renseigné,0.0,1.2965714285714287,0.0,0.21666666666666667,11.319130434782608
QVW0750,ISAC_V1,0 à 10,0,8.0,regionD,0,1,Non renseigné,0,Non renseigné,1,Aucun,Non renseigné,11.469090909090909,0.17428571428571427,0.7527272727272727,0.17466666666666666,0.20086956521739127
QVW0751,ISAC_V1,0 à 10,1,8.0,regionD,0,1,Non renseigné,0,Non renseigné,0,Aucun,Non renseigné,0.0,2.3005714285714283,0.6418181818181817,0.14333333333333334,10.207391304347825
QVW0752,ISAC_V1,40 à 60,0,8.0,regionD,0,1,Non renseigné,0,Non renseigné,1,Aucun,Non renseigné,2.24,0.0,0.049090909090909095,0.0,0.6126086956521739
QVW0753,ISAC_V1,0 à 10,0,8.0,regionD,0,1,Non renseigné,0,Non renseigné,0,Aucun,Non renseigné,0.14454545454545453,0.12028571428571429,0.47363636363636363,0.7626666666666666,1.3056521739130433
QVW0754,ISAC_V1,0 à 10,1,9.0,regionD,0,1,Non renseigné,0,Non renseigné,0,Aucun,Non renseigné,0.0,0.8831428571428571,0.29090909090909095,0.0,0.7782608695652173
QVW0755,ISAC_V1,40 à 60,0,9.0,regionD,0,1,Non renseigné,0,Non renseigné,0,Aucun,Non renseigné,1.0927272727272728,0.0,0.0,0.0,1.3821739130434783
QVW0756,ISAC_V1,20 à 40,1,9.0,regionD,0,1,Non renseigné,0,Non renseigné,1,Effort/Activité sportive,Non renseigné,0.0,0.0,0.0,0.0,5.677391304347825
QVW0757,ISAC_V1,60 à Plus,0,9.0,regionD,0,1,Non renseigné,0,Non renseigné,1,Aucun,Non renseigné,0.13,0.012285714285714285,0.07818181818181819,0.0,0.4543478260869565
QVW0758,ISAC_V1,0 à 10,1,9.0,regionD,0,0,Non renseigné,0,Non renseigné,0,Aucun,Non renseigné,0.0,0.0,0.0,0.0,0.0
QVW0759,ISAC_V1,0 à 10,0,9.0,regionD,0,0,Non renseigné,0,0 - 2 ans,0,Aucun,Non renseigné,0.0,0.0,0.0,0.0,0.0
QVW0760,ISAC_V1,0 à 10,1,9.0,regionD,0,1,Non renseigné,0,0 - 2 ans,0,Aucun,Non renseigné,0.0,0.032285714285714286,0.0,0.0,0.0
QVW0761,ISAC_V1,60 à Plus,0,9.0,regionD,0,0,Non renseigné,0,Non renseigné,0,Aucun,Non renseigné,0.0,0.0,0.0,0.0,0.0
QVW0762,ISAC_V1,20 à 40,1,9.0,regionD,0,1,Non renseigné,0,Non renseigné,0,Aucun,Non renseigné,11.542727272727273,0.3371428571428572,7.833636363636364,2.591333333333333,3.8334782608695654
QVW0763,ISAC_V1,0 à 10,1,9.0,regionD,0,1,Non renseigné,0,Non renseigné,0,Aucun,Non renseigné,9.63090909090909,0.8474285714285714,1.4390909090909092,2.9066666666666667,3.992608695652174
QVW0764,ISAC_V1,0 à 10,1,9.0,regionD,0,1,Non renseigné,0,Non renseigné,0,Aucun,Non renseigné,0.8963636363636364,0.046,0.0,0.0,0.0
QVW0765,ISAC_V1,20 à 40,0,9.0,regionD,0,1,Non renseigné,0,Non renseigné,0,Aucun,Non renseigné,0.0,1.3471428571428572,1.5572727272727271,0.0,15.844782608695652
QVW0766,ISAC_V1,0 à 10,1,9.0,regionD,0,1,Non renseigné,0,Non renseigné,0,Aucun,Non renseigné,0.0,1.3948571428571428,0.27636363636363637,0.0,5.966086956521739
QVW0767,ISAC_V1,0 à 10,0,9.0,regionD,0,1,Non renseigné,0,Non renseigné,0,Aucun,Non renseigné,1.1172727272727272,0.07142857142857142,0.0,0.08333333333333333,0.14391304347826087
QVW0768,ISAC_V1,40 à 60,0,9.0,regionD,0,1,Non renseigné,0,Non renseigné,0,Aucun,Non renseigné,0.7009090909090909,0.0,0.18636363636363634,0.03666666666666667,2.787391304347826
QVW0769,ISAC_V1,0 à 10,0,10.0,regionD,0,1,Non renseigné,0,Non renseigné,0,Aucun,Non renseigné,21.279090909090908,1.7531428571428571,0.0,0.0,0.3834782608695652
QVW0770,ISAC_V1,0 à 10,1,10.0,regionD,0,1,Non renseigné,0,Non renseigné,1,Aucun,Non renseigné,0.67,0.6114285714285714,0.0,0.458,0.0
QVW0771,ISAC_V1,20 à 40,0,10.0,regionD,0,1,Non renseigné,0,Non renseigné,0,Aucun,Non renseigné,0.0,0.0,4.051818181818182,0.0,0.08260869565217392
QVW0772,ISAC_V1,10 à 20,1,10.0,regionD,0,1,Non renseigné,0,Non renseigné,0,Aucun,Non renseigné,54.70545454545454,1.1562857142857144,2.2718181818181815,6.3966666666666665,15.274347826086956
QVW0773,ISAC_V1,10 à 20,1,10.0,regionD,0,1,Non renseigné,0,Non renseigné,0,Aucun,Non renseigné,15.660909090909088,2.5325714285714285,0.9827272727272728,1.5546666666666666,1.8930434782608692
QVW0774,ISAC_V1,40 à 60,0,10.0,regionD,0,1,Non renseigné,0,Non renseigné,0,Aucun,Non renseigné,0.7781818181818181,0.07285714285714286,0.08090909090909092,0.05333333333333334,0.07478260869565218
QVW0775,ISAC_V1,0 à 10,1,10.0,regionD,0,1,Non renseigné,0,Non renseigné,0,Aucun,Non renseigné,21.537272727272725,0.3668571428571428,0.0,0.4326666666666667,2.7569565217391303
QVW0776,ISAC_V1,10 à 20,1,10.0,regionD,0,1,Non renseigné,0,Non renseigné,0,Aucun,Non renseigné,0.23272727272727273,1.6377142857142857,0.06727272727272728,0.0,0.23521739130434782
QVW0777,ISAC_V1,10 à 20,0,10.0,regionD,0,1,Non renseigné,1,3 - 10 ans,0,Aucun,Non renseigné,0.9209090909090908,0.08542857142857144,0.05,0.08600000000000001,2.264782608695652
QVW0778,ISAC_V1,10 à 20,0,10.0,regionD,0,1,Non renseigné,0,Non renseigné,0,Effort/Activité sportive,Non renseigné,0.0,0.10514285714285715,0.0,0.0,8.73913043478261
QVW0779,ISAC_V1,40 à 60,0,10.0,regionD,0,1,Non renseigné,0,Non renseigné,0,Aucun,Non renseigné,8.370000000000001,0.0,0.0,0.0,1.307391304347826
QVW0780,ISAC_V1,10 à 20,0,10.0,regionD,0,1,Non renseigné,0,Non renseigné,0,Aucun,Non renseigné,0.0,0.2734285714285714,1.1172727272727272,0.9526666666666667,9.790434782608695
QVW0781,ISAC_V1,0 à 10,1,10.0,regionD,0,1,Non renseigné,0,Non renseigné,1,Aucun,Non renseigné,0.08,0.5857142857142857,0.0,0.0,0.042608695652173914
QVW0782,ISAC_V1,20 à 40,1,10.0,regionD,0,1,Non renseigné,0,Non renseigné,0,Aucun,Non renseigné,10.926363636363636,0.23885714285714285,5.897272727272727,0.0,0.42913043478260865
QVW0783,ISAC_V1,0 à 10,1,10.0,regionD,0,1,Non renseigné,0,Non renseigné,0,Aucun,Non renseigné,0.0,0.08142857142857143,0.7345454545454545,0.0,1.0282608695652173
QVW0784,ISAC_V1,10 à 20,1,10.0,regionD,0,1,Non renseigné,0,Non renseigné,0,Aucun,Non renseigné,16.13818181818182,0.6422857142857143,2.0527272727272727,0.4313333333333333,4.599565217391304
QVW0785,ISAC_V1,10 à 20,0,10.0,regionD,0,1,Non renseigné,0,Non renseigné,0,Animaux : cheval/rongeur,Non renseigné,0.0,0.2394285714285714,0.0,0.026000000000000002,10.65
QVW0786,ISAC_V1,0 à 10,1,10.0,regionD,0,1,Non renseigné,0,Non renseigné,0,Aucun,Non renseigné,8.240909090909092,0.0,0.0,0.0,1.2921739130434782
QVW0787,ISAC_V1,0 à 10,1,10.0,regionD,0,1,Non renseigné,0,Non renseigné,0,Aucun,Non renseigné,1.069090909090909,0.37371428571428567,8.530909090909091,1.6960000000000002,5.3847826086956525
QVW0788,ISAC_V1,10 à 20,1,10.0,regionD,0,1,Non renseigné,0,Non renseigné,0,Aucun,Non renseigné,14.828181818181816,2.2874285714285714,0.0,0.0,1.5895652173913044
QVW0789,ISAC_V1,10 à 20,0,10.0,regionD,0,1,Aucun,0,10 - 20 ans,0,Aucun,Non renseigné,14.319090909090908,1.424857142857143,0.0,1.0799999999999998,12.830434782608696
QVW0790,ISAC_V1,10 à 20,1,10.0,regionD,0,1,Non renseigné,0,Non renseigné,0,Aucun,Non renseigné,67.66090909090909,6.670285714285714,15.514545454545454,12.107333333333333,10.904347826086957
QVW0791,ISAC_V1,40 à 60,0,11.0,regionD,0,1,Non renseigné,0,Non renseigné,0,Aucun,Non renseigné,0.0,0.4377142857142857,0.52,0.04133333333333333,8.514782608695652
QVW0792,ISAC_V1,0 à 10,1,11.0,regionD,0,1,Non renseigné,0,Non renseigné,0,Aucun,Non renseigné,0.0,5.152571428571429,1.5336363636363637,0.0,3.879565217391304
QVW0793,ISAC_V1,20 à 40,0,11.0,regionD,0,1,Non renseigné,0,Non renseigné,1,Aucun,Non renseigné,0.0,0.0,0.33545454545454545,1.312,1.7256521739130435
QVW0794,ISAC_V1,10 à 20,1,11.0,regionD,0,1,Non renseigné,0,Non renseigné,0,Animaux : chat/chien,Non renseigné,0.09727272727272727,5.285142857142857,3.810909090909091,0.0,20.29
QVW0795,ISAC_V1,20 à 40,0,11.0,regionD,0,1,Non renseigné,0,Non renseigné,0,Aucun,Non renseigné,2.5827272727272725,0.06114285714285713,0.10727272727272727,0.0,1.8495652173913044
QVW0796,ISAC_V1,10 à 20,0,11.0,regionD,0,1,Non renseigné,0,Non renseigné,0,Aucun,Non renseigné,0.0,0.023428571428571427,0.09636363636363637,0.7266666666666667,0.0
QVW0797,ISAC_V1,20 à 40,0,11.0,regionD,0,1,Non renseigné,0,10 - 20 ans,0,Aucun,Non renseigné,2.0690909090909093,0.05742857142857142,0.034545454545454546,0.0,0.6321739130434783
QVW0798,ISAC_V1,10 à 20,1,10.0,regionD,0,1,Non renseigné,0,10 - 20 ans,0,Aucun,Non renseigné,4.328181818181818,0.6277142857142857,1.6,0.222,5.721304347826087
QVW0799,ISAC_V1,0 à 10,1,11.0,regionD,0,1,Non renseigné,0,Non renseigné,0,Aucun,Non renseigné,0.0,0.05057142857142857,0.9254545454545454,0.0,0.8899999999999999
QVW0800,ISAC_V1,60 à Plus,1,11.0,regionD,0,1,Non renseigné,0,Non renseigné,0,Aucun,Non renseigné,0.3972727272727272,0.0,0.0,0.49933333333333335,0.1956521739130435
QVW0801,ISAC_V1,20 à 40,0,11.0,regionD,0,1,Non renseigné,0,Non renseigné,0,Aucun,Non renseigné,0.0,2.332857142857143,0.43727272727272726,1.1246666666666667,0.6900000000000001
QVW0802,ISAC_V1,0 à 10,0,11.0,regionD,0,1,Non renseigné,0,Non renseigné,0,Aucun,Non renseigné,0.0,0.0,0.08181818181818182,0.0,0.32565217391304346
QVW0803,ISAC_V1,10 à 20,0,11.0,regionD,0,1,Non renseigné,0,Non renseigné,0,Aucun,Non renseigné,40.70909090909091,0.056285714285714286,0.0,0.0,0.1017391304347826
QVW0804,ISAC_V1,10 à 20,0,11.0,regionD,0,1,Non renseigné,0,Non renseigné,0,Aucun,Non renseigné,1.4236363636363636,0.0,0.0,0.164,0.0
QVW0805,ISAC_V1,0 à 10,0,11.0,regionD,0,1,Non renseigné,0,Non renseigné,0,Aucun,Non renseigné,0.0,0.606,0.0,0.0,0.0
QVW0806,ISAC_V1,40 à 60,0,11.0,regionD,0,1,Non renseigné,0,Non renseigné,0,Aucun,Non renseigné,0.17181818181818184,0.2402857142857143,0.0,0.0,4.4626086956521736
QVW0807,ISAC_V1,20 à 40,0,11.0,regionD,0,1,Non renseigné,0,Non renseigné,0,Effort/Activité sportive,Non renseigné,0.0,0.4751428571428571,0.10545454545454545,0.0,0.5534782608695652
QVW0808,ISAC_V1,10 à 20,0,11.0,regionD,0,1,Non renseigné,0,Non renseigné,0,Aucun,Non renseigné,0.0,0.19628571428571429,0.8081818181818182,13.870666666666667,30.72869565217391
QVW0809,ISAC_V1,10 à 20,1,11.0,regionD,0,0,Non renseigné,0,Non renseigné,0,Aucun,Non renseigné,0.0,0.0,0.0,0.0,0.0
QVW0810,ISAC_V1,0 à 10,1,11.0,regionD,0,1,Non renseigné,0,Non renseigné,0,Aucun,Non renseigné,0.0,0.07657142857142858,0.0,0.0,0.31956521739130433
QVW0811,ISAC_V1,0 à 10,0,12.0,regionD,0,1,Non renseigné,0,Non renseigné,1,Aucun,Non renseigné,0.0,0.053714285714285714,0.0,0.0,0.0
QVW0812,ISAC_V1,10 à 20,1,12.0,regionD,0,1,Non renseigné,0,Non renseigné,1,Aucun,Non renseigné,8.898181818181818,0.0,0.0,0.0,1.2995652173913042
QVW0813,ISAC_V1,20 à 40,1,8.0,regionD,1,1,Non renseigné,0,20 ans et plus,1,Effort/Activité sportive,Non renseigné,1.1181818181818182,0.0,0.0,0.0,2.6691304347826086
QVW0814,ISAC_V1,0 à 10,1,12.0,regionD,0,1,Non renseigné,0,Non renseigné,1,Aucun,Non renseigné,2.2418181818181817,0.8077142857142857,0.1709090909090909,0.3433333333333334,3.433913043478261
QVW0815,ISAC_V1,0 à 10,1,12.0,regionD,0,1,Non renseigné,0,Non renseigné,0,Aucun,Non renseigné,0.5872727272727273,0.45628571428571424,0.21909090909090911,0.13533333333333333,17.26086956521739
QVW0816,ISAC_V1,10 à 20,1,12.0,regionD,0,1,Non renseigné,0,Non renseigné,0,Aucun,Non renseigné,17.036363636363635,0.10771428571428572,0.859090909090909,0.06533333333333333,5.1295652173913036
QVW0817,ISAC_V1,20 à 40,0,12.0,regionD,0,1,Non renseigné,1,Non renseigné,0,Aucun,Non renseigné,18.967272727272725,0.37685714285714284,2.6436363636363636,1.3386666666666664,3.1621739130434783
QVW0818,ISAC_V1,20 à 40,1,12.0,regionD,0,1,Non renseigné,0,20 ans et plus,0,Aucun,Non renseigné,0.11363636363636363,0.0,0.0,0.196,0.23304347826086957
QVW0819,ISAC_V1,0 à 10,0,12.0,regionD,0,1,Non renseigné,0,Non renseigné,1,Aucun,Non renseigné,0.0,0.06285714285714286,0.11545454545454546,0.0,0.31434782608695655
QVW0820,ISAC_V1,10 à 20,1,1.0,regionD,0,1,Non renseigné,0,Non renseigné,0,Aucun,Non renseigné,11.518181818181818,0.06542857142857143,0.057272727272727274,0.0,0.5395652173913044
QVW0821,ISAC_V1,10 à 20,1,1.0,regionD,0,1,Non renseigné,1,Non renseigné,0,Animaux : chat/chien,Non renseigné,2.9490909090909088,0.2282857142857143,0.5663636363636364,0.274,2.2886956521739132
QVW0822,ISAC_V1,0 à 10,1,1.0,regionD,0,1,Non renseigné,0,Non renseigné,0,Aucun,Autres,3.309090909090909,0.52,0.0,4.789333333333333,1.5278260869565217
QVW0823,ISAC_V1,10 à 20,1,1.0,regionD,0,1,Non renseigné,0,Non renseigné,0,Aucun,Non renseigné,22.434545454545454,4.724,0.32181818181818184,1.5593333333333335,0.13608695652173913
QVW0824,ISAC_V1,10 à 20,1,1.0,regionD,0,1,Non renseigné,0,Non renseigné,0,Aucun,Non renseigné,7.020909090909091,1.0545714285714287,0.0,1.2613333333333334,1.89
QVW0825,ISAC_V1,10 à 20,1,1.0,regionD,0,1,Non renseigné,0,Non renseigné,1,Aucun,Non renseigné,0.030000000000000002,0.01942857142857143,0.08272727272727273,0.0,0.0
QVW0826,ISAC_V1,10 à 20,0,1.0,regionD,0,1,Non renseigné,0,Non renseigné,0,Aucun,Non renseigné,0.0,0.5871428571428572,0.0,0.0,0.0
QVW0827,ISAC_V1,10 à 20,0,1.0,regionD,0,1,Non renseigné,0,Non renseigné,1,Aucun,Non renseigné,7.591818181818181,0.0,0.11454545454545455,0.0,0.03956521739130435
QVW0828,ISAC_V1,20 à 40,0,1.0,regionD,0,0,Non renseigné,0,Non renseigné,1,Effort/Activité sportive,Non renseigné,0.0,0.0,0.0,0.0,0.0
QVW0829,ISAC_V1,60 à Plus,0,2.0,regionD,0,1,Non renseigné,0,Non renseigné,0,Aucun,Non renseigné,0.0,0.0,0.0,0.0,0.44130434782608696
QVW0830,ISAC_V1,40 à 60,0,2.0,regionD,0,1,Non renseigné,0,Non renseigné,0,Aucun,Non renseigné,0.0,0.012,0.0,0.07933333333333333,0.0
QVW0831,ISAC_V1,0 à 10,0,2.0,regionD,0,1,Non renseigné,0,3 - 10 ans,0,Animaux : chat/chien,Non renseigné,0.0,0.13,0.0,1.8713333333333333,0.09782608695652174
QVW0832,ISAC_V1,20 à 40,0,2.0,regionD,0,0,Non renseigné,0,20 ans et plus,0,Aucun,Non renseigné,0.0,0.0,0.0,0.0,0.0
QVW0833,ISAC_V1,0 à 10,1,2.0,regionD,0,0,Anti-H1 voie générale,0,Non renseigné,0,Aucun,Non renseigné,0.0,0.0,0.0,0.0,0.0
QVW0834,ISAC_V1,0 à 10,0,2.0,regionD,0,0,Non renseigné,0,Non renseigné,0,Aucun,Non renseigné,0.0,0.0,0.0,0.0,0.0
QVW0835,ISAC_V1,0 à 10,1,2.0,regionD,0,1,Non renseigné,0,Non renseigné,0,Aucun,Non renseigné,0.049090909090909095,4.480857142857142,0.0,0.0,0.1782608695652174
QVW0836,ISAC_V1,0 à 10,1,2.0,regionD,0,1,Non renseigné,0,Non renseigné,0,Aucun,Non renseigné,0.0,0.12142857142857143,0.3427272727272727,0.0,0.1773913043478261
QVW0837,ISAC_V1,20 à 40,0,2.0,regionD,0,1,Non renseigné,0,Non renseigné,1,Aucun,Non renseigné,0.0,0.0,0.48000000000000004,0.08533333333333333,1.1530434782608694
QVW0838,ISAC_V1,20 à 40,1,2.0,regionD,0,1,Non renseigné,0,Non renseigné,1,Aucun,Non renseigné,0.6818181818181818,0.06971428571428571,3.269090909090909,2.2693333333333334,2.296521739130435
QVW0839,ISAC_V1,20 à 40,1,2.0,regionD,0,1,Non renseigné,0,Non renseigné,0,Aucun,Non renseigné,6.669090909090909,0.23057142857142857,0.5690909090909092,0.030000000000000002,0.7195652173913044
QVW0840,ISAC_V1,40 à 60,0,2.0,regionD,0,1,Non renseigné,0,Non renseigné,0,Aucun,Non renseigné,0.6627272727272727,0.0,0.0,0.32733333333333337,0.31173913043478263
QVW0841,ISAC_V1,10 à 20,1,2.0,regionD,0,1,Non renseigné,0,Non renseigné,0,Aucun,Non renseigné,7.096363636363637,0.0,0.0,0.0,0.16217391304347828
QVW0842,ISAC_V1,10 à 20,1,3.0,regionD,0,1,Non renseigné,0,Non renseigné,0,Animaux : chat/chien,Non renseigné,0.15818181818181817,0.0,0.0,0.0,0.2834782608695652
QVW0843,ISAC_V1,20 à 40,0,2.0,regionD,0,1,Non renseigné,0,Non renseigné,0,Aucun,Non renseigné,4.88909090909091,0.0,0.10454545454545454,0.0,1.04
QVW0844,ISAC_V1,10 à 20,1,2.0,regionD,0,1,Non renseigné,0,Non renseigné,0,Aucun,Non renseigné,1.6936363636363638,0.28828571428571426,0.3118181818181818,0.876,2.175217391304348
QVW0845,ISAC_V1,10 à 20,1,3.0,regionD,0,1,Non renseigné,0,Non renseigné,0,Aucun,Non renseigné,0.5663636363636364,0.0,0.18727272727272729,0.0,2.3469565217391306
QVW0846,ISAC_V1,0 à 10,1,2.0,regionD,0,1,Non renseigné,0,3 - 10 ans,0,Aucun,Non renseigné,1.5818181818181818,0.02342857142857143,0.0,0.0,0.01652173913043478
QVW0847,ISAC_V1,10 à 20,0,3.0,regionD,0,1,Non renseigné,0,Non renseigné,0,Aucun,Non renseigné,0.0,0.05914285714285715,0.7036363636363636,4.358666666666666,7.9308695652173915
QVW0848,ISAC_V1,10 à 20,1,3.0,regionD,0,1,Non renseigné,0,3 - 10 ans,0,Aucun,Non renseigné,4.371818181818182,2.1211428571428574,0.6836363636363636,0.0,0.5617391304347826
QVW0849,ISAC_V1,20 à 40,1,3.0,regionD,0,1,Non renseigné,0,Non renseigné,1,Effort/Activité sportive,Non renseigné,1.0536363636363637,0.0,0.0,0.0,4.042173913043478
QVW0850,ISAC_V1,20 à 40,0,3.0,regionD,0,1,Non renseigné,1,Non renseigné,1,Aucun,Non renseigné,2.2963636363636364,0.01657142857142857,0.0,0.0,2.2904347826086955
QVW0851,ISAC_V1,10 à 20,1,3.0,regionA,0,1,Non renseigné,0,Non renseigné,0,Aucun,Non renseigné,0.0,12.120571428571429,2.76,0.0,8.96782608695652
QVW0852,ISAC_V1,10 à 20,1,3.0,regionD,0,1,Non renseigné,0,Non renseigné,0,Aucun,Non renseigné,0.0,0.0,6.571818181818182,0.0,2.7882608695652173
QVW0853,ISAC_V1,0 à 10,1,3.0,regionD,0,1,Non renseigné,0,Non renseigné,0,Aucun,Non renseigné,0.0,0.0,1.2236363636363636,0.0,0.0
QVW0854,ISAC_V1,0 à 10,0,3.0,regionD,0,1,Non renseigné,0,0 - 2 ans,0,Aucun,Non renseigné,0.8427272727272727,0.27914285714285714,0.7136363636363636,0.0,1.011304347826087
QVW0855,ISAC_V1,10 à 20,0,3.0,regionD,0,0,Non renseigné,0,Non renseigné,0,Aucun,Non renseigné,0.0,0.0,0.0,0.0,0.0
QVW0856,ISAC_V1,0 à 10,1,3.0,regionD,0,0,Non renseigné,0,Non renseigné,0,Aucun,Non renseigné,0.0,0.0,0.0,0.0,0.0
QVW0857,ISAC_V1,0 à 10,1,3.0,regionD,0,1,Non renseigné,0,0 - 2 ans,0,Aucun,Non renseigné,0.0,2.026,1.319090909090909,0.0,0.5121739130434783
QVW0858,ISAC_V1,10 à 20,1,3.0,regionD,0,1,Non renseigné,0,Non renseigné,0,Aucun,Non renseigné,11.812727272727273,0.15885714285714286,0.5572727272727273,0.23933333333333331,4.147826086956522
QVW0859,ISAC_V1,20 à 40,0,3.0,regionD,0,0,Non renseigné,0,Non renseigné,0,Aucun,Non renseigné,0.0,0.0,0.0,0.0,0.0
QVW0860,ISAC_V1,0 à 10,0,3.0,regionD,0,1,Non renseigné,0,3 - 10 ans,1,Aucun,Non renseigné,9.726363636363637,0.7631428571428571,0.04090909090909091,0.0,5.69086956521739
QVW0861,ISAC_V1,0 à 10,1,3.0,regionD,0,1,Non renseigné,0,0 - 2 ans,0,Aucun,Non renseigné,0.0,1.591142857142857,4.907272727272727,1.6893333333333334,3.606086956521739
QVW0862,ISAC_V1,20 à 40,0,3.0,regionD,0,1,Non renseigné,0,Non renseigné,0,Aucun,Non renseigné,0.0,0.078,9.16,0.14733333333333334,7.639130434782608
QVW0863,ISAC_V1,20 à 40,0,3.0,regionD,0,1,Non renseigné,0,Non renseigné,0,Aucun,Non renseigné,0.0,0.0,0.0,0.0,0.060000000000000005
QVW0864,ISAC_V1,10 à 20,1,3.0,regionD,0,1,Non renseigné,0,Non renseigné,0,Aucun,Non renseigné,3.1427272727272726,8.096285714285715,0.0,1.046,15.407826086956522
QVW0865,ISAC_V1,40 à 60,0,3.0,regionD,0,1,Non renseigné,0,Non renseigné,0,Aucun,Non renseigné,2.174545454545455,0.09114285714285714,0.5990909090909091,0.0,1.9108695652173915
QVW0866,ISAC_V1,0 à 10,1,2.0,regionD,0,1,Non renseigné,0,3 - 10 ans,1,Aucun,Non renseigné,0.0,0.20314285714285713,0.0,0.0,0.1482608695652174
QVW0867,ISAC_V1,0 à 10,1,2.0,regionD,0,1,Non renseigné,0,Non renseigné,0,Aucun,Non renseigné,0.0,2.012,0.0,0.0,1.4591304347826088
QVW0868,ISAC_V1,10 à 20,1,2.0,regionD,0,1,Non renseigné,0,Non renseigné,0,Aucun,Non renseigné,0.0,0.0,0.0,0.0,0.3130434782608696
QVW0869,ISAC_V1,40 à 60,0,2.0,regionD,0,1,Non renseigné,0,Non renseigné,0,Aucun,Non renseigné,1.4063636363636365,0.0,0.02090909090909091,0.0,0.0
QVW0870,ISAC_V1,10 à 20,1,2.0,regionD,0,1,Non renseigné,0,Non renseigné,0,Aucun,Non renseigné,6.994545454545454,0.060000000000000005,0.4445454545454545,0.0,0.0
QVW0871,ISAC_V1,10 à 20,0,2.0,regionD,0,1,Anti-H1 voie générale,1,Non renseigné,1,Aucun,Non renseigné,1.3536363636363637,0.6357142857142857,0.0,1.9966666666666666,0.9756521739130435
QVW0872,ISAC_V1,40 à 60,1,2.0,regionD,0,1,Non renseigné,0,Non renseigné,0,Aucun,Non renseigné,0.0,0.0,0.0,0.0,0.09478260869565218
QVW0873,ISAC_V1,0 à 10,1,2.0,regionD,0,1,Non renseigné,0,0 - 2 ans,1,Aucun,Non renseigné,0.0,0.5274285714285715,0.05,0.0,10.69
QVW0874,ISAC_V1,0 à 10,0,2.0,regionD,0,1,Non renseigné,0,Non renseigné,0,Aucun,Non renseigné,1.9054545454545455,0.20628571428571427,0.7463636363636365,0.0,0.4808695652173913
QVW0875,ISAC_V1,40 à 60,1,2.0,regionD,0,1,Non renseigné,0,Non renseigné,1,Aucun,Non renseigné,0.0,0.0,0.0,0.018000000000000002,0.3691304347826087
QVW0876,ISAC_V1,0 à 10,0,4.0,regionD,0,1,Non renseigné,0,Non renseigné,0,Aucun,Non renseigné,0.0,0.126,0.7136363636363636,0.0,0.021304347826086957
QVW0877,ISAC_V1,40 à 60,1,4.0,regionD,0,1,Non renseigné,0,Non renseigné,0,Aucun,Non renseigné,4.61090909090909,0.04971428571428571,1.4345454545454546,0.0,0.8952173913043479
QVW0878,ISAC_V1,20 à 40,0,4.0,regionD,0,1,Aucun,1,Non renseigné,0,Aucun,Non renseigné,0.0,0.0,0.0,0.0,1.6700000000000002
QVW0879,ISAC_V1,20 à 40,0,4.0,regionD,0,0,Non renseigné,0,Non renseigné,0,Aucun,Non renseigné,0.0,0.0,0.0,0.0,0.0
QVW0880,ISAC_V1,20 à 40,0,4.0,regionD,0,0,Non renseigné,0,Non renseigné,0,Aucun,Non renseigné,0.0,0.0,0.0,0.0,0.0
QVW0881,ISAC_V1,10 à 20,0,4.0,regionD,0,1,Non renseigné,0,Non renseigné,0,Aucun,Non renseigné,0.03818181818181818,0.0,0.0,0.0,0.03130434782608695
QVW0882,ISAC_V1,0 à 10,1,4.0,regionD,0,1,Non renseigné,0,Non renseigné,0,Animaux : chat/chien,Pas de traitement,0.0,0.296,0.0,0.0,0.0
QVW0883,ISAC_V1,20 à 40,0,4.0,regionD,0,1,Non renseigné,0,Non renseigné,0,Aucun,Non renseigné,0.034545454545454546,0.0,0.0,0.0,0.0
QVW0884,ISAC_V1,10 à 20,0,4.0,regionD,0,1,Non renseigné,0,Non renseigné,0,Aucun,Non renseigné,0.0,0.006857142857142857,0.16818181818181818,2.3246666666666664,1.7169565217391303
QVW0885,ISAC_V1,10 à 20,1,5.0,regionA,0,1,Non renseigné,0,Non renseigné,0,Aucun,Non renseigné,0.4390909090909091,0.022000000000000002,0.0,3.107333333333334,0.9656521739130435
QVW0886,ISAC_V1,20 à 40,1,5.0,regionD,0,1,Non renseigné,0,Non renseigné,0,Aucun,Non renseigné,2.3345454545454545,0.0,0.0,0.0,0.9469565217391305
QVW0887,ISAC_V1,0 à 10,1,5.0,regionD,0,1,Non renseigné,0,Non renseigné,0,Aucun,Non renseigné,0.5654545454545455,0.868,0.0,0.4086666666666667,0.06347826086956522
QVW0888,ISAC_V1,10 à 20,1,5.0,regionA,0,1,Non renseigné,0,Non renseigné,0,Aucun,Non renseigné,0.0,1.0022857142857142,0.4854545454545454,1.4326666666666668,9.316521739130435
QVW0889,ISAC_V1,0 à 10,0,5.0,regionA,0,1,Non renseigné,0,Non renseigné,0,Aucun,Non renseigné,0.0,0.3317142857142857,0.13727272727272727,0.0,0.0
QVW0890,ISAC_V1,20 à 40,0,12.0,regionD,0,1,Non renseigné,1,Non renseigné,0,Aucun,Non renseigné,10.739090909090908,3.7557142857142853,6.96090909090909,0.004666666666666667,2.081304347826087
QVW0891,ISAC_V1,10 à 20,1,12.0,regionD,0,1,Non renseigné,0,Non renseigné,0,Aucun,Non renseigné,0.19636363636363638,1.7442857142857144,0.060000000000000005,6.850666666666667,5.034782608695653
QVW0892,ISAC_V1,20 à 40,0,12.0,regionD,0,1,Non renseigné,0,Non renseigné,1,Aucun,Non renseigné,5.5672727272727265,0.21371428571428572,0.1290909090909091,1.0153333333333334,0.13043478260869565
QVW0893,ISAC_V1,0 à 10,0,12.0,regionD,0,1,Non renseigné,0,Non renseigné,0,Aucun,Non renseigné,0.0,0.5962857142857143,0.0,0.0,0.004782608695652174
QVW0894,ISAC_V1,0 à 10,0,12.0,regionD,0,1,Non renseigné,0,Non renseigné,0,Aucun,Autres,44.03636363636363,1.6865714285714286,0.23363636363636361,0.0013333333333333333,18.928260869565218
QVW0895,ISAC_V1,20 à 40,0,12.0,regionD,0,1,Non renseigné,0,Non renseigné,0,Aucun,Non renseigné,0.0,0.07685714285714286,0.0,0.0006666666666666666,0.7365217391304348
QVW0896,ISAC_V1,20 à 40,0,12.0,regionD,0,1,Non renseigné,0,Non renseigné,0,Aucun,Non renseigné,0.0,0.0,0.0,0.0,0.8508695652173913
QVW0897,ISAC_V1,0 à 10,1,12.0,regionD,0,1,Non renseigné,0,3 - 10 ans,0,Aucun,Non renseigné,25.745454545454546,0.18657142857142855,0.5654545454545455,0.0,3.3143478260869568
QVW0898,ISAC_V1,0 à 10,0,12.0,regionD,0,1,Non renseigné,0,Non renseigné,0,Aucun,Non renseigné,1.4427272727272726,0.27542857142857147,0.0,0.0,0.0
QVW0899,ISAC_V1,10 à 20,1,12.0,regionD,0,1,Non renseigné,0,Non renseigné,0,Aucun,Non renseigné,8.502727272727272,0.178,0.9609090909090909,0.2353333333333333,1.3743478260869566
QVW0900,ISAC_V1,0 à 10,1,12.0,regionD,0,1,Non renseigné,0,Aucun,0,Aucun,Non renseigné,0.0,1.3888571428571428,0.0,6.214666666666667,12.732173913043477
QVW0901,ISAC_V1,0 à 10,1,12.0,regionD,0,1,Non renseigné,1,0 - 2 ans,0,Aucun,Non renseigné,0.0,0.5837142857142857,0.02727272727272728,0.41733333333333333,0.9539130434782609
QVW0902,ISAC_V1,10 à 20,1,12.0,regionD,0,1,Non renseigné,0,Non renseigné,0,Aucun,Non renseigné,0.0,0.15257142857142858,0.004545454545454546,2.1653333333333333,0.782608695652174
QVW0903,ISAC_V1,10 à 20,1,1.0,regionD,0,1,Non renseigné,0,Non renseigné,0,Aucun,Non renseigné,1.7463636363636361,0.03142857142857143,0.005454545454545454,0.0033333333333333335,16.08304347826087
QVW0904,ISAC_V1,10 à 20,1,1.0,regionD,0,1,Non renseigné,0,Non renseigné,0,Aucun,Non renseigné,16.822727272727274,2.5140000000000002,0.0036363636363636364,0.007333333333333333,6.758695652173913
QVW0905,ISAC_V1,20 à 40,1,1.0,regionD,0,1,Non renseigné,0,20 ans et plus,0,Autres,Non renseigné,0.0018181818181818182,0.001142857142857143,0.28090909090909094,0.048,30.938695652173916
QVW0906,ISAC_V1,20 à 40,1,1.0,regionD,0,1,Non renseigné,0,Non renseigné,0,Aucun,Non renseigné,0.0,0.05285714285714286,0.04363636363636363,0.4453333333333333,0.016956521739130436
QVW0907,ISAC_V1,10 à 20,1,1.0,regionD,0,1,Non renseigné,0,Non renseigné,0,Aucun,Non renseigné,1.481818181818182,0.15657142857142858,0.759090909090909,1.1686666666666665,0.6595652173913045
QVW0908,ISAC_V1,10 à 20,1,1.0,regionD,0,1,Non renseigné,0,Non renseigné,0,Aucun,Non renseigné,15.510000000000002,1.0445714285714285,0.002727272727272727,0.01,3.7721739130434786
QVW0909,ISAC_V1,40 à 60,1,1.0,regionD,0,1,Non renseigné,0,Non renseigné,0,Aucun,Non renseigné,35.07454545454545,0.9382857142857142,14.54181818181818,1.8666666666666667,15.37217391304348
QVW0910,ISAC_V1,0 à 10,0,1.0,regionD,0,1,Non renseigné,0,Non renseigné,1,Aucun,Non renseigné,0.0,0.044285714285714296,2.2063636363636365,0.0033333333333333335,0.23304347826086957
QVW0911,ISAC_V1,0 à 10,1,1.0,regionD,0,1,Non renseigné,0,Non renseigné,0,Aucun,Non renseigné,0.0009090909090909091,1.2262857142857144,14.177272727272726,0.004,0.0034782608695652175
QVW0912,ISAC_V1,0 à 10,1,1.0,regionD,0,1,Non renseigné,0,Non renseigné,0,Aucun,Non renseigné,0.0,0.1722857142857143,0.07636363636363636,0.0013333333333333333,0.0
QVW0913,ISAC_V1,10 à 20,0,1.0,regionD,0,1,Non renseigné,0,Non renseigné,0,Aucun,Non renseigné,0.0,0.026000000000000002,0.0,0.0,0.17260869565217393
QVW0914,ISAC_V1,0 à 10,0,1.0,regionD,0,1,Non renseigné,0,Non renseigné,0,Aucun,Non renseigné,0.19999999999999998,4.415714285714286,1.6390909090909092,0.0,0.007391304347826086
QVW0915,ISAC_V1,40 à 60,0,1.0,regionD,0,0,Non renseigné,0,Non renseigné,0,Aucun,Non renseigné,0.0,0.0014285714285714286,0.0,0.010666666666666666,0.0
QVW0916,ISAC_V1,0 à 10,1,12.0,regionD,0,1,Non renseigné,0,Non renseigné,0,Aucun,Non renseigné,0.26545454545454544,0.006,0.0,0.0,0.1917391304347826
QVW0917,ISAC_V1,10 à 20,1,11.0,regionD,0,1,Non renseigné,0,Non renseigné,0,Aucun,Non renseigné,0.002727272727272727,4.823142857142857,2.234545454545455,8.044666666666666,23.232608695652175
QVW0918,ISAC_V1,10 à 20,0,11.0,regionD,0,1,Non renseigné,0,Non renseigné,0,Aucun,Non renseigné,1.6927272727272724,0.05657142857142857,0.8509090909090908,3.2906666666666666,2.8660869565217393
QVW0919,ISAC_V1,0 à 10,0,11.0,regionD,0,1,Non renseigné,0,Non renseigné,0,Aucun,Non renseigné,0.0,1.5819999999999999,0.6927272727272727,0.0,4.079565217391305
QVW0920,ISAC_V1,0 à 10,1,11.0,regionD,0,1,Non renseigné,0,Non renseigné,0,Aucun,Non renseigné,1.8063636363636364,0.5268571428571429,0.02909090909090909,0.0,0.0817391304347826
QVW0921,ISAC_V1,10 à 20,1,11.0,regionD,0,1,Non renseigné,0,Non renseigné,0,Aucun,Non renseigné,33.71818181818182,6.585428571428571,7.108181818181818,3.6420000000000003,6.817391304347825
QVW0922,ISAC_V1,0 à 10,1,11.0,regionD,0,0,Non renseigné,0,Non renseigné,0,Aucun,Non renseigné,0.0,0.0,0.0,0.0,0.0
QVW0923,ISAC_V1,0 à 10,1,11.0,regionD,0,1,Non renseigné,0,Non renseigné,0,Aucun,Non renseigné,0.0,0.23057142857142857,0.1109090909090909,1.168,0.9586956521739131
QVW0924,ISAC_V1,10 à 20,1,11.0,regionD,0,1,Non renseigné,0,Non renseigné,0,Aucun,Non renseigné,45.85636363636364,0.9397142857142857,2.2781818181818183,11.694666666666667,17.526521739130434
QVW0925,ISAC_V1,40 à 60,1,11.0,regionD,0,1,Non renseigné,0,Non renseigné,0,Aucun,Non renseigné,13.181818181818182,2.070857142857143,13.628181818181817,0.304,48.832608695652176
QVW0926,ISAC_V1,20 à 40,0,11.0,regionD,0,1,Non renseigné,0,Non renseigné,0,Aucun,Non renseigné,0.006363636363636364,0.014857142857142857,0.015454545454545455,0.9380000000000001,1.0682608695652174
QVW0927,ISAC_V1,0 à 10,0,11.0,regionD,0,0,Non renseigné,0,Non renseigné,0,Aucun,Non renseigné,0.0,0.0,0.0,0.0,0.0
QVW0928,ISAC_V1,0 à 10,1,11.0,regionD,0,1,Non renseigné,0,Non renseigné,0,Aucun,Non renseigné,0.0,0.06085714285714285,0.0,0.006,0.0
QVW0929,ISAC_V1,0 à 10,1,11.0,regionD,0,1,Non renseigné,0,Non renseigné,0,Aucun,Non renseigné,9.274545454545454,0.23714285714285716,0.11181818181818182,0.0,0.16521739130434784
QVW0930,ISAC_V1,20 à 40,1,1.0,regionA,0,1,Non renseigné,0,Non renseigné,0,Aucun,Non renseigné,3.472727272727273,0.0008571428571428572,0.0,0.0013333333333333333,0.0
QVW0931,ISAC_V1,10 à 20,0,1.0,regionD,0,1,Non renseigné,0,Non renseigné,0,Aucun,Non renseigné,9.713636363636363,20.36171428571429,6.008181818181819,6.158,20.920434782608698
QVW0932,ISAC_V1,0 à 10,1,1.0,regionD,0,1,Non renseigné,0,Non renseigné,1,Aucun,Non renseigné,34.769090909090906,1.6848571428571428,6.543636363636364,0.020666666666666667,6.002173913043477
QVW0933,ISAC_V1,20 à 40,0,1.0,regionD,0,1,Non renseigné,0,Non renseigné,0,Aucun,Non renseigné,0.09727272727272727,0.5862857142857144,0.042727272727272725,0.002,2.5760869565217392
QVW0934,ISAC_V1,10 à 20,1,1.0,regionD,0,1,Non renseigné,0,Non renseigné,0,Aucun,Non renseigné,2.5772727272727276,4.934,0.9390909090909091,0.0,1.7869565217391306
QVW0935,ISAC_V1,40 à 60,0,1.0,regionD,0,0,Non renseigné,0,Non renseigné,0,Aucun,Non renseigné,0.0,0.0,0.004545454545454546,0.0,0.0
QVW0936,ISAC_V1,20 à 40,0,1.0,regionA,0,1,Non renseigné,0,Non renseigné,1,Aucun,Non renseigné,2.659090909090909,0.0917142857142857,2.1427272727272726,1.1766666666666667,2.361304347826087
QVW0937,ISAC_V1,20 à 40,1,12.0,regionD,0,1,Non renseigné,0,Non renseigné,0,Aucun,Non renseigné,0.0,0.017142857142857144,2.8436363636363637,0.41666666666666663,1.7821739130434784
QVW0938,ISAC_V1,10 à 20,0,12.0,regionD,0,1,Non renseigné,0,Non renseigné,1,Aucun,Non renseigné,0.0,0.0005714285714285715,0.0,0.002,0.3743478260869565
QVW0939,ISAC_V1,10 à 20,1,12.0,regionD,0,1,Non renseigné,0,Non renseigné,0,Aucun,Non renseigné,10.99090909090909,1.6442857142857144,1.3545454545454545,0.17733333333333334,10.077391304347826
QVW0940,ISAC_V1,0 à 10,0,12.0,regionD,0,1,Non renseigné,0,Non renseigné,0,Aucun,Non renseigné,0.0,2.634571428571429,0.1890909090909091,0.0,0.0013043478260869564
QVW0941,ISAC_V1,10 à 20,0,12.0,regionD,0,1,Non renseigné,0,Non renseigné,0,Aucun,Non renseigné,4.678181818181819,1.7942857142857143,2.424545454545455,0.6066666666666667,13.94304347826087
QVW0942,ISAC_V1,10 à 20,1,12.0,regionD,0,1,Non renseigné,0,Non renseigné,0,Aucun,Non renseigné,0.0,0.7145714285714285,3.122727272727273,0.04133333333333333,23.43086956521739
QVW0943,ISAC_V1,10 à 20,0,12.0,regionD,0,1,Non renseigné,0,Non renseigné,0,Aucun,Non renseigné,0.0,0.4622857142857143,1.3945454545454548,0.078,2.5682608695652176
QVW0944,ISAC_V1,40 à 60,0,12.0,regionD,0,1,Non renseigné,0,Non renseigné,0,Aucun,Non renseigné,0.0,0.35600000000000004,0.14454545454545456,0.0,1.413913043478261
QVW0945,ISAC_V1,40 à 60,0,12.0,regionD,0,1,Non renseigné,0,Non renseigné,0,Aucun,Non renseigné,0.002727272727272727,0.004571428571428572,5.12,0.0013333333333333333,1.4121739130434785
QVW0946,ISAC_V1,20 à 40,1,12.0,regionD,0,1,Non renseigné,0,Non renseigné,1,Aucun,Dermocorticoïdes,34.484545454545454,9.473142857142857,20.925454545454546,0.336,46.99217391304347
QVW0947,ISAC_V1,0 à 10,1,3.0,regionD,0,0,Non renseigné,0,Non renseigné,0,Aucun,Non renseigné,0.0,0.0025714285714285713,0.0,0.008,0.0
QVW0948,ISAC_V1,20 à 40,1,3.0,regionD,0,1,Non renseigné,0,20 ans et plus,0,Aucun,Non renseigné,0.0,0.0,0.38636363636363635,0.0,9.708695652173914
QVW0949,ISAC_V1,20 à 40,0,3.0,regionD,0,1,Non renseigné,0,Non renseigné,0,Aucun,Non renseigné,16.49909090909091,0.0,2.578181818181818,0.0026666666666666666,0.9708695652173912
QVW0950,ISAC_V1,0 à 10,0,3.0,regionD,0,1,Non renseigné,0,Non renseigné,0,Animaux : cheval/rongeur,Non renseigné,0.0,0.15028571428571427,0.006363636363636364,0.0033333333333333335,0.0
QVW0951,ISAC_V1,40 à 60,0,3.0,regionD,0,1,Non renseigné,0,Non renseigné,0,Aucun,Non renseigné,0.6054545454545455,0.024571428571428574,3.7218181818181817,0.2753333333333333,0.9921739130434782
QVW0952,ISAC_V1,40 à 60,0,3.0,regionD,0,1,Non renseigné,1,10 - 20 ans,1,Animaux : chat/chien,Non renseigné,0.0,0.15171428571428572,0.3154545454545455,0.002,0.9495652173913044
QVW0953,ISAC_V1,20 à 40,1,3.0,regionD,0,1,Non renseigné,0,Non renseigné,0,Aucun,Non renseigné,3.833636363636364,0.0,0.0,0.0,4.724782608695652
QVW0954,ISAC_V1,10 à 20,1,3.0,regionD,0,1,Non renseigné,0,Non renseigné,0,Aucun,Non renseigné,6.4736363636363645,0.48514285714285715,2.129090909090909,0.026000000000000002,3.3369565217391304
QVW0955,ISAC_V1,20 à 40,1,3.0,regionD,0,1,Non renseigné,0,Non renseigné,0,Aucun,Non renseigné,0.0,0.011428571428571429,0.006363636363636364,0.0033333333333333335,0.8804347826086957
QVW0956,ISAC_V1,10 à 20,0,3.0,regionD,0,1,Non renseigné,0,Non renseigné,0,Aucun,Non renseigné,1.1700000000000002,1.2631428571428571,4.995454545454545,1.1013333333333333,8.315217391304348
QVW0957,ISAC_V1,10 à 20,0,3.0,regionD,0,1,Non renseigné,0,Non renseigné,0,Animaux : cheval/rongeur,Non renseigné,56.11181818181819,0.061142857142857145,0.02727272727272727,0.0,2.2069565217391305
QVW0958,ISAC_V1,10 à 20,1,3.0,regionD,0,1,Non renseigné,0,Non renseigné,0,Animaux : cheval/rongeur,Non renseigné,4.26,0.6297142857142857,0.8072727272727274,0.8213333333333334,2.5791304347826083
QVW0959,ISAC_V1,10 à 20,1,3.0,regionD,0,1,Non renseigné,0,Non renseigné,0,Aucun,Non renseigné,6.1863636363636365,0.08485714285714287,0.26818181818181813,0.05466666666666666,3.390434782608696
QVW0960,ISAC_V1,0 à 10,1,3.0,regionD,0,1,Non renseigné,0,Non renseigné,0,Aucun,Non renseigné,1.5590909090909089,1.8162857142857143,0.010909090909090908,0.029999999999999995,0.07739130434782608
QVW0961,ISAC_V1,60 à Plus,1,2.0,regionD,0,0,Non renseigné,0,Non renseigné,0,Aucun,Non renseigné,0.0,0.0017142857142857142,0.0,0.004,0.0
QVW0962,ISAC_V1,0 à 10,0,2.0,regionD,0,1,Non renseigné,0,Non renseigné,0,Aucun,Non renseigné,0.01,2.5282857142857145,3.08090909090909,0.026000000000000002,0.41173913043478266
QVW0963,ISAC_V1,10 à 20,0,2.0,regionD,0,1,Non renseigné,0,Non renseigné,0,Aucun,Non renseigné,27.69909090909091,8.414285714285715,18.33909090909091,2.4699999999999998,17.18521739130435
QVW0964,ISAC_V1,10 à 20,1,2.0,regionD,0,1,Non renseigné,0,Non renseigné,0,Aucun,Non renseigné,34.31,4.747714285714286,5.207272727272727,1.568,17.03086956521739
QVW0965,ISAC_V1,10 à 20,0,2.0,regionD,0,1,Non renseigné,0,Non renseigné,0,Aucun,Non renseigné,46.29272727272728,0.8922857142857143,18.374545454545455,0.26666666666666666,3.4326086956521733
QVW0966,ISAC_V1,20 à 40,0,3.0,regionD,0,1,Non renseigné,0,Non renseigné,0,Aucun,Non renseigné,2.0863636363636364,0.0,0.006363636363636364,0.0,0.059565217391304354
QVW0967,ISAC_V1,10 à 20,0,3.0,regionD,0,1,Non renseigné,0,Non renseigné,0,Aucun,Non renseigné,6.8127272727272725,0.0,0.3318181818181818,0.0,0.14391304347826087
QVW0968,ISAC_V1,10 à 20,0,3.0,regionD,0,1,Non renseigné,0,Non renseigné,0,Aucun,Non renseigné,26.457272727272724,0.13542857142857143,0.09727272727272727,0.0,11.742608695652173
QVW0969,ISAC_V1,10 à 20,1,2.0,regionD,0,1,Non renseigné,0,Non renseigné,0,Aucun,Non renseigné,0.0,0.004,0.0018181818181818182,1.8920000000000001,0.06956521739130435
QVW0970,ISAC_V1,60 à Plus,0,2.0,regionD,0,1,Non renseigné,0,Non renseigné,0,Aucun,Non renseigné,0.0,0.0,0.69,0.0,0.023043478260869565
QVW0971,ISAC_V1,0 à 10,1,2.0,regionA,0,1,Non renseigné,0,Non renseigné,0,Aucun,Non renseigné,0.0,0.01942857142857143,0.0,0.0,0.07
QVW0972,ISAC_V1,10 à 20,1,2.0,regionD,0,1,Non renseigné,0,Non renseigné,0,Aucun,Non renseigné,0.6109090909090908,1.2294285714285715,1.5281818181818183,2.1246666666666667,2.893913043478261
QVW0973,ISAC_V1,40 à 60,0,4.0,regionD,0,1,Non renseigné,0,Non renseigné,0,Aucun,Non renseigné,12.52090909090909,2.878285714285714,6.869999999999999,1.1426666666666667,13.131304347826086
QVW0974,ISAC_V1,0 à 10,1,4.0,regionD,0,0,Non renseigné,0,Non renseigné,0,Aucun,Non renseigné,0.0,0.0017142857142857142,0.0,0.0,0.0
QVW0975,ISAC_V1,40 à 60,0,4.0,regionD,0,1,Non renseigné,0,Non renseigné,0,Aucun,Non renseigné,1.8245454545454545,0.06628571428571428,0.20909090909090908,0.0,0.9969565217391304
QVW0976,ISAC_V1,0 à 10,1,4.0,regionD,0,1,Non renseigné,0,Non renseigné,0,Aucun,Non renseigné,0.0,0.07342857142857143,0.013636363636363636,0.0,0.24869565217391304
QVW0977,ISAC_V1,0 à 10,1,4.0,regionD,0,0,Non renseigné,0,Non renseigné,0,Aucun,Non renseigné,0.0,0.008571428571428572,0.0,0.0,0.003913043478260869
QVW0978,ISAC_V1,20 à 40,0,4.0,regionD,0,1,Non renseigné,0,Non renseigné,0,Aucun,Non renseigné,2.7681818181818185,0.6334285714285715,0.0,0.002,0.035652173913043476
QVW0979,ISAC_V1,0 à 10,1,4.0,regionD,0,1,Non renseigné,0,Non renseigné,0,Aucun,Non renseigné,0.0,0.11771428571428572,2.0336363636363632,0.0,3.1695652173913045
QVW0980,ISAC_V1,60 à Plus,0,4.0,regionD,0,1,Non renseigné,0,Non renseigné,0,Aucun,Non renseigné,0.0,0.0,0.0,0.08666666666666667,0.1552173913043478
QVW0981,ISAC_V1,10 à 20,1,3.0,regionD,0,1,Non renseigné,0,Non renseigné,0,Aucun,Non renseigné,18.240909090909092,1.828857142857143,1.887272727272727,0.005333333333333333,14.423478260869565
QVW0982,ISAC_V1,0 à 10,1,3.0,regionD,0,0,Non renseigné,0,Non renseigné,0,Aucun,Non renseigné,0.0,0.0,0.0,0.0,0.0
QVW0983,ISAC_V1,10 à 20,1,3.0,regionD,0,1,Non renseigné,0,Non renseigné,0,Aucun,Non renseigné,5.0227272727272725,6.085142857142857,1.2281818181818183,0.0,15.106521739130434
QVW0984,ISAC_V1,20 à 40,0,3.0,regionD,0,1,Non renseigné,0,Non renseigné,0,Aucun,Non renseigné,3.8090909090909095,0.4282857142857142,3.4599999999999995,0.006,4.915652173913043
QVW0985,ISAC_V1,10 à 20,1,3.0,regionD,0,1,Non renseigné,0,Non renseigné,0,Aucun,Non renseigné,0.006363636363636364,1.9434285714285713,2.0745454545454547,0.016666666666666666,0.012608695652173912
QVW0986,ISAC_V1,0 à 10,1,3.0,regionD,0,1,Non renseigné,0,Non renseigné,0,Aucun,Non renseigné,0.0,0.8300000000000001,0.1318181818181818,0.0,0.0
QVW0987,ISAC_V1,10 à 20,0,4.0,regionD,0,1,Aucun,0,10 - 20 ans,1,Effort/Activité sportive,Non renseigné,0.18454545454545457,0.0,0.0,0.0,0.12565217391304345
QVW0988,ISAC_V1,0 à 10,0,4.0,regionD,0,1,Non renseigné,0,Non renseigné,1,Aucun,Non renseigné,1.6827272727272726,0.003142857142857143,0.0,0.0,0.0
QVW0989,ISAC_V1,0 à 10,0,4.0,regionD,0,1,Non renseigné,0,Non renseigné,0,Aucun,Non renseigné,0.0,2.8934285714285712,0.07090909090909091,0.6393333333333333,8.253913043478262
QVW0990,ISAC_V1,10 à 20,0,4.0,regionD,0,1,Non renseigné,0,Non renseigné,0,Aucun,Non renseigné,0.0,0.3474285714285714,0.0,0.0,0.6360869565217391
QVW0991,ISAC_V1,0 à 10,0,4.0,regionD,0,1,Non renseigné,0,Non renseigné,0,Aucun,Non renseigné,0.0,0.0008571428571428571,0.5018181818181818,0.002,1.6178260869565217
QVW0992,ISAC_V1,0 à 10,1,4.0,regionD,0,1,Non renseigné,0,Non renseigné,0,Aucun,Non renseigné,8.946363636363635,0.38085714285714284,0.2636363636363636,0.0,0.0
QVW0993,ISAC_V1,0 à 10,1,4.0,regionD,0,1,Non renseigné,0,Non renseigné,0,Aucun,Non renseigné,10.121818181818183,4.071142857142857,2.0427272727272725,0.0013333333333333333,3.0160869565217387
QVW0994,ISAC_V1,0 à 10,1,4.0,regionD,0,1,Non renseigné,0,Non renseigné,0,Aucun,Non renseigné,29.166363636363634,3.7705714285714285,2.1818181818181817,4.433333333333334,11.718695652173912
QVW0995,ISAC_V1,0 à 10,1,4.0,regionD,0,1,Aucun,0,0 - 2 ans,1,Aucun,Autres,17.784545454545455,2.547428571428571,5.4772727272727275,0.008,4.399130434782609
QVW0996,ISAC_V1,10 à 20,1,4.0,regionD,0,1,Non renseigné,0,Non renseigné,0,Aucun,Non renseigné,0.43727272727272726,0.064,0.004545454545454546,0.0,0.7273913043478261
QVW0997,ISAC_V1,10 à 20,1,5.0,regionD,0,1,Non renseigné,0,Non renseigné,0,Aucun,Non renseigné,23.395454545454548,0.5568571428571428,0.799090909090909,0.226,1.1078260869565215
QVW0998,ISAC_V1,10 à 20,0,5.0,regionD,0,1,Non renseigné,0,Non renseigné,0,Aucun,Non renseigné,0.0,0.0008571428571428571,0.0036363636363636364,0.0,1.3421739130434782
QVW0999,ISAC_V1,0 à 10,0,5.0,regionD,0,1,Non renseigné,0,Non renseigné,0,Aucun,Non renseigné,10.312727272727273,1.1434285714285715,0.9672727272727273,0.114,2.302608695652174
QVW1000,ISAC_V1,10 à 20,1,5.0,regionD,0,1,Non renseigné,0,Non renseigné,0,Aucun,Non renseigné,5.966363636363638,0.7245714285714285,1.8536363636363637,0.4153333333333334,8.247391304347826
QVW1001,ISAC_V1,10 à 20,0,5.0,regionD,0,1,Non renseigné,0,Non renseigné,0,Aucun,Non renseigné,0.6336363636363637,0.002285714285714286,0.0,0.0,0.007391304347826086
QVW1002,ISAC_V1,0 à 10,0,5.0,regionD,0,1,Non renseigné,0,Non renseigné,0,Aucun,Non renseigné,0.03909090909090909,1.895142857142857,0.0,0.01933333333333333,0.31173913043478263
QVW1003,ISAC_V1,0 à 10,1,5.0,regionD,0,1,Non renseigné,0,Non renseigné,0,Aucun,Non renseigné,0.0,0.0802857142857143,0.0,0.0,1.2160869565217391
QVW1004,ISAC_V1,40 à 60,0,5.0,regionD,0,1,Non renseigné,0,Non renseigné,0,Aucun,Non renseigné,6.775454545454545,0.11285714285714286,0.838181818181818,0.018666666666666668,3.204782608695652
QVW1005,ISAC_V1,60 à Plus,0,5.0,regionD,0,1,Non renseigné,0,Non renseigné,0,Aucun,Non renseigné,0.0,0.0,0.0,0.0013333333333333333,0.26956521739130435
QVW1006,ISAC_V1,20 à 40,1,5.0,regionD,0,1,Non renseigné,0,Non renseigné,0,Aucun,Non renseigné,4.108181818181818,0.012857142857142857,0.36818181818181817,0.14066666666666666,2.358695652173913
QVW1007,ISAC_V1,0 à 10,1,5.0,regionD,0,1,Non renseigné,0,Non renseigné,0,Aucun,Non renseigné,25.336363636363636,0.4971428571428571,0.20636363636363636,0.0,0.8495652173913043
QVW1008,ISAC_V1,0 à 10,0,6.0,regionD,0,1,Non renseigné,0,Non renseigné,0,Aucun,Non renseigné,30.911818181818184,0.9094285714285715,0.5954545454545455,0.0,0.35434782608695653
QVW1009,ISAC_V1,0 à 10,1,6.0,regionD,0,1,Non renseigné,0,Non renseigné,0,Aucun,Non renseigné,9.616363636363637,0.6445714285714286,0.004545454545454546,0.002,1.3256521739130434
QVW1010,ISAC_V1,10 à 20,1,6.0,regionD,0,1,Non renseigné,0,Non renseigné,0,Aucun,Non renseigné,17.85,1.0722857142857143,0.7754545454545455,0.2906666666666667,3.5456521739130435
QVW1011,ISAC_V1,10 à 20,1,6.0,regionD,0,1,Non renseigné,0,Non renseigné,0,Aucun,Non renseigné,4.257272727272727,0.5894285714285714,1.8136363636363635,0.9566666666666667,8.521304347826087
QVW1012,ISAC_V1,0 à 10,0,6.0,regionD,0,1,Non renseigné,0,Non renseigné,0,Aucun,Non renseigné,60.89090909090908,6.235428571428572,0.023636363636363636,8.281333333333334,0.05391304347826087
QVW1013,ISAC_V1,20 à 40,1,6.0,regionD,0,1,Non renseigné,0,Non renseigné,0,Aucun,Non renseigné,0.0,0.0,1.0863636363636362,0.0,0.8286956521739129
QVW1014,ISAC_V1,0 à 10,0,7.0,regionD,0,1,Non renseigné,0,Non renseigné,0,Aucun,Non renseigné,0.03090909090909091,0.12314285714285715,0.0,0.0,0.01608695652173913
QVW1015,ISAC_V1,20 à 40,0,7.0,regionD,0,1,Non renseigné,0,Non renseigné,0,Aucun,Non renseigné,8.73,0.0,0.0,0.0,0.030434782608695653
QVW1016,ISAC_V1,10 à 20,0,4.0,regionD,0,1,Non renseigné,0,Non renseigné,0,Aucun,Non renseigné,1.1936363636363636,6.388285714285715,0.03272727272727272,0.10933333333333332,15.201304347826087
QVW1017,ISAC_V1,0 à 10,1,7.0,regionD,0,1,Non renseigné,0,Non renseigné,0,Aucun,Non renseigné,2.3854545454545453,1.0417142857142858,0.006363636363636364,0.7680000000000001,5.067826086956522
QVW1018,ISAC_V1,10 à 20,1,7.0,regionD,0,1,Non renseigné,0,Non renseigné,0,Aucun,Non renseigné,0.0,1.4834285714285715,3.9618181818181815,0.0,15.85478260869565
QVW1019,ISAC_V1,20 à 40,0,7.0,regionD,0,1,Non renseigné,0,Non renseigné,0,Aucun,Non renseigné,1.0781818181818181,0.0,0.0,0.0,0.0017391304347826088
QVW1020,ISAC_V1,20 à 40,1,7.0,regionD,0,1,Non renseigné,0,Non renseigné,1,Aucun,Non renseigné,0.0,1.078,0.0,2.481333333333333,2.966086956521739
QVW1021,ISAC_V1,20 à 40,0,7.0,regionD,0,1,Non renseigné,0,Non renseigné,0,Aucun,Non renseigné,0.53,0.07342857142857143,0.20454545454545456,0.0,0.6808695652173913
QVW1022,ISAC_V1,0 à 10,0,7.0,regionD,0,1,Non renseigné,0,3 - 10 ans,0,Aucun,Non renseigné,0.018181818181818184,0.11314285714285714,0.0,0.0,0.008695652173913044
QVW1023,ISAC_V1,10 à 20,0,7.0,regionD,0,1,Non renseigné,0,Non renseigné,0,Aucun,Non renseigné,0.15545454545454546,0.8848571428571429,0.19636363636363638,0.0,1.8456521739130436
QVW1024,ISAC_V1,0 à 10,0,7.0,regionD,0,0,Non renseigné,0,Non renseigné,0,Aucun,Non renseigné,0.0,0.0017142857142857144,0.0,0.0,0.0
QVW1025,ISAC_V1,0 à 10,1,7.0,regionD,0,1,Non renseigné,0,Non renseigné,0,Aucun,Non renseigné,13.88090909090909,0.005142857142857143,0.0,0.02666666666666667,7.484782608695652
QVW1026,ISAC_V1,10 à 20,1,8.0,regionD,0,1,Non renseigné,0,Non renseigné,0,Aucun,Non renseigné,0.0,5.464857142857142,0.8954545454545456,3.1593333333333335,13.663478260869566
QVW1027,ISAC_V1,0 à 10,0,8.0,regionD,0,0,Non renseigné,0,Non renseigné,0,Aucun,Non renseigné,0.0,0.0,0.0,0.0,0.0
QVW1028,ISAC_V1,10 à 20,1,8.0,regionA,0,1,Non renseigné,0,Non renseigné,0,Aucun,Non renseigné,12.270909090909093,5.150857142857143,12.834545454545456,0.0,20.998260869565218
QVW1029,ISAC_V1,20 à 40,1,8.0,regionD,0,1,Non renseigné,0,Non renseigné,0,Effort/Activité sportive,Non renseigné,0.0,0.44542857142857145,1.1118181818181818,0.0,14.18086956521739
QVW1030,ISAC_V1,60 à Plus,0,8.0,regionD,0,1,Non renseigné,0,Non renseigné,0,Aucun,Non renseigné,0.0,0.0,0.0,0.0,7.39695652173913
QVW1031,ISAC_V1,40 à 60,0,8.0,regionA,0,0,Non renseigné,0,Non renseigné,0,Aucun,Non renseigné,0.0,0.0,0.0,0.0,0.0
QVW1032,ISAC_V1,20 à 40,1,8.0,regionD,0,1,Non renseigné,0,Non renseigné,1,Aucun,Non renseigné,6.273636363636364,0.039428571428571424,0.3418181818181818,0.05,5.9308695652173915
QVW1033,ISAC_V1,20 à 40,0,8.0,regionA,0,1,Non renseigné,0,Non renseigné,0,Aucun,Non renseigné,0.42454545454545456,0.0,0.0,0.010666666666666666,0.23
QVW1034,ISAC_V1,20 à 40,0,8.0,regionD,0,1,Non renseigné,0,Non renseigné,1,Aucun,Non renseigné,0.0,0.0,0.0,0.0,3.674782608695652
QVW1035,ISAC_V1,10 à 20,1,8.0,regionD,0,1,Non renseigné,0,Non renseigné,0,Aucun,Non renseigné,2.4354545454545455,0.007714285714285715,2.9045454545454543,0.0026666666666666666,18.03608695652174
QVW1036,ISAC_V1,20 à 40,0,9.0,regionD,0,1,Non renseigné,0,Non renseigné,0,Aucun,Non renseigné,0.7718181818181818,0.0014285714285714286,0.2772727272727273,0.026000000000000002,2.344782608695652
QVW1037,ISAC_V1,20 à 40,0,9.0,regionD,0,1,Non renseigné,0,Non renseigné,0,Aucun,Non renseigné,0.0,0.0,0.0,0.0033333333333333335,1.8769565217391304
QVW1038,ISAC_V1,20 à 40,0,9.0,regionD,0,1,Non renseigné,0,Non renseigné,0,Aucun,Non renseigné,1.7799999999999998,0.0,0.025454545454545455,0.0006666666666666666,0.16130434782608696
QVW1039,ISAC_V1,60 à Plus,0,9.0,regionD,0,1,Non renseigné,0,Non renseigné,0,Aucun,Non renseigné,0.0,0.0,0.0,0.0,4.401739130434783
QVW1040,ISAC_V1,40 à 60,0,9.0,regionD,0,1,Non renseigné,0,Non renseigné,0,Aucun,Non renseigné,0.0,0.0,0.0,0.6953333333333334,0.7108695652173914
QVW1041,ISAC_V1,20 à 40,0,9.0,regionD,0,1,Non renseigné,0,Non renseigné,0,Aucun,Non renseigné,3.4454545454545453,0.3008571428571429,2.3818181818181823,0.8073333333333333,4.098260869565218
QVW1042,ISAC_V1,20 à 40,0,9.0,regionD,0,0,Non renseigné,0,Non renseigné,0,Aucun,Non renseigné,0.0,0.0008571428571428571,0.0,0.0,0.0
QVW1043,ISAC_V1,10 à 20,0,9.0,regionD,0,0,Non renseigné,0,Non renseigné,0,Aucun,Non renseigné,0.0,0.0,0.0,0.0,0.0
QVW1044,ISAC_V1,0 à 10,1,9.0,regionD,0,1,Non renseigné,0,Non renseigné,0,Aucun,Non renseigné,0.0,0.010857142857142857,0.39363636363636356,0.0,10.863913043478261
QVW1045,ISAC_V1,20 à 40,1,9.0,regionD,0,1,Non renseigné,0,Non renseigné,0,Aucun,Non renseigné,1.7381818181818183,0.017714285714285714,0.0036363636363636364,0.7526666666666666,3.5126086956521743
QVW1046,ISAC_V1,10 à 20,1,9.0,regionA,0,1,Non renseigné,0,Non renseigné,0,Aucun,Non renseigné,14.384545454545453,0.9574285714285714,5.335454545454545,0.10800000000000001,31.68304347826087
QVW1047,ISAC_V1,10 à 20,1,9.0,regionD,0,1,Non renseigné,0,Non renseigné,1,Aucun,Non renseigné,0.0018181818181818182,0.0,0.0,0.0,0.523913043478261
QVW1048,ISAC_V1,10 à 20,1,9.0,regionD,0,0,Non renseigné,0,Non renseigné,0,Aucun,Non renseigné,0.0,0.0005714285714285715,0.0,0.0,0.002173913043478261
QVW1049,ISAC_V1,10 à 20,1,10.0,regionD,0,1,Aucun,0,Non renseigné,1,Effort/Activité sportive,Non renseigné,0.0,0.11599999999999999,0.4081818181818182,4.951333333333334,0.8917391304347825
QVW1050,ISAC_V1,0 à 10,1,10.0,regionD,0,1,Non renseigné,0,Non renseigné,0,Aucun,Non renseigné,41.942727272727275,1.106,1.0054545454545456,0.618,18.38
QVW1051,ISAC_V1,0 à 10,1,10.0,regionD,0,0,Non renseigné,0,Non renseigné,1,Aucun,Non renseigné,0.017272727272727273,0.016571428571428574,0.0,0.0,0.0
QVW1052,ISAC_V1,10 à 20,1,10.0,regionD,0,1,Non renseigné,0,Non renseigné,0,Aucun,Non renseigné,0.0,0.21457142857142855,0.009090909090909092,0.0,2.7004347826086956
QVW1053,ISAC_V1,40 à 60,0,10.0,regionD,0,1,Non renseigné,0,Non renseigné,0,Aucun,Non renseigné,0.0,0.0,0.0,0.0,0.21695652173913044
QVW1054,ISAC_V1,0 à 10,0,10.0,regionD,0,1,Non renseigné,0,0 - 2 ans,1,Aucun,Non renseigné,16.304545454545455,1.3817142857142855,1.7945454545454544,0.002,1.2404347826086957
QVW1055,ISAC_V1,10 à 20,0,11.0,regionD,0,1,Non renseigné,0,Non renseigné,0,Aucun,Non renseigné,20.94636363636364,0.32342857142857145,0.9236363636363637,0.0,6.613913043478261
QVW1056,ISAC_V1,20 à 40,0,11.0,regionD,0,1,Non renseigné,0,Non renseigné,0,Aucun,Non renseigné,0.0036363636363636364,0.07542857142857141,0.9827272727272728,0.0,1.1678260869565218
QVW1057,ISAC_V1,0 à 10,1,11.0,regionD,0,1,Non renseigné,0,Non renseigné,1,Aucun,Non renseigné,1.5163636363636364,0.0,0.0,0.0,0.0
QVW1058,ISAC_V1,0 à 10,1,11.0,regionD,0,1,Non renseigné,0,Non renseigné,1,Animaux : cheval/rongeur,Non renseigné,0.0,0.010571428571428572,0.0,0.0,0.0
QVW1059,ISAC_V1,10 à 20,1,11.0,regionD,0,1,Non renseigné,0,Non renseigné,1,Animaux : cheval/rongeur,Non renseigné,0.0,0.0,0.0,0.0,0.026521739130434784
QVW1060,ISAC_V1,20 à 40,0,11.0,regionD,0,1,Non renseigné,0,Non renseigné,0,Aucun,Non renseigné,0.009090909090909092,0.7991428571428572,1.0072727272727273,0.4573333333333333,0.03217391304347826
QVW1061,ISAC_V1,60 à Plus,0,10.0,regionD,0,1,Non renseigné,0,Non renseigné,0,Aucun,Non renseigné,0.0,0.0,0.0,0.0,0.29782608695652174
QVW1062,ISAC_V1,20 à 40,1,10.0,regionD,0,1,Non renseigné,0,Non renseigné,0,Animaux : cheval/rongeur,Non renseigné,7.302727272727273,0.0,0.46,0.0,0.6034782608695652
QVW1063,ISAC_V1,60 à Plus,0,10.0,regionD,0,1,Anti-H1 voie générale,0,Non renseigné,0,Aucun,Non renseigné,0.0,0.0,0.0,0.0,1.111304347826087
QVW1064,ISAC_V1,0 à 10,1,10.0,regionD,0,1,Non renseigné,0,Non renseigné,0,Aucun,Non renseigné,0.0,0.3911428571428572,0.011818181818181818,0.0,0.006521739130434782
QVW1065,ISAC_V1,0 à 10,1,10.0,regionD,0,1,Non renseigné,0,Non renseigné,0,Aucun,Non renseigné,20.548181818181817,1.4231428571428573,0.0,1.2473333333333334,4.622173913043478
QVW1066,ISAC_V1,10 à 20,0,10.0,regionD,0,1,Non renseigné,0,Non renseigné,0,Aucun,Non renseigné,0.0,1.6888571428571428,0.002727272727272727,0.0,16.959130434782608
QVW1067,ISAC_V1,40 à 60,1,10.0,regionD,0,1,Non renseigné,0,Non renseigné,1,Aucun,Non renseigné,0.0,0.0005714285714285715,0.012727272727272728,0.002,1.4700000000000002
QVW1068,ISAC_V1,20 à 40,0,10.0,regionD,0,1,Non renseigné,0,Non renseigné,0,Aucun,Non renseigné,0.0,0.1122857142857143,0.0,0.0,1.098695652173913
QVW1069,ISAC_V1,10 à 20,0,10.0,regionD,0,1,Non renseigné,0,Non renseigné,0,Animaux : cheval/rongeur,Non renseigné,0.5645454545454546,0.0,0.33545454545454545,0.0006666666666666666,5.544347826086956
QVW1070,ISAC_V1,20 à 40,0,10.0,regionD,0,1,Non renseigné,0,Non renseigné,0,Aucun,Non renseigné,0.0,0.004571428571428572,0.0,0.0,0.34
QVW1071,ISAC_V1,0 à 10,0,10.0,regionD,0,1,Non renseigné,0,Non renseigné,0,Aucun,Non renseigné,11.426363636363636,0.037714285714285714,0.7190909090909091,0.010666666666666666,0.061304347826086965
QVW1072,ISAC_V1,40 à 60,0,10.0,regionD,0,0,Non renseigné,0,Non renseigné,0,Aucun,Non renseigné,0.0,0.0,0.0,0.0,0.0
QVW1073,ISAC_V1,0 à 10,0,10.0,regionD,0,1,Non renseigné,0,Non renseigné,0,Aucun,Non renseigné,21.095454545454547,2.482857142857143,15.741818181818184,6.094666666666667,4.380434782608695
QVW1074,ISAC_V1,60 à Plus,0,10.0,regionD,0,1,Non renseigné,0,Non renseigné,0,Aucun,Non renseigné,0.0,0.0014285714285714286,0.18999999999999997,0.0,0.6895652173913044
QVW1075,ISAC_V1,10 à 20,1,12.0,regionD,0,1,Non renseigné,0,Non renseigné,1,Aucun,Non renseigné,7.588181818181818,0.4562857142857143,1.686363636363636,0.22933333333333333,13.012173913043478
QVW1076,ISAC_V1,20 à 40,1,12.0,regionD,0,1,Non renseigné,0,2 - 3 ans,0,Aucun,Non renseigné,1.2690909090909093,0.03371428571428571,1.2063636363636363,2.048,3.8439130434782607
QVW1077,ISAC_V1,0 à 10,0,12.0,regionD,0,1,Non renseigné,0,0 - 2 ans,1,Animaux : cheval/rongeur,Non renseigné,0.49272727272727274,0.17685714285714288,0.17909090909090908,0.0,0.0
QVW1078,ISAC_V1,0 à 10,1,12.0,regionD,0,0,Non renseigné,1,Non renseigné,1,Animaux : chat/chien,Non renseigné,0.0,0.0034285714285714284,0.0,0.0,0.0
QVW1079,ISAC_V1,20 à 40,0,12.0,regionD,0,1,Non renseigné,0,Non renseigné,1,Effort/Activité sportive,Dermocorticoïdes,16.983636363636364,0.162,0.6827272727272727,2.1013333333333333,15.59913043478261
QVW1080,ISAC_V1,40 à 60,0,12.0,regionD,0,1,Non renseigné,0,20 ans et plus,1,Aucun,Non renseigné,0.0036363636363636364,0.01542857142857143,1.039090909090909,0.534,1.727391304347826
QVW1081,ISAC_V1,10 à 20,1,12.0,regionD,0,1,Non renseigné,0,Non renseigné,1,Effort/Activité sportive,Non renseigné,0.3318181818181818,0.0,0.0,0.008666666666666666,20.53608695652174
QVW1082,ISAC_V1,40 à 60,0,12.0,regionD,0,1,Non renseigné,0,Non renseigné,1,Aucun,Non renseigné,0.0,0.0,0.0,0.0,0.028695652173913046
QVW1083,ISAC_V1,0 à 10,1,12.0,regionA,0,1,Non renseigné,0,Non renseigné,1,Aucun,Non renseigné,0.0,22.415714285714284,4.76,0.024,33.93304347826087
QVW1084,ISAC_V1,40 à 60,0,12.0,regionD,0,1,Non renseigné,0,Non renseigné,0,Aucun,Non renseigné,0.0,0.0025714285714285713,0.0,0.0,0.0017391304347826088
QVW1085,ISAC_V1,0 à 10,1,12.0,regionD,0,1,Non renseigné,1,0 - 2 ans,1,Aucun,Non renseigné,0.0,0.6148571428571429,0.17545454545454545,3.82,7.311304347826087
QVW1086,ISAC_V1,40 à 60,0,12.0,regionD,0,1,Non renseigné,0,Non renseigné,1,Aucun,Non renseigné,5.295454545454546,0.20085714285714287,0.10818181818181817,0.02,2.43
QVW1087,ISAC_V1,10 à 20,1,12.0,regionD,0,1,Non renseigné,0,Non renseigné,1,Aucun,Non renseigné,3.205454545454545,12.723142857142857,0.3372727272727273,0.006,3.437391304347827
QVW1088,ISAC_V1,20 à 40,0,12.0,regionD,0,1,Non renseigné,0,Non renseigné,1,Aucun,Non renseigné,1.0554545454545454,0.0,0.002727272727272727,0.0,0.0017391304347826088
QVW1089,ISAC_V1,20 à 40,0,12.0,regionD,0,1,Non renseigné,0,Non renseigné,0,Aucun,Non renseigné,0.0018181818181818182,0.04085714285714286,1.4945454545454544,0.8866666666666666,3.778695652173913
QVW1090,ISAC_V1,10 à 20,0,1.0,regionD,0,1,Non renseigné,0,0 - 2 ans,0,Animaux : chat/chien,Non renseigné,3.3763636363636365,0.17428571428571427,4.448181818181818,0.014666666666666666,15.322173913043477
QVW1091,ISAC_V1,10 à 20,0,1.0,regionD,0,1,Non renseigné,0,Non renseigné,0,Aucun,Non renseigné,12.760000000000002,0.012571428571428572,1.7045454545454546,0.0,4.053478260869565
QVW1092,ISAC_V1,0 à 10,1,1.0,regionD,0,1,Non renseigné,0,Non renseigné,0,Aucun,Non renseigné,0.01,0.9540000000000001,0.11363636363636363,0.0006666666666666666,0.5991304347826086
QVW1093,ISAC_V1,40 à 60,0,1.0,regionD,0,1,Non renseigné,0,Non renseigné,0,Aucun,Non renseigné,0.015454545454545453,0.010857142857142857,0.0,0.2953333333333334,1.195217391304348
QVW1094,ISAC_V1,10 à 20,1,12.0,regionD,0,1,Non renseigné,0,Non renseigné,0,Aucun,Non renseigné,14.167272727272724,0.8585714285714285,0.49090909090909096,1.2386666666666666,9.874347826086955
QVW1095,ISAC_V1,20 à 40,0,12.0,regionD,0,0,Non renseigné,0,Non renseigné,0,Aucun,Non renseigné,0.0,0.0,0.0,0.0026666666666666666,0.010434782608695651
QVW1096,ISAC_V1,0 à 10,1,12.0,regionD,0,1,Non renseigné,0,Non renseigné,0,Aucun,Non renseigné,0.0,1.5374285714285714,0.028181818181818183,0.0,0.003913043478260869
QVW1097,ISAC_V1,0 à 10,1,12.0,regionD,0,1,Non renseigné,0,Non renseigné,0,Aucun,Non renseigné,0.0,0.432,0.006363636363636364,0.004666666666666667,0.3756521739130435
QVW1098,ISAC_V1,40 à 60,1,3.0,regionD,0,1,Non renseigné,0,Non renseigné,0,Aucun,Non renseigné,0.44727272727272727,0.012857142857142857,0.0,0.0,0.0008695652173913044
QVW1099,ISAC_V1,10 à 20,0,3.0,regionD,0,1,Non renseigné,0,Non renseigné,0,Aucun,Non renseigné,0.0,0.0,0.0,0.0,0.06652173913043478
QVW1100,ISAC_V1,40 à 60,0,3.0,regionD,0,1,Non renseigné,0,Non renseigné,0,Aucun,Non renseigné,0.0,0.14085714285714285,0.0,0.0,0.0
QVW1101,ISAC_V1,10 à 20,1,3.0,regionD,0,1,Non renseigné,0,Non renseigné,0,Aucun,Non renseigné,0.022727272727272728,0.8400000000000001,0.1709090909090909,0.182,23.476521739130437
QVW1102,ISAC_V1,40 à 60,0,3.0,regionD,0,1,Non renseigné,0,Non renseigné,0,Aucun,Non renseigné,0.1954545454545455,0.017714285714285714,0.0,0.07200000000000001,0.18565217391304345
QVW1103,ISAC_V1,10 à 20,0,3.0,regionD,0,1,Non renseigné,0,Non renseigné,0,Aucun,Non renseigné,0.6763636363636363,0.0,0.5772727272727273,2.4793333333333334,6.598695652173913
QVW1104,ISAC_V1,10 à 20,1,1.0,regionD,0,1,Aucun,0,0 - 2 ans,1,Aucun,Pas de traitement,0.0,0.0005714285714285715,0.0,0.0013333333333333333,6.997826086956521
QVW1105,ISAC_V1,10 à 20,1,3.0,regionD,0,1,Non renseigné,0,Non renseigné,0,Aucun,Non renseigné,0.0018181818181818182,4.497714285714285,0.7554545454545455,0.0,4.983478260869566
QVW1106,ISAC_V1,10 à 20,0,3.0,regionD,0,1,Anti-H1 voie générale,0,0 - 2 ans,1,Aucun,Non renseigné,4.224545454545455,0.14257142857142857,5.4363636363636365,0.025333333333333333,3.759130434782609
QVW1107,ISAC_V1,20 à 40,0,3.0,regionD,0,1,Non renseigné,0,20 ans et plus,1,Effort/Activité sportive,Non renseigné,0.47818181818181815,0.08114285714285714,0.0,0.13399999999999998,0.13826086956521738
QVW1108,ISAC_V1,60 à Plus,0,3.0,regionD,0,1,Non renseigné,0,Non renseigné,1,Aucun,Non renseigné,54.24181818181819,0.28171428571428575,12.263636363636364,0.17333333333333334,19.752173913043478
QVW1109,ISAC_V1,20 à 40,1,3.0,regionD,0,1,Non renseigné,0,Non renseigné,0,Aucun,Non renseigné,0.0,0.6342857142857142,0.0,0.41333333333333333,0.3308695652173913
QVW1110,ISAC_V1,20 à 40,0,3.0,regionD,0,1,Non renseigné,0,Non renseigné,1,Aucun,Non renseigné,1.4754545454545456,0.19942857142857143,0.0,0.0,0.0
QVW1111,ISAC_V1,20 à 40,0,3.0,regionD,0,1,Non renseigné,0,Non renseigné,0,Aucun,Non renseigné,0.0,0.13514285714285715,0.03636363636363637,0.7993333333333333,0.05260869565217391
QVW1112,ISAC_V1,20 à 40,1,3.0,regionD,0,1,Non renseigné,0,Non renseigné,0,Aucun,Non renseigné,0.0,0.02542857142857143,0.4690909090909091,0.154,2.476086956521739
QVW1113,ISAC_V1,20 à 40,0,3.0,regionD,0,1,Non renseigné,0,20 ans et plus,0,Animaux : cheval/rongeur,Non renseigné,0.08090909090909092,1.0671428571428572,0.0,0.0,0.2091304347826087
QVW1114,ISAC_V1,0 à 10,1,3.0,regionD,0,1,Non renseigné,0,Non renseigné,0,Aucun,Non renseigné,22.973636363636363,10.54,1.1090909090909091,9.022,0.008695652173913044
QVW1115,ISAC_V1,20 à 40,0,3.0,regionD,0,1,Non renseigné,0,Non renseigné,0,Aucun,Non renseigné,0.0,0.001142857142857143,0.002727272727272727,0.06466666666666666,0.0008695652173913044
QVW1116,ISAC_V1,60 à Plus,0,3.0,regionD,0,0,Non renseigné,0,Non renseigné,0,Aucun,Non renseigné,0.0,0.0,0.0,0.0,0.0
QVW1117,ISAC_V1,0 à 10,1,6.0,regionD,0,1,Non renseigné,0,Non renseigné,1,Animaux : cheval/rongeur,Dermocorticoïdes,0.32545454545454544,0.896,0.01,0.006666666666666667,0.007826086956521738
QVW1118,ISAC_V1,60 à Plus,0,6.0,regionD,0,0,Non renseigné,0,Non renseigné,0,Aucun,Non renseigné,0.0,0.0005714285714285715,0.010909090909090908,0.008,0.0
QVW1119,ISAC_V1,0 à 10,0,6.0,regionD,0,0,Non renseigné,0,Non renseigné,0,Aucun,Non renseigné,0.0,0.0,0.02090909090909091,0.012666666666666666,0.0
QVW1120,ISAC_V1,0 à 10,1,6.0,regionD,0,1,Non renseigné,0,Non renseigné,0,Animaux : cheval/rongeur,Non renseigné,0.0,0.0025714285714285713,2.983636363636364,0.0,0.12043478260869565
QVW1121,ISAC_V1,10 à 20,1,6.0,regionD,0,1,Non renseigné,0,Non renseigné,0,Aucun,Non renseigné,23.569090909090907,0.126,0.6509090909090909,0.526,2.3182608695652176
QVW1122,ISAC_V1,40 à 60,1,6.0,regionD,0,1,Non renseigné,0,Non renseigné,0,Aucun,Non renseigné,0.0,0.0005714285714285715,0.05,0.0,0.3382608695652174
QVW1123,ISAC_V1,20 à 40,0,6.0,regionD,0,0,Non renseigné,0,Non renseigné,0,Aucun,Non renseigné,0.0,0.0005714285714285715,0.004545454545454546,0.006666666666666667,0.0
QVW1124,ISAC_V1,10 à 20,0,6.0,regionD,0,1,Non renseigné,0,Non renseigné,0,Aucun,Non renseigné,0.7327272727272728,0.008,0.006363636363636364,0.0,0.0
QVW1125,ISAC_V1,0 à 10,1,6.0,regionD,0,0,Non renseigné,0,Non renseigné,0,Aucun,Non renseigné,0.0,0.0,0.010909090909090908,0.004666666666666667,0.0
QVW1126,ISAC_V1,40 à 60,0,6.0,regionD,0,0,Non renseigné,0,Non renseigné,0,Aucun,Non renseigné,0.0,0.0005714285714285715,0.010909090909090908,0.01,0.0
QVW1127,ISAC_V1,40 à 60,0,6.0,regionD,0,0,Non renseigné,0,Non renseigné,0,Aucun,Non renseigné,0.0,0.0005714285714285715,0.012727272727272728,0.0,0.0
QVW1128,ISAC_V1,40 à 60,0,6.0,regionD,0,1,Non renseigné,0,Non renseigné,0,Aucun,Non renseigné,0.0,0.0005714285714285715,0.005454545454545454,0.0033333333333333335,0.3517391304347826
QVW1129,ISAC_V1,0 à 10,0,6.0,regionD,0,1,Non renseigné,0,Non renseigné,0,Aucun,Non renseigné,0.042727272727272725,0.09314285714285715,0.26,0.007333333333333333,0.0
QVW1130,ISAC_V1,10 à 20,1,6.0,regionD,0,1,Non renseigné,0,Non renseigné,0,Aucun,Non renseigné,0.15636363636363637,0.023714285714285716,0.019090909090909092,0.02733333333333333,4.964347826086957
QVW1131,ISAC_V1,10 à 20,1,6.0,regionD,0,1,Non renseigné,0,Non renseigné,0,Aucun,Non renseigné,8.693636363636363,1.4525714285714286,0.4954545454545455,0.004666666666666667,9.77695652173913
QVW1132,ISAC_V1,0 à 10,1,6.0,regionD,0,0,Non renseigné,0,Non renseigné,0,Aucun,Non renseigné,0.0,0.0,0.009090909090909092,0.004666666666666667,0.0
QVW1133,ISAC_V1,10 à 20,0,6.0,regionD,0,1,Non renseigné,0,Non renseigné,0,Aucun,Non renseigné,7.264545454545455,0.015142857142857144,2.694545454545455,1.2306666666666666,2.139130434782609
QVW1134,ISAC_V1,0 à 10,1,6.0,regionD,0,1,Non renseigné,0,Non renseigné,0,Aucun,Non renseigné,0.45454545454545453,0.0034285714285714284,0.7000000000000001,0.008666666666666666,0.0
QVW1135,ISAC_V1,10 à 20,0,6.0,regionD,0,1,Non renseigné,0,Non renseigné,0,Aucun,Non renseigné,6.586363636363637,0.21628571428571428,10.707272727272727,0.34933333333333333,6.4286956521739125
TFG0001,ISAC_V1,10 à 20,1,8.0,regionC,0,1,Non renseigné,0,Non renseigné,0,Animaux : cheval/rongeur,Non renseigné,4.766363636363637,2.0762857142857145,0.43454545454545457,2.344666666666667,8.117826086956523
TFG0002,ISAC_V1,40 à 60,0,8.0,regionC,0,1,Non renseigné,0,Non renseigné,0,Animaux : cheval/rongeur,Non renseigné,0.0,0.16685714285714284,0.1,0.0,1.337391304347826
TFG0003,ISAC_V1,20 à 40,0,9.0,regionC,0,1,Non renseigné,0,Non renseigné,0,Animaux : cheval/rongeur,Non renseigné,2.8145454545454545,0.29285714285714287,0.4209090909090909,0.0,2.2304347826086954
TFG0004,ISAC_V1,20 à 40,0,9.0,regionC,0,1,Non renseigné,0,Non renseigné,0,Animaux : cheval/rongeur,Non renseigné,7.712727272727273,0.14657142857142857,0.8972727272727272,3.278,13.461304347826085
TFG0005,ISAC_V1,40 à 60,1,9.0,regionC,0,1,Non renseigné,0,Non renseigné,0,Animaux : cheval/rongeur,Non renseigné,0.45454545454545453,0.06314285714285714,0.03636363636363637,0.10066666666666667,1.2952173913043479
TFG0006,ISAC_V1,40 à 60,0,9.0,regionC,0,1,Non renseigné,0,Non renseigné,0,Animaux : cheval/rongeur,Non renseigné,0.0,0.9022857142857142,0.0,0.0,3.4269565217391307
TFG0007,ISAC_V1,20 à 40,0,9.0,regionC,0,1,Non renseigné,0,Non renseigné,0,Animaux : cheval/rongeur,Non renseigné,4.465454545454546,0.0,0.0,0.0,0.014347826086956523
TFG0008,ISAC_V1,20 à 40,1,10.0,regionC,0,1,Non renseigné,0,Non renseigné,0,Animaux : cheval/rongeur,Non renseigné,41.92636363636364,12.113142857142858,9.724545454545455,3.2053333333333334,19.995217391304347
TFG0009,ISAC_V1,40 à 60,0,10.0,regionC,0,1,Non renseigné,0,Non renseigné,0,Animaux : cheval/rongeur,Non renseigné,0.0,0.4808571428571428,0.0,0.5213333333333333,2.4547826086956523
TFG0010,ISAC_V1,20 à 40,1,10.0,regionC,0,1,Non renseigné,0,Non renseigné,0,Animaux : cheval/rongeur,Non renseigné,6.911818181818182,0.5422857142857143,0.0,0.06266666666666666,2.0591304347826087
TFG0011,ISAC_V1,20 à 40,0,10.0,regionC,0,1,Non renseigné,0,Non renseigné,0,Animaux : cheval/rongeur,Non renseigné,2.952727272727273,0.4151428571428572,0.9227272727272727,0.035333333333333335,6.470434782608695
TFG0012,ISAC_V1,0 à 10,1,10.0,regionC,0,1,Non renseigné,0,Non renseigné,0,Animaux : cheval/rongeur,Non renseigné,0.0,0.26571428571428574,0.0,0.2793333333333334,0.19521739130434784
TFG0013,ISAC_V1,40 à 60,0,10.0,regionC,0,1,Non renseigné,0,Non renseigné,0,Animaux : cheval/rongeur,Non renseigné,0.0,0.2402857142857143,0.0,0.0,1.4608695652173913
TFG0014,ISAC_V1,20 à 40,0,10.0,regionC,0,1,Non renseigné,0,Non renseigné,0,Animaux : cheval/rongeur,Non renseigné,2.617272727272727,0.048,0.11363636363636363,0.8226666666666667,3.1917391304347826
TFG0015,ISAC_V1,20 à 40,1,10.0,regionC,0,1,Non renseigné,0,Non renseigné,0,Animaux : cheval/rongeur,Non renseigné,0.0,1.933142857142857,0.011818181818181818,0.0,16.285652173913043
TFG0016,ISAC_V1,0 à 10,1,11.0,regionC,0,1,Non renseigné,0,Non renseigné,0,Animaux : cheval/rongeur,Non renseigné,0.0,0.4897142857142857,0.0,0.0,0.0
TFG0017,ISAC_V1,10 à 20,1,11.0,regionC,0,1,Non renseigné,0,Non renseigné,0,Animaux : cheval/rongeur,Non renseigné,1.7836363636363637,0.07,0.34909090909090906,0.5213333333333333,0.24000000000000002
TFG0018,ISAC_V1,40 à 60,0,11.0,regionC,0,1,Non renseigné,0,Non renseigné,0,Animaux : cheval/rongeur,Non renseigné,2.6718181818181814,0.4057142857142857,0.018181818181818184,2.1993333333333336,1.874782608695652
TFG0019,ISAC_V1,10 à 20,1,11.0,regionC,0,1,Non renseigné,0,Non renseigné,0,Animaux : cheval/rongeur,Non renseigné,0.0,3.8942857142857137,0.1409090909090909,0.0,14.77826086956522
TFG0020,ISAC_V1,20 à 40,1,11.0,regionC,0,1,Non renseigné,0,Non renseigné,0,Animaux : cheval/rongeur,Non renseigné,1.2018181818181817,2.883142857142857,4.160909090909091,0.04533333333333334,8.68695652173913
TFG0021,ISAC_V1,10 à 20,1,12.0,regionC,0,1,Non renseigné,0,Non renseigné,0,Animaux : cheval/rongeur,Non renseigné,2.8127272727272725,2.2928571428571427,3.0772727272727276,0.9946666666666668,16.637826086956522
TFG0022,ISAC_V1,10 à 20,1,12.0,regionC,0,1,Non renseigné,0,Non renseigné,0,Animaux : cheval/rongeur,Non renseigné,0.12454545454545456,4.524285714285714,4.484545454545454,0.08133333333333333,32.079130434782606
TFG0023,ISAC_V1,20 à 40,1,12.0,regionC,0,1,Non renseigné,0,Non renseigné,0,Animaux : cheval/rongeur,Non renseigné,2.723636363636363,2.1082857142857145,2.32,0.028666666666666667,11.071739130434782
TFG0024,ISAC_V1,10 à 20,1,1.0,regionC,0,1,Non renseigné,0,Non renseigné,0,Animaux : cheval/rongeur,Non renseigné,0.0,1.5585714285714287,0.0,0.0,5.51608695652174
TFG0025,ISAC_V1,20 à 40,0,1.0,regionC,0,1,Non renseigné,0,Non renseigné,0,Animaux : cheval/rongeur,Non renseigné,4.296363636363637,0.028,0.13,0.0,0.2791304347826087
TFG0026,ISAC_V1,20 à 40,1,1.0,regionC,0,1,Non renseigné,0,Non renseigné,0,Animaux : cheval/rongeur,Non renseigné,0.042727272727272725,0.8451428571428571,4.575454545454545,1.2206666666666666,11.827826086956522
TFG0027,ISAC_V1,10 à 20,0,1.0,regionC,0,1,Non renseigné,0,Non renseigné,0,Animaux : cheval/rongeur,Non renseigné,42.35727272727273,1.1545714285714286,21.965454545454545,1.3453333333333333,6.362608695652174
TFG0028,ISAC_V1,20 à 40,1,1.0,regionC,0,1,Non renseigné,0,Non renseigné,0,Animaux : cheval/rongeur,Non renseigné,13.255454545454546,0.346,4.330909090909091,0.554,0.0
TFG0029,ISAC_V1,40 à 60,1,1.0,regionC,0,1,Non renseigné,0,Non renseigné,0,Animaux : cheval/rongeur,Non renseigné,2.5354545454545456,0.013714285714285714,0.0,0.4986666666666667,0.0
TFG0030,ISAC_V1,20 à 40,0,1.0,regionC,0,1,Non renseigné,0,Non renseigné,0,Animaux : cheval/rongeur,Non renseigné,1.8672727272727272,0.1922857142857143,0.33454545454545453,0.0,0.05434782608695652
TFG0031,ISAC_V1,20 à 40,1,1.0,regionC,0,1,Non renseigné,0,Non renseigné,0,Animaux : cheval/rongeur,Non renseigné,0.10363636363636362,6.388,0.8127272727272726,1.0373333333333334,0.6360869565217391
TFG0032,ISAC_V1,20 à 40,1,2.0,regionC,0,1,Non renseigné,0,Non renseigné,0,Animaux : cheval/rongeur,Non renseigné,3.8272727272727276,0.010571428571428572,0.0,0.0,16.79826086956522
TFG0033,ISAC_V1,0 à 10,0,2.0,regionC,0,1,Non renseigné,0,Non renseigné,0,Animaux : cheval/rongeur,Non renseigné,11.936363636363637,0.022285714285714287,0.0,0.0,0.1791304347826087
TFG0034,ISAC_V1,10 à 20,0,2.0,regionC,0,1,Non renseigné,0,Non renseigné,0,Animaux : cheval/rongeur,Non renseigné,14.152727272727274,0.044571428571428574,0.12727272727272726,0.0,2.2656521739130437
TFG0035,ISAC_V1,40 à 60,0,3.0,regionC,0,1,Non renseigné,0,Non renseigné,0,Animaux : cheval/rongeur,Non renseigné,0.031818181818181815,0.025714285714285714,0.0,0.052000000000000005,0.23043478260869565
TFG0036,ISAC_V1,10 à 20,1,3.0,regionC,0,1,Non renseigné,0,Non renseigné,0,Animaux : cheval/rongeur,Non renseigné,3.878181818181818,0.32457142857142857,0.11727272727272728,0.12466666666666668,1.1556521739130434
TFG0037,ISAC_V1,20 à 40,0,3.0,regionC,0,1,Non renseigné,0,Non renseigné,0,Animaux : cheval/rongeur,Non renseigné,0.0,0.28914285714285715,0.52,0.0,1.4678260869565216
TFG0038,ISAC_V1,0 à 10,0,3.0,regionC,0,1,Non renseigné,0,Non renseigné,0,Animaux : cheval/rongeur,Non renseigné,0.0,0.0,0.0,0.23466666666666666,0.0
TFG0039,ISAC_V1,20 à 40,0,3.0,regionC,0,1,Non renseigné,0,Non renseigné,0,Animaux : cheval/rongeur,Non renseigné,0.0,0.016,0.02727272727272727,0.752,2.1869565217391305
TFG0040,ISAC_V1,40 à 60,1,4.0,regionC,0,1,Non renseigné,0,Non renseigné,0,Animaux : cheval/rongeur,Non renseigné,0.0,0.20314285714285715,0.2772727272727273,0.0,0.7282608695652174
TFG0041,ISAC_V1,40 à 60,0,4.0,regionC,0,1,Non renseigné,0,Non renseigné,0,Animaux : cheval/rongeur,Non renseigné,0.5854545454545454,0.15114285714285713,0.9890909090909091,0.10866666666666666,1.4321739130434785
TFG0042,ISAC_V1,20 à 40,0,4.0,regionC,0,1,Non renseigné,0,Non renseigné,0,Animaux : cheval/rongeur,Non renseigné,0.0,0.30228571428571427,0.4881818181818181,0.0,1.585217391304348
TFG0043,ISAC_V1,20 à 40,0,5.0,regionC,0,1,Non renseigné,0,Non renseigné,0,Animaux : cheval/rongeur,Non renseigné,3.9400000000000004,0.05171428571428571,0.4772727272727273,0.0,0.14043478260869566
TFG0044,ISAC_V1,10 à 20,0,5.0,regionC,0,1,Non renseigné,0,Non renseigné,0,Animaux : cheval/rongeur,Non renseigné,9.727272727272727,2.053142857142857,0.7036363636363636,3.3920000000000003,0.0
TFG0045,ISAC_V1,0 à 10,1,6.0,regionC,0,1,Non renseigné,0,Non renseigné,0,Animaux : cheval/rongeur,Non renseigné,0.0,1.1948571428571428,1.2272727272727273,0.0,0.0
TFG0046,ISAC_V1,40 à 60,0,6.0,regionC,0,1,Non renseigné,0,Non renseigné,0,Animaux : cheval/rongeur,Non renseigné,0.0,1.796857142857143,0.8872727272727272,0.0,7.829565217391304
TFG0047,ISAC_V1,40 à 60,0,7.0,regionC,0,1,Non renseigné,0,Non renseigné,0,Animaux : cheval/rongeur,Non renseigné,0.8827272727272728,0.7051428571428572,0.0,0.0,2.5430434782608695
TFG0048,ISAC_V1,40 à 60,0,7.0,regionC,0,1,Non renseigné,0,Non renseigné,0,Animaux : cheval/rongeur,Non renseigné,0.0,0.0,0.09090909090909091,0.10400000000000001,1.3613043478260871
TFG0049,ISAC_V1,20 à 40,0,7.0,regionC,0,1,Non renseigné,0,Non renseigné,0,Animaux : cheval/rongeur,Non renseigné,1.3736363636363635,0.0,0.07272727272727274,0.0,0.13608695652173913
TFG0050,ISAC_V1,20 à 40,0,7.0,regionC,0,1,Non renseigné,0,Non renseigné,0,Animaux : cheval/rongeur,Non renseigné,2.583636363636364,0.25657142857142856,2.35,0.068,4.274347826086957
TFG0051,ISAC_V1,0 à 10,0,9.0,regionC,0,1,Non renseigné,0,Non renseigné,0,Animaux : cheval/rongeur,Non renseigné,0.0,0.44371428571428567,2.558181818181818,0.0,2.1139130434782607
TFG0052,ISAC_V1,20 à 40,0,9.0,regionC,0,1,Non renseigné,0,Non renseigné,0,Animaux : cheval/rongeur,Non renseigné,0.0,0.44885714285714284,0.11636363636363636,0.0,4.478695652173912
TFG0053,ISAC_V1,20 à 40,1,10.0,regionC,0,1,Non renseigné,0,Non renseigné,0,Animaux : cheval/rongeur,Non renseigné,27.35818181818182,9.982285714285714,2.3181818181818183,0.112,21.09391304347826
TFG0054,ISAC_V1,20 à 40,0,10.0,regionC,0,1,Non renseigné,0,Non renseigné,0,Animaux : cheval/rongeur,Non renseigné,30.814545454545453,4.610285714285714,10.293636363636363,0.048,3.790434782608696
TFG0055,ISAC_V1,0 à 10,1,10.0,regionC,0,1,Non renseigné,0,Non renseigné,0,Animaux : cheval/rongeur,Non renseigné,9.167272727272728,0.13457142857142856,0.0,0.0,1.817826086956522
TFG0056,ISAC_V1,20 à 40,1,10.0,regionC,0,1,Non renseigné,0,Non renseigné,0,Animaux : cheval/rongeur,Non renseigné,1.8745454545454543,0.6834285714285715,1.2272727272727273,2.0433333333333334,4.942608695652174
TFG0057,ISAC_V1,40 à 60,1,10.0,regionC,0,1,Non renseigné,0,Non renseigné,0,Animaux : cheval/rongeur,Non renseigné,0.43636363636363634,0.9580000000000001,0.0,0.12733333333333333,3.1652173913043478
TFG0058,ISAC_V1,20 à 40,0,10.0,regionC,0,1,Non renseigné,0,Non renseigné,0,Animaux : cheval/rongeur,Non renseigné,0.0,0.08457142857142858,0.0,0.0,0.38
TFG0059,ISAC_V1,20 à 40,0,10.0,regionC,0,1,Non renseigné,0,Non renseigné,0,Animaux : cheval/rongeur,Non renseigné,0.7527272727272728,0.18571428571428572,0.5818181818181818,0.0,4.969565217391304
TFG0060,ISAC_V1,20 à 40,1,10.0,regionC,0,1,Non renseigné,0,Non renseigné,0,Animaux : cheval/rongeur,Non renseigné,0.6154545454545454,0.19428571428571428,4.198181818181818,3.070666666666667,3.8360869565217395
TFG0061,ISAC_V1,20 à 40,1,10.0,regionC,0,1,Non renseigné,0,Non renseigné,0,Animaux : cheval/rongeur,Non renseigné,25.779999999999998,0.9362857142857142,0.6772727272727272,0.0,0.27217391304347827
TFG0062,ISAC_V1,20 à 40,0,11.0,regionC,0,1,Non renseigné,0,Non renseigné,0,Animaux : cheval/rongeur,Non renseigné,15.532727272727273,1.3437142857142856,2.769090909090909,1.7653333333333334,10.173478260869565
TFG0063,ISAC_V1,40 à 60,0,11.0,regionC,0,1,Non renseigné,0,Non renseigné,0,Animaux : cheval/rongeur,Non renseigné,0.5936363636363636,0.76,1.1190909090909091,0.4153333333333334,14.458695652173914
TFG0064,ISAC_V1,40 à 60,0,11.0,regionC,0,1,Non renseigné,0,Non renseigné,0,Animaux : cheval/rongeur,Non renseigné,0.0,0.1877142857142857,0.8945454545454545,0.0,0.5973913043478261
TFG0065,ISAC_V1,60 à Plus,1,9.0,regionC,0,0,Non renseigné,0,Non renseigné,0,Animaux : cheval/rongeur,Non renseigné,0.0,0.0,0.0,0.0,0.0
TFG0066,ISAC_V1,20 à 40,0,9.0,regionC,0,1,Non renseigné,0,Non renseigné,0,Animaux : cheval/rongeur,Non renseigné,0.0,0.0,0.0,0.0,4.836956521739131
TFG0067,ISAC_V1,20 à 40,0,9.0,regionC,0,1,Non renseigné,0,Non renseigné,0,Animaux : cheval/rongeur,Non renseigné,0.18181818181818182,0.027142857142857146,0.46727272727272734,0.0,0.6978260869565218
TFG0068,ISAC_V1,10 à 20,0,10.0,regionC,0,1,Non renseigné,0,Non renseigné,0,Animaux : cheval/rongeur,Non renseigné,0.08090909090909092,0.046,0.0,0.026000000000000002,0.3704347826086956
TFG0069,ISAC_V1,20 à 40,0,10.0,regionC,0,1,Non renseigné,0,Non renseigné,0,Animaux : cheval/rongeur,Non renseigné,0.0,0.0,0.0,0.0,4.19
TFG0070,ISAC_V1,40 à 60,1,10.0,regionC,0,1,Non renseigné,0,Non renseigné,0,Animaux : cheval/rongeur,Non renseigné,0.0,0.06971428571428571,0.0,0.0,3.92304347826087
TFG0071,ISAC_V1,20 à 40,1,10.0,regionC,0,1,Non renseigné,0,Non renseigné,0,Animaux : cheval/rongeur,Non renseigné,1.789090909090909,0.0,0.06909090909090909,0.0,0.0
TFG0072,ISAC_V1,20 à 40,1,10.0,regionC,0,1,Non renseigné,0,Non renseigné,0,Animaux : cheval/rongeur,Non renseigné,0.0,0.29085714285714287,0.0,0.0,0.6947826086956522
TFG0073,ISAC_V1,40 à 60,0,10.0,regionC,0,1,Non renseigné,0,Non renseigné,0,Animaux : cheval/rongeur,Non renseigné,0.4209090909090909,0.008,0.32363636363636367,0.02666666666666667,0.7704347826086956
TFG0074,ISAC_V1,40 à 60,0,10.0,regionC,0,1,Non renseigné,0,Non renseigné,0,Animaux : cheval/rongeur,Non renseigné,0.2727272727272727,0.0,0.0990909090909091,0.0,0.6643478260869565
TFG0075,ISAC_V1,40 à 60,1,11.0,regionC,0,0,Non renseigné,0,Non renseigné,0,Animaux : cheval/rongeur,Non renseigné,0.0,0.0,0.0,0.0,0.0
TFG0076,ISAC_V1,20 à 40,1,11.0,regionC,0,1,Non renseigné,0,Non renseigné,0,Animaux : cheval/rongeur,Non renseigné,1.8890909090909092,0.0,1.1127272727272728,0.0,0.7165217391304348
TFG0077,ISAC_V1,40 à 60,0,12.0,regionC,0,1,Non renseigné,0,Non renseigné,0,Animaux : cheval/rongeur,Non renseigné,0.2081818181818182,0.0,0.0,1.2766666666666666,0.019130434782608695
TFG0078,ISAC_V1,60 à Plus,0,12.0,regionC,0,0,Non renseigné,0,Non renseigné,0,Animaux : cheval/rongeur,Non renseigné,0.0,0.0,0.0,0.0,0.0
TFG0079,ISAC_V1,40 à 60,1,12.0,regionC,0,1,Non renseigné,0,Non renseigné,0,Animaux : cheval/rongeur,Non renseigné,0.0,0.0,0.0,0.0,0.6047826086956521
TFG0080,ISAC_V1,20 à 40,0,12.0,regionC,0,1,Non renseigné,0,Non renseigné,0,Animaux : cheval/rongeur,Non renseigné,4.1863636363636365,0.0,0.7172727272727273,0.0,0.020869565217391303
TFG0081,ISAC_V1,40 à 60,0,12.0,regionC,0,0,Non renseigné,0,Non renseigné,0,Animaux : cheval/rongeur,Non renseigné,0.0,0.0,0.0,0.0,0.0
TFG0082,ISAC_V1,40 à 60,0,1.0,regionC,0,0,Non renseigné,0,Non renseigné,0,Animaux : cheval/rongeur,Non renseigné,0.0,0.0,0.0,0.0,0.0
TFG0083,ISAC_V1,0 à 10,1,1.0,regionC,0,1,Non renseigné,0,Non renseigné,0,Animaux : cheval/rongeur,Non renseigné,0.0,0.056,0.0,0.83,0.014347826086956523
TFG0084,ISAC_V1,60 à Plus,1,2.0,regionC,0,1,Non renseigné,0,Non renseigné,0,Animaux : cheval/rongeur,Non renseigné,0.0,0.0,0.0,0.0,0.04217391304347826
TFG0085,ISAC_V1,40 à 60,0,2.0,regionC,0,1,Non renseigné,0,Non renseigné,0,Animaux : cheval/rongeur,Non renseigné,3.521818181818182,0.0,0.0,0.0,0.0
TFG0086,ISAC_V1,60 à Plus,0,2.0,regionC,0,1,Non renseigné,0,Non renseigné,0,Animaux : cheval/rongeur,Non renseigné,0.0,0.02885714285714286,0.0,0.0,0.14478260869565218
TFG0087,ISAC_V1,40 à 60,1,2.0,regionC,0,1,Non renseigné,0,Non renseigné,0,Animaux : cheval/rongeur,Non renseigné,0.03636363636363637,0.05285714285714286,0.0,0.0,0.26652173913043475
TFG0088,ISAC_V1,20 à 40,0,3.0,regionC,0,1,Non renseigné,0,Non renseigné,0,Animaux : cheval/rongeur,Non renseigné,0.9854545454545455,0.2294285714285714,0.0,0.0,0.15304347826086956
TFG0089,ISAC_V1,20 à 40,1,3.0,regionC,0,1,Non renseigné,0,Non renseigné,0,Animaux : cheval/rongeur,Non renseigné,0.0,0.10142857142857142,0.2827272727272727,0.0,2.35
TFG0090,ISAC_V1,20 à 40,1,3.0,regionC,0,1,Non renseigné,0,Non renseigné,0,Animaux : cheval/rongeur,Non renseigné,0.0,0.13114285714285714,0.3154545454545455,0.0,0.4982608695652174
TFG0091,ISAC_V1,40 à 60,0,3.0,regionC,0,1,Non renseigné,0,Non renseigné,0,Animaux : cheval/rongeur,Non renseigné,0.0,0.0,0.0,0.05,1.6504347826086956
TFG0092,ISAC_V1,60 à Plus,0,4.0,regionC,0,1,Non renseigné,0,Non renseigné,0,Animaux : cheval/rongeur,Non renseigné,0.0,0.0,0.23272727272727273,0.0,0.2126086956521739
TFG0093,ISAC_V1,40 à 60,0,4.0,regionC,0,1,Non renseigné,0,Non renseigné,0,Animaux : cheval/rongeur,Non renseigné,0.0,0.0,0.030000000000000002,0.0,0.0
TFG0094,ISAC_V1,0 à 10,1,4.0,regionC,0,0,Non renseigné,0,Non renseigné,0,Animaux : cheval/rongeur,Non renseigné,0.0,0.0,0.0,0.0,0.0
TFG0095,ISAC_V1,10 à 20,0,4.0,regionC,0,0,Non renseigné,0,Non renseigné,0,Animaux : cheval/rongeur,Non renseigné,0.0,0.0,0.0,0.0,0.0
TFG0096,ISAC_V1,20 à 40,0,7.0,regionC,0,1,Non renseigné,0,Non renseigné,0,Animaux : cheval/rongeur,Non renseigné,0.01909090909090909,0.0,0.0,0.0,0.06695652173913044
TFG0097,ISAC_V1,60 à Plus,0,7.0,regionC,0,1,Non renseigné,0,Non renseigné,0,Animaux : cheval/rongeur,Non renseigné,0.0,0.0,0.3618181818181818,0.0,0.4569565217391305
TFG0098,ISAC_V1,10 à 20,0,7.0,regionC,0,1,Non renseigné,0,Non renseigné,0,Animaux : cheval/rongeur,Non renseigné,0.0,0.0,0.0,0.0,0.024347826086956525
TFG0099,ISAC_V1,20 à 40,0,7.0,regionC,0,1,Non renseigné,0,Non renseigné,0,Animaux : cheval/rongeur,Non renseigné,0.025454545454545455,0.019142857142857145,3.632727272727273,0.0,0.0
TFG0100,ISAC_V1,20 à 40,0,8.0,regionC,0,0,Non renseigné,0,Non renseigné,0,Animaux : cheval/rongeur,Non renseigné,0.024545454545454547,0.007714285714285715,0.0,0.0,0.0
TFG0101,ISAC_V1,10 à 20,0,9.0,regionC,0,0,Non renseigné,0,Non renseigné,0,Animaux : cheval/rongeur,Non renseigné,0.0,0.0,0.0,0.0,0.0
TFG0102,ISAC_V1,60 à Plus,1,9.0,regionC,0,0,Non renseigné,0,Non renseigné,0,Animaux : cheval/rongeur,Non renseigné,0.0,0.0,0.0,0.0,0.0
TFG0103,ISAC_V1,60 à Plus,1,9.0,regionC,0,1,Non renseigné,0,Non renseigné,0,Animaux : cheval/rongeur,Non renseigné,0.0,0.026285714285714284,0.0,0.12066666666666667,0.0
TFG0104,ISAC_V1,40 à 60,0,9.0,regionC,0,1,Non renseigné,0,Non renseigné,0,Animaux : cheval/rongeur,Non renseigné,0.0,0.009428571428571429,0.0,0.0,0.14347826086956522
TFG0105,ISAC_V1,40 à 60,0,10.0,regionC,0,1,Non renseigné,0,Non renseigné,0,Animaux : cheval/rongeur,Non renseigné,0.0,0.0,0.0,0.0,0.04608695652173913
TFG0106,ISAC_V1,20 à 40,0,11.0,regionC,0,1,Non renseigné,0,Non renseigné,0,Animaux : cheval/rongeur,Non renseigné,0.26,0.0,0.0,0.0,0.013478260869565217
TFG0107,ISAC_V1,40 à 60,0,12.0,regionC,0,1,Non renseigné,0,Non renseigné,0,Animaux : cheval/rongeur,Non renseigné,0.0,0.033428571428571426,0.7899999999999999,0.0,0.06521739130434782
TFG0108,ISAC_V2,20 à 40,0,7.0,regionC,0,1,Non renseigné,0,Non renseigné,0,Animaux : cheval/rongeur,Non renseigné,0.03909090909090909,0.026857142857142857,6.044545454545456,0.0,0.0
TFG0109,ISAC_V2,40 à 60,0,12.0,regionC,1,1,Non renseigné,0,Non renseigné,0,Animaux : cheval/rongeur,Non renseigné,0.0,0.0,1.1154545454545455,0.0,0.0
TFG0110,ISAC_V2,20 à 40,0,12.0,regionC,1,1,Non renseigné,0,Non renseigné,0,Animaux : cheval/rongeur,Non renseigné,0.0,0.0,0.21090909090909093,0.0,2.5004347826086954
TFG0111,ISAC_V2,40 à 60,0,1.0,regionJ,0,0,Non renseigné,0,Non renseigné,0,Animaux : cheval/rongeur,Non renseigné,0.0,0.0,0.0,0.0,0.0
TFG0112,ISAC_V2,60 à Plus,0,1.0,regionC,1,0,Non renseigné,0,Non renseigné,0,Animaux : cheval/rongeur,Non renseigné,0.0,0.0,0.0,0.0,0.0
TFG0113,ISAC_V2,0 à 10,0,1.0,regionC,1,1,Non renseigné,0,Non renseigné,0,Animaux : cheval/rongeur,Non renseigné,0.0,0.0,0.0,0.0,0.30695652173913046
TFG0114,ISAC_V2,0 à 10,1,1.0,regionC,1,1,Non renseigné,0,Non renseigné,0,Animaux : cheval/rongeur,Non renseigné,2.0854545454545454,0.0,1.44,2.021333333333333,4.457826086956522
TFG0115,ISAC_V2,20 à 40,1,1.0,regionC,1,1,Non renseigné,0,Non renseigné,0,Animaux : cheval/rongeur,Non renseigné,0.0,0.06085714285714285,0.0,0.0,0.22130434782608696
TFG0116,ISAC_V2,0 à 10,1,1.0,regionC,1,1,Non renseigné,0,Non renseigné,0,Animaux : cheval/rongeur,Non renseigné,11.30909090909091,4.853142857142857,0.7490909090909091,10.638,2.367391304347826
TFG0117,ISAC_V2,20 à 40,0,2.0,regionC,1,0,Non renseigné,0,Non renseigné,0,Animaux : cheval/rongeur,Non renseigné,0.0,0.0,0.0,0.0,0.0
TFG0118,ISAC_V2,40 à 60,1,2.0,regionC,1,1,Non renseigné,0,Non renseigné,0,Animaux : cheval/rongeur,Non renseigné,1.8036363636363637,0.29542857142857143,0.9345454545454547,0.0,2.3569565217391304
TFG0119,ISAC_V2,10 à 20,1,2.0,regionC,1,1,Non renseigné,0,Non renseigné,0,Animaux : cheval/rongeur,Non renseigné,0.0,0.11857142857142858,0.0,0.02,0.0
TFG0120,ISAC_V2,20 à 40,1,2.0,regionC,1,0,Non renseigné,0,Non renseigné,0,Animaux : cheval/rongeur,Non renseigné,0.0,0.0,0.0,0.0,0.0
TFG0121,ISAC_V2,40 à 60,1,2.0,regionC,1,1,Non renseigné,0,Non renseigné,0,Animaux : cheval/rongeur,Non renseigné,0.0,0.20971428571428571,0.0,0.0,0.7130434782608696
TFG0122,ISAC_V2,10 à 20,1,2.0,regionC,1,0,Non renseigné,0,0 - 2 ans,1,Animaux : cheval/rongeur,Pas de traitement,0.0,0.0,0.0,0.0,0.0
TFG0123,ISAC_V2,40 à 60,0,2.0,regionC,1,1,Non renseigné,0,Non renseigné,0,Animaux : cheval/rongeur,Non renseigné,5.53,0.124,0.2772727272727273,0.0,2.286086956521739
TFG0124,ISAC_V2,10 à 20,1,2.0,regionC,1,1,Non renseigné,0,Non renseigné,0,Animaux : cheval/rongeur,Non renseigné,1.7872727272727273,0.9522857142857143,0.6936363636363636,1.6206666666666665,3.2665217391304346
TFG0125,ISAC_V2,20 à 40,1,3.0,regionC,1,1,Non renseigné,0,Non renseigné,0,Animaux : cheval/rongeur,Non renseigné,4.025454545454545,0.18657142857142858,2.1645454545454546,0.136,1.7382608695652175
TFG0126,ISAC_V2,40 à 60,0,3.0,regionC,1,0,Non renseigné,0,Non renseigné,0,Animaux : cheval/rongeur,Non renseigné,0.0,0.0,0.0,0.0,0.0
TFG0127,ISAC_V2,60 à Plus,1,2.0,regionC,1,1,Non renseigné,0,Non renseigné,0,Animaux : cheval/rongeur,Non renseigné,0.16000000000000003,0.0,0.0,0.0,0.0
TFG0128,ISAC_V2,10 à 20,1,2.0,regionC,1,0,Non renseigné,0,Non renseigné,0,Animaux : cheval/rongeur,Non renseigné,0.0,0.0,0.0,0.0,0.0
TFG0129,ISAC_V2,40 à 60,0,1.0,regionC,1,0,Non renseigné,0,Non renseigné,0,Animaux : cheval/rongeur,Non renseigné,0.0,0.0,0.0,0.0,0.0
TFG0130,ISAC_V2,40 à 60,0,1.0,regionC,1,0,Non renseigné,0,Non renseigné,0,Animaux : cheval/rongeur,Non renseigné,0.0,0.0,0.0,0.0,0.0
TFG0131,ISAC_V2,60 à Plus,0,2.0,regionC,1,1,Non renseigné,0,Non renseigné,0,Animaux : cheval/rongeur,Non renseigné,0.0,0.0,0.0,0.0,0.04956521739130435
TFG0132,ISAC_V2,20 à 40,1,2.0,regionC,1,0,Non renseigné,0,Non renseigné,0,Animaux : cheval/rongeur,Non renseigné,0.0,0.0,0.0,0.0,0.0
TFG0133,ISAC_V2,60 à Plus,0,1.0,regionC,1,0,Non renseigné,0,Non renseigné,0,Animaux : cheval/rongeur,Non renseigné,0.0,0.0,0.0,0.0,0.0
TFG0134,ISAC_V2,40 à 60,0,3.0,regionC,1,1,Non renseigné,0,Non renseigné,0,Animaux : cheval/rongeur,Non renseigné,0.0,0.0,0.0,0.0,0.40652173913043477
TFG0135,ISAC_V2,20 à 40,0,3.0,regionC,1,0,Non renseigné,0,Aucun,0,Aucun,Pas de traitement,0.0,0.0,0.0,0.0,0.0
TFG0136,ISAC_V2,60 à Plus,1,4.0,regionC,1,1,Non renseigné,0,Non renseigné,0,Animaux : cheval/rongeur,Non renseigné,4.9772727272727275,0.0,0.042727272727272725,0.02,0.15260869565217391
TFG0137,ISAC_V2,20 à 40,1,4.0,regionC,1,1,Non renseigné,0,Non renseigné,0,Animaux : cheval/rongeur,Non renseigné,0.0,0.0,0.0,0.0,0.0
TFG0138,ISAC_V2,60 à Plus,0,5.0,regionC,1,0,Aucun,0,Aucun,0,Aucun,Pas de traitement,0.0,0.0,0.0,0.0,0.0
TFG0139,ISAC_V2,40 à 60,0,5.0,regionC,1,1,Non renseigné,0,Non renseigné,0,Animaux : cheval/rongeur,Non renseigné,0.0,0.5177142857142857,0.0,0.0,2.002173913043478
TFG0140,ISAC_V2,0 à 10,0,5.0,regionC,1,0,Non renseigné,0,Non renseigné,0,Animaux : cheval/rongeur,Non renseigné,0.0,0.0,0.0,0.0,0.0
TFG0141,ISAC_V2,20 à 40,1,5.0,regionC,1,1,Non renseigné,0,3 - 10 ans,1,Aucun,Pas de traitement,2.437272727272727,0.02457142857142857,0.2290909090909091,0.0,0.34304347826086956
TFG0142,ISAC_V2,20 à 40,0,5.0,regionC,1,1,Non renseigné,0,Non renseigné,0,Animaux : cheval/rongeur,Non renseigné,0.0,0.044571428571428574,0.0,0.0,0.7030434782608697
TFG0143,ISAC_V2,20 à 40,0,5.0,regionC,1,1,Non renseigné,0,Non renseigné,0,Animaux : cheval/rongeur,Non renseigné,0.0,0.5688571428571428,0.0,0.0,3.0247826086956517
TFG0144,ISAC_V2,0 à 10,1,6.0,regionC,1,1,Non renseigné,0,Non renseigné,0,Animaux : cheval/rongeur,Non renseigné,0.0,0.0,0.0,0.0,0.0
TFG0145,ISAC_V2,40 à 60,0,6.0,regionC,1,0,Non renseigné,0,Aucun,0,Aucun,Pas de traitement,0.0,0.0,0.0,0.0,0.0
TFG0146,ISAC_V2,20 à 40,0,6.0,regionC,1,1,Non renseigné,0,Non renseigné,0,Animaux : cheval/rongeur,Non renseigné,2.983636363636364,0.0,0.08363636363636363,0.0,0.201304347826087
TFG0147,ISAC_V2,60 à Plus,0,6.0,regionC,1,0,Non renseigné,0,Non renseigné,0,Animaux : cheval/rongeur,Non renseigné,0.0,0.0,0.0,0.0,0.0
TFG0148,ISAC_V2,40 à 60,0,6.0,regionC,1,1,Non renseigné,0,3 - 10 ans,1,Effort/Activité sportive,Pas de traitement,0.0,0.06885714285714287,0.0,0.0,0.20043478260869563
TFG0149,ISAC_V2,20 à 40,1,6.0,regionC,1,1,Aucun,0,Aucun,0,Aucun,Pas de traitement,0.024545454545454547,0.0,0.0,0.0,0.01826086956521739
TFG0150,ISAC_V2,10 à 20,1,6.0,regionC,1,1,Non renseigné,0,Non renseigné,0,Animaux : cheval/rongeur,Non renseigné,3.9736363636363636,0.0,0.0,0.0,0.1391304347826087
TFG0151,ISAC_V2,20 à 40,0,6.0,regionC,1,1,Non renseigné,0,Non renseigné,0,Animaux : cheval/rongeur,Non renseigné,3.791818181818182,1.1600000000000001,0.6727272727272727,0.0,0.6056521739130435
TFG0152,ISAC_V2,10 à 20,1,6.0,regionL,0,1,Non renseigné,0,2 - 3 ans,1,Animaux : cheval/rongeur,Pas de traitement,53.439090909090915,32.13771428571428,74.87181818181817,1.8733333333333335,31.100869565217394
TFG0153,ISAC_V2,10 à 20,0,6.0,regionC,1,1,Non renseigné,0,Non renseigné,0,Animaux : cheval/rongeur,Non renseigné,13.80090909090909,0.316,0.8154545454545455,0.0,1.8569565217391304
TFG0154,ISAC_V2,10 à 20,0,6.0,regionC,1,0,Non renseigné,0,Non renseigné,0,Animaux : cheval/rongeur,Non renseigné,0.0,0.0,0.0,0.0,0.0
TFG0155,ISAC_V2,40 à 60,0,7.0,regionC,1,0,Non renseigné,0,3 - 10 ans,1,Aucun,Non renseigné,0.0,0.0,0.0,0.0,0.0
TFG0156,ISAC_V2,20 à 40,0,7.0,regionC,1,1,Non renseigné,0,0 - 2 ans,1,Aucun,Pas de traitement,2.2427272727272727,3.2828571428571425,14.659090909090908,0.0,22.75913043478261
TFG0157,ISAC_V2,20 à 40,0,7.0,regionC,1,1,Non renseigné,0,Non renseigné,0,Animaux : cheval/rongeur,Non renseigné,0.0,0.0,0.3009090909090909,0.0,0.0626086956521739
TFG0158,ISAC_V2,0 à 10,1,7.0,regionC,1,1,Non renseigné,0,Non renseigné,0,Animaux : cheval/rongeur,Non renseigné,0.0,0.39257142857142857,8.376363636363637,0.0,0.16608695652173913
TFG0159,ISAC_V2,20 à 40,1,8.0,regionC,1,1,Non renseigné,0,Non renseigné,0,Animaux : cheval/rongeur,Non renseigné,0.06454545454545454,0.19171428571428573,22.984545454545454,0.0,0.33391304347826084
TFG0160,ISAC_V2,40 à 60,1,8.0,regionC,1,1,Non renseigné,0,Non renseigné,0,Animaux : cheval/rongeur,Non renseigné,0.24727272727272726,0.06542857142857143,0.0,0.616,1.9952173913043478
TFG0161,ISAC_V2,40 à 60,0,9.0,regionC,1,1,Non renseigné,0,Non renseigné,0,Animaux : cheval/rongeur,Non renseigné,0.0,0.16885714285714284,0.0,0.0,1.7939130434782609
TFG0162,ISAC_V2,20 à 40,1,9.0,regionC,1,1,Aucun,1,Aucun,0,Animaux : chat/chien,Pas de traitement,0.0,0.0,1.1863636363636365,0.0,0.0
TFG0163,ISAC_V2,0 à 10,1,9.0,regionC,1,1,Non renseigné,0,Non renseigné,0,Animaux : cheval/rongeur,Non renseigné,0.0,0.5071428571428571,0.0,0.0,0.3591304347826087
TFG0164,ISAC_V2,20 à 40,0,9.0,regionC,1,1,Non renseigné,0,Non renseigné,0,Animaux : cheval/rongeur,Non renseigné,82.85000000000001,18.589142857142857,101.92636363636365,6.544,54.560869565217395
TFG0165,ISAC_V2,20 à 40,0,10.0,regionC,1,0,Non renseigné,0,Non renseigné,0,Animaux : cheval/rongeur,Non renseigné,0.0,0.0,0.0,0.0,0.0
TFG0166,ISAC_V2,20 à 40,0,10.0,regionF,1,1,Aucun,0,0 - 2 ans,1,Aucun,Pas de traitement,20.48090909090909,1.0571428571428572,0.1318181818181818,0.642,0.23565217391304347
TFG0167,ISAC_V2,20 à 40,0,11.0,regionC,1,1,Non renseigné,0,Non renseigné,0,Animaux : cheval/rongeur,Non renseigné,0.24727272727272726,0.36,1.1963636363636363,0.36133333333333334,0.8456521739130435
TFG0168,ISAC_V2,40 à 60,1,11.0,regionC,1,1,Aucun,0,Aucun,0,Aucun,Pas de traitement,5.577272727272727,1.957142857142857,4.3,0.9886666666666667,11.516521739130434
TFG0169,ISAC_V2,20 à 40,1,11.0,regionC,1,1,Non renseigné,0,Non renseigné,0,Animaux : cheval/rongeur,Non renseigné,1.3436363636363635,0.13514285714285715,0.2,0.21200000000000002,0.19999999999999998
TFG0170,ISAC_V2,60 à Plus,0,12.0,regionC,1,1,Aucun,0,Aucun,0,Aucun,Pas de traitement,0.0,0.0,0.08,0.0,0.0
TFG0171,ISAC_V2,40 à 60,1,12.0,regionC,1,1,Non renseigné,0,10 - 20 ans,1,Aucun,Pas de traitement,0.0,0.026285714285714287,0.0,0.0,0.3204347826086957
TFG0172,ISAC_V2,40 à 60,0,12.0,regionC,1,1,Non renseigné,0,3 - 10 ans,1,Aucun,Pas de traitement,0.0,0.8505714285714285,0.0,0.0,1.85
TFG0173,ISAC_V2,20 à 40,0,12.0,regionC,1,0,Non renseigné,0,Aucun,0,Aucun,Pas de traitement,0.0,0.0,0.0,0.0,0.0
TFG0174,ISAC_V2,60 à Plus,1,1.0,regionC,1,1,Aucun,0,10 - 20 ans,1,Aucun,Pas de traitement,0.0,0.03171428571428571,0.0,0.0,0.5508695652173913
TFG0175,ISAC_V2,0 à 10,1,1.0,regionC,1,1,Non renseigné,0,Non renseigné,0,Aucun,Pas de traitement,0.0,5.219428571428572,0.0,0.0,0.024347826086956525
TFG0176,ISAC_V2,0 à 10,0,1.0,regionC,1,1,Non renseigné,0,Non renseigné,0,Aucun,Pas de traitement,13.451818181818185,17.450285714285712,5.3954545454545455,0.066,0.3795652173913044
TFG0177,ISAC_V2,0 à 10,1,1.0,regionC,1,1,Anti-H1 + CS,0,0 - 2 ans,1,Aucun,Pas de traitement,0.0,0.114,0.0,0.0,0.0
TFG0178,ISAC_V2,20 à 40,0,2.0,regionC,1,1,Anti-H1 + CS,1,2 - 3 ans,1,Aucun,Pas de traitement,0.0,0.25142857142857145,0.04727272727272727,0.6253333333333334,3.5491304347826085
TFG0179,ISAC_V2,20 à 40,1,2.0,regionC,1,1,"Anti-H1, voie locale",1,10 - 20 ans,1,Aucun,Pas de traitement,8.465454545454547,1.9897142857142858,0.0,4.268666666666666,0.0
TFG0180,ISAC_V2,20 à 40,1,3.0,regionC,1,1,"Anti-H1, voie locale",0,Aucun,0,Aucun,Pas de traitement,0.0,0.027714285714285712,0.0,0.06466666666666666,0.4360869565217392
TFG0181,ISAC_V2,10 à 20,0,3.0,regionC,1,0,Aucun,0,Aucun,0,Animaux : chat/chien,Pas de traitement,0.0,0.0,0.0,0.0,0.0
TFG0182,ISAC_V2,60 à Plus,1,3.0,regionC,1,0,Aucun,0,Aucun,0,Aucun,Pas de traitement,0.0,0.0,0.0,0.0,0.0
TFG0183,ISAC_V2,60 à Plus,1,3.0,regionJ,1,0,Aucun,0,Aucun,1,Aucun,Pas de traitement,0.0,0.0,0.0,0.0,0.0
TFG0184,ISAC_V2,40 à 60,0,3.0,regionJ,1,0,Non renseigné,0,Aucun,0,Aucun,Pas de traitement,0.0,0.0,0.0,0.0,0.0
TFG0185,ISAC_V2,60 à Plus,0,4.0,regionC,1,0,Non renseigné,0,Aucun,0,Aucun,Pas de traitement,0.0,0.0,0.0,0.0,0.0
TFG0186,ISAC_V2,40 à 60,1,4.0,regionC,1,1,Aucun,0,Aucun,0,Aucun,Pas de traitement,0.03909090909090909,0.0,0.0,0.0,0.0
TFG0187,ISAC_V2,20 à 40,1,4.0,regionC,1,1,Non renseigné,0,Non renseigné,0,Animaux : cheval/rongeur,Non renseigné,0.7245454545454545,0.19685714285714284,0.27090909090909093,0.0,14.147391304347826
TFG0188,ISAC_V2,10 à 20,1,4.0,regionC,1,1,Non renseigné,0,Aucun,0,Effort/Activité sportive,Pas de traitement,0.0,8.35742857142857,0.0,0.24933333333333335,40.576521739130435
TFG0189,ISAC_V2,10 à 20,0,4.0,regionC,1,0,Aucun,0,Aucun,0,Aucun,Pas de traitement,0.0,0.0,0.0,0.0,0.0
TFG0190,ISAC_V2,10 à 20,1,9.0,regionI,0,1,Aucun,0,0 - 2 ans,1,Aucun,Pas de traitement,73.14818181818181,5.021999999999999,7.856363636363636,0.0,23.119565217391305
TFG0191,ISAC_V2,20 à 40,0,5.0,regionC,1,1,Aucun,0,2 - 3 ans,1,Aucun,Pas de traitement,0.04454545454545455,0.25571428571428567,0.0,0.0,1.1982608695652175
TFG0192,ISAC_V2,20 à 40,0,5.0,regionC,1,1,Non renseigné,0,Non renseigné,0,Animaux : cheval/rongeur,Non renseigné,1.8963636363636363,0.053142857142857144,0.0,0.0,1.3817391304347826
TFG0193,ISAC_V2,10 à 20,1,5.0,regionC,1,1,Non renseigné,0,Non renseigné,0,Animaux : cheval/rongeur,Non renseigné,0.5418181818181819,0.1457142857142857,0.05181818181818181,0.9273333333333333,18.26391304347826
TFG0194,ISAC_V2,20 à 40,0,6.0,regionC,1,1,Aucun,0,Aucun,0,Aucun,Pas de traitement,0.0,0.0,1.2154545454545456,9.943999999999999,0.8308695652173913
TFG0195,ISAC_V2,40 à 60,0,1.0,regionC,1,1,Non renseigné,0,Non renseigné,0,Animaux : cheval/rongeur,Non renseigné,0.0,0.0,0.0,0.0,0.5734782608695652
TFG0196,ISAC_V2,20 à 40,0,7.0,regionC,1,1,Non renseigné,0,3 - 10 ans,1,Aucun,Pas de traitement,0.18181818181818182,0.30057142857142854,0.2718181818181818,0.13533333333333336,2.996521739130435
TFG0197,ISAC_V2,20 à 40,1,8.0,regionC,1,1,Non renseigné,0,Non renseigné,0,Animaux : cheval/rongeur,Non renseigné,9.499090909090908,1.3625714285714285,0.0,0.19533333333333333,1.8247826086956522
TFG0198,ISAC_V2,20 à 40,0,8.0,regionC,1,1,Non renseigné,0,Non renseigné,0,Animaux : cheval/rongeur,Non renseigné,15.180909090909092,0.0,0.0,0.0,1.55
TFG0199,ISAC_V2,20 à 40,0,8.0,regionC,1,1,Non renseigné,0,Non renseigné,0,Animaux : cheval/rongeur,Non renseigné,0.0,0.4542857142857143,0.0,0.0,2.4139130434782605
TFG0200,ISAC_V2,20 à 40,0,8.0,regionC,1,1,Non renseigné,0,Non renseigné,0,Animaux : cheval/rongeur,Non renseigné,13.508181818181818,0.7462857142857142,1.000909090909091,0.4093333333333333,3.066086956521739
TFG0201,ISAC_V2,40 à 60,1,9.0,regionC,1,1,Non renseigné,0,Non renseigné,0,Animaux : cheval/rongeur,Non renseigné,0.0,0.0,0.0,0.0,0.5021739130434782
TFG0202,ISAC_V2,20 à 40,1,9.0,regionC,1,1,Non renseigné,0,2 - 3 ans,1,Aucun,Pas de traitement,0.0,0.3211428571428571,0.0,0.0,1.1704347826086956
TFG0203,ISAC_V2,10 à 20,1,9.0,regionC,1,1,Non renseigné,0,Non renseigné,0,Animaux : cheval/rongeur,Non renseigné,3.7418181818181817,0.0842857142857143,0.17545454545454545,0.42733333333333334,0.9852173913043478
TFG0204,ISAC_V2,20 à 40,0,10.0,regionC,1,1,Non renseigné,0,20 ans et plus,1,Aucun,Pas de traitement,12.964545454545457,0.018571428571428572,0.5427272727272727,0.0,1.6678260869565218
TFG0205,ISAC_V2,20 à 40,1,9.0,regionC,1,1,Non renseigné,0,Non renseigné,0,Animaux : cheval/rongeur,Non renseigné,6.202727272727273,0.0,0.0,0.0,0.024347826086956525
TFG0206,ISAC_V2,10 à 20,1,10.0,regionC,1,1,Non renseigné,0,3 - 10 ans,1,Aucun,Non renseigné,0.7481818181818182,0.07,0.17727272727272728,0.412,2.758695652173913
TFG0207,ISAC_V2,0 à 10,1,11.0,regionC,1,1,Non renseigné,0,Non renseigné,0,Animaux : cheval/rongeur,Non renseigné,1.1909090909090911,0.9742857142857143,3.0290909090909084,0.48200000000000004,4.802608695652173
TFG0208,ISAC_V2,0 à 10,1,11.0,regionC,1,1,Non renseigné,0,0 - 2 ans,1,Animaux : cheval/rongeur,Non renseigné,14.899090909090908,12.77742857142857,18.527272727272727,2.491333333333333,17.38695652173913
TFG0209,ISAC_V2,0 à 10,1,11.0,regionC,1,1,Non renseigné,0,Non renseigné,0,Animaux : cheval/rongeur,Non renseigné,2.7036363636363636,2.406285714285714,0.2918181818181818,0.0,0.09869565217391305
TFG0210,ISAC_V2,20 à 40,1,12.0,regionC,1,1,"Anti-H1, voie locale",0,Aucun,0,Aucun,Pas de traitement,6.653636363636363,0.14085714285714285,1.2281818181818183,0.47200000000000003,2.236521739130435
TFG0211,ISAC_V2,20 à 40,1,1.0,regionC,1,1,Non renseigné,0,3 - 10 ans,1,Animaux : chat/chien,Pas de traitement,3.3736363636363635,0.4808571428571428,2.8972727272727274,0.38666666666666666,5.530869565217392
TFG0212,ISAC_V2,20 à 40,0,2.0,regionC,1,1,Non renseigné,0,3 - 10 ans,1,Aucun,Pas de traitement,2.559090909090909,0.0,1.5981818181818184,0.0,0.054782608695652164
TFG0213,ISAC_V2,20 à 40,1,2.0,regionC,1,1,Aucun,0,Aucun,1,Aucun,Pas de traitement,0.5436363636363637,0.0,0.0,0.0,0.16
TFG0214,ISAC_V2,20 à 40,0,2.0,regionC,1,1,Non renseigné,0,Non renseigné,0,Animaux : cheval/rongeur,Non renseigné,0.0,0.358,0.0,0.0,1.956086956521739
TFG0215,ISAC_V2,20 à 40,1,7.0,regionC,0,1,Non renseigné,0,Non renseigné,0,Animaux : cheval/rongeur,Non renseigné,2.4372727272727275,1.5954285714285714,0.0,5.374,11.533043478260868
TFG0216,ISAC_V2,20 à 40,1,7.0,regionC,0,1,Non renseigné,0,Non renseigné,0,Animaux : cheval/rongeur,Non renseigné,0.0,5.364285714285714,0.5654545454545454,0.038,14.881304347826088
TFG0217,ISAC_V2,40 à 60,1,7.0,regionC,0,1,Non renseigné,0,Non renseigné,0,Animaux : cheval/rongeur,Non renseigné,0.0,0.27542857142857147,0.41363636363636364,0.0,0.4004347826086957
TFG0218,ISAC_V2,0 à 10,0,7.0,regionC,0,1,Non renseigné,0,Non renseigné,0,Animaux : cheval/rongeur,Non renseigné,0.0,0.12228571428571429,0.0,0.0,0.0
TFG0219,ISAC_V2,20 à 40,1,7.0,regionC,0,1,Non renseigné,0,Non renseigné,0,Animaux : cheval/rongeur,Non renseigné,19.906363636363636,2.484,0.0,0.43533333333333335,2.4130434782608696
TFG0220,ISAC_V2,20 à 40,0,7.0,regionC,0,1,Non renseigné,0,Non renseigné,0,Animaux : cheval/rongeur,Non renseigné,18.44454545454545,1.5622857142857143,0.0,0.0,0.6165217391304347
TFG0221,ISAC_V2,40 à 60,0,7.0,regionC,0,1,Non renseigné,0,Non renseigné,0,Animaux : cheval/rongeur,Non renseigné,0.42090909090909095,0.8911428571428571,0.0,0.0,4.495217391304348
TFG0222,ISAC_V2,20 à 40,1,7.0,regionC,0,1,Non renseigné,0,Non renseigné,0,Animaux : cheval/rongeur,Non renseigné,41.54454545454546,0.0,0.0,0.028,0.5173913043478261
TFG0223,ISAC_V2,40 à 60,0,7.0,regionC,0,1,Non renseigné,0,Non renseigné,0,Animaux : cheval/rongeur,Non renseigné,5.878181818181818,0.42114285714285715,1.1281818181818182,0.04066666666666666,2.6339130434782607
TFG0224,ISAC_V2,20 à 40,1,7.0,regionC,0,1,Non renseigné,0,Non renseigné,0,Animaux : cheval/rongeur,Non renseigné,72.47090909090909,3.816857142857143,14.62,6.174,38.08086956521739
TFG0225,ISAC_V2,10 à 20,1,7.0,regionC,0,1,Non renseigné,0,Non renseigné,0,Animaux : cheval/rongeur,Non renseigné,5.920909090909091,0.302,0.0,0.0,1.9565217391304348
TFG0226,ISAC_V2,40 à 60,1,7.0,regionC,0,1,Non renseigné,0,Non renseigné,0,Animaux : cheval/rongeur,Non renseigné,0.4081818181818182,0.0,0.0,0.0,0.0
TFG0227,ISAC_V2,10 à 20,0,7.0,regionC,0,1,Non renseigné,0,Non renseigné,0,Animaux : cheval/rongeur,Non renseigné,7.968181818181819,0.13399999999999998,2.2536363636363634,0.0,0.3860869565217392
TFG0228,ISAC_V2,20 à 40,1,7.0,regionC,0,1,Non renseigné,0,Non renseigné,0,Animaux : cheval/rongeur,Non renseigné,3.338181818181818,0.08342857142857142,0.12000000000000001,0.0,8.635217391304348
TFG0229,ISAC_V2,20 à 40,1,7.0,regionC,0,1,Non renseigné,0,Non renseigné,0,Animaux : cheval/rongeur,Non renseigné,1.68,0.094,0.27909090909090906,0.0,0.11913043478260871
TFG0230,ISAC_V2,20 à 40,1,7.0,regionC,0,1,Non renseigné,0,Non renseigné,0,Animaux : cheval/rongeur,Non renseigné,3.305454545454545,0.19828571428571426,0.4863636363636364,0.09666666666666666,0.2343478260869565
TFG0231,ISAC_V2,10 à 20,1,7.0,regionC,0,1,Non renseigné,0,Non renseigné,0,Animaux : cheval/rongeur,Non renseigné,4.674545454545455,0.0,0.0,0.08866666666666667,0.0
TFG0232,ISAC_V2,10 à 20,0,7.0,regionC,0,1,Non renseigné,0,Non renseigné,0,Animaux : cheval/rongeur,Non renseigné,0.0,0.6254285714285714,0.5372727272727272,0.0,2.3839130434782607
TFG0233,ISAC_V2,20 à 40,1,7.0,regionC,0,1,Non renseigné,0,Non renseigné,0,Animaux : cheval/rongeur,Non renseigné,2.8636363636363638,0.066,1.5963636363636362,0.0,0.44478260869565217
TFG0234,ISAC_V2,40 à 60,0,7.0,regionC,0,1,Non renseigné,0,Non renseigné,0,Animaux : cheval/rongeur,Non renseigné,3.7881818181818185,0.0,0.0,0.18866666666666668,2.146521739130435
TFG0235,ISAC_V2,20 à 40,1,7.0,regionC,0,1,Non renseigné,0,Non renseigné,0,Animaux : cheval/rongeur,Non renseigné,0.6054545454545455,0.0,0.0,0.0,4.603478260869565
TFG0236,ISAC_V2,60 à Plus,0,7.0,regionC,0,1,Non renseigné,0,Non renseigné,0,Animaux : cheval/rongeur,Non renseigné,0.36,0.0,0.05,0.0,0.0
TFG0237,ISAC_V2,40 à 60,0,7.0,regionC,0,1,Non renseigné,0,Non renseigné,0,Animaux : cheval/rongeur,Non renseigné,0.9872727272727272,0.19857142857142854,4.69,0.0,0.9943478260869566
TFG0238,ISAC_V2,60 à Plus,1,7.0,regionC,0,1,Non renseigné,0,Non renseigné,0,Animaux : cheval/rongeur,Non renseigné,0.6709090909090909,0.19057142857142856,2.787272727272727,0.11733333333333333,0.7404347826086956
TFG0239,ISAC_V2,40 à 60,1,7.0,regionC,0,1,Non renseigné,0,Non renseigné,0,Animaux : cheval/rongeur,Non renseigné,0.0,0.094,0.41727272727272724,0.0,0.571304347826087
TFG0240,ISAC_V2,10 à 20,1,7.0,regionC,0,1,Non renseigné,0,Non renseigné,0,Animaux : cheval/rongeur,Non renseigné,0.44727272727272727,0.09428571428571428,0.0,0.6146666666666666,6.238695652173912
TFG0241,ISAC_V2,0 à 10,0,7.0,regionC,0,1,Non renseigné,0,Non renseigné,0,Animaux : cheval/rongeur,Non renseigné,0.42363636363636364,0.0,0.0,2.231333333333333,0.26782608695652177
TFG0242,ISAC_V2,40 à 60,0,7.0,regionC,0,1,Non renseigné,0,Non renseigné,0,Animaux : cheval/rongeur,Non renseigné,10.643636363636364,0.3405714285714286,13.839090909090912,0.0,2.22
TFG0243,ISAC_V2,20 à 40,0,7.0,regionC,0,1,Non renseigné,0,Non renseigné,0,Animaux : cheval/rongeur,Non renseigné,0.43454545454545457,0.5800000000000001,0.28363636363636363,0.0,7.432608695652173
TFG0244,ISAC_V2,40 à 60,0,7.0,regionC,0,1,Non renseigné,0,Non renseigné,0,Animaux : cheval/rongeur,Non renseigné,43.46545454545455,0.012571428571428572,26.79,0.35200000000000004,0.9247826086956522
TFG0245,ISAC_V2,20 à 40,0,7.0,regionC,0,1,Non renseigné,0,Non renseigné,0,Animaux : cheval/rongeur,Non renseigné,0.8772727272727273,0.19685714285714284,0.14909090909090908,0.0,1.6943478260869564
TFG0246,ISAC_V2,20 à 40,1,7.0,regionC,0,1,Non renseigné,0,Non renseigné,0,Animaux : cheval/rongeur,Non renseigné,40.70818181818182,6.490285714285714,0.22727272727272727,0.8966666666666667,18.832173913043476
TFG0247,ISAC_V2,20 à 40,0,7.0,regionC,0,1,Non renseigné,0,Non renseigné,0,Animaux : cheval/rongeur,Non renseigné,91.24363636363637,10.136285714285714,46.777272727272724,10.240666666666668,0.41608695652173916
TFG0248,ISAC_V2,40 à 60,0,7.0,regionC,0,1,Non renseigné,0,Non renseigné,0,Animaux : cheval/rongeur,Non renseigné,35.412727272727274,0.0,0.6836363636363636,0.0,0.0508695652173913
TFG0249,ISAC_V2,40 à 60,0,7.0,regionC,0,1,Non renseigné,0,Non renseigné,0,Animaux : cheval/rongeur,Non renseigné,9.895454545454545,0.013428571428571429,34.049090909090914,0.0,6.519130434782609
TFG0250,ISAC_V2,60 à Plus,0,7.0,regionC,0,0,Non renseigné,0,Non renseigné,0,Animaux : cheval/rongeur,Non renseigné,0.0,0.0,0.0,0.0,0.0
TFG0251,ISAC_V2,40 à 60,0,7.0,regionC,0,0,Non renseigné,0,Non renseigné,0,Animaux : cheval/rongeur,Non renseigné,0.0,0.0,0.0,0.0,0.0
TFG0252,ISAC_V2,20 à 40,0,7.0,regionC,0,0,Non renseigné,0,Non renseigné,0,Animaux : cheval/rongeur,Non renseigné,0.0,0.0,0.0,0.0,0.0
TFG0253,ISAC_V2,60 à Plus,1,7.0,regionC,0,0,Non renseigné,0,Non renseigné,0,Animaux : cheval/rongeur,Non renseigné,0.0,0.0,0.0,0.0,0.0
TFG0254,ISAC_V2,10 à 20,1,7.0,regionC,0,1,Non renseigné,0,Non renseigné,0,Animaux : cheval/rongeur,Non renseigné,0.0,0.2662857142857143,0.0,0.0,0.0
TFG0255,ISAC_V2,60 à Plus,1,7.0,regionC,0,0,Non renseigné,0,Non renseigné,0,Animaux : cheval/rongeur,Non renseigné,0.0,0.0,0.0,0.0,0.0
TFG0256,ISAC_V2,40 à 60,0,7.0,regionC,0,1,Non renseigné,0,Non renseigné,0,Animaux : cheval/rongeur,Non renseigné,0.0,0.018571428571428572,0.0,0.0,0.08869565217391305
TFG0257,ISAC_V2,40 à 60,1,7.0,regionC,0,0,Non renseigné,0,Non renseigné,0,Animaux : cheval/rongeur,Non renseigné,0.0,0.0,0.0,0.0,0.0
TFG0258,ISAC_V2,40 à 60,0,7.0,regionC,0,1,Non renseigné,0,Non renseigné,0,Animaux : cheval/rongeur,Non renseigné,0.0,0.0,0.0,0.0,0.07695652173913044
TFG0259,ISAC_V2,40 à 60,1,7.0,regionC,0,0,Non renseigné,0,Non renseigné,0,Animaux : cheval/rongeur,Non renseigné,0.0,0.0,0.0,0.0,0.0
TFG0260,ISAC_V2,20 à 40,1,7.0,regionC,0,1,Non renseigné,0,Non renseigné,0,Animaux : cheval/rongeur,Non renseigné,0.0,0.0,0.0,0.0,0.23565217391304347
TFG0261,ISAC_V2,20 à 40,1,7.0,regionC,0,0,Non renseigné,0,Non renseigné,0,Animaux : cheval/rongeur,Non renseigné,0.0,0.0,0.0,0.0,0.0
TFG0262,ISAC_V2,40 à 60,0,7.0,regionC,0,1,Non renseigné,0,Non renseigné,0,Animaux : cheval/rongeur,Non renseigné,0.0,0.0,0.0,0.0,0.8230434782608695
TFG0263,ISAC_V2,20 à 40,0,7.0,regionC,0,1,Non renseigné,0,Non renseigné,0,Animaux : cheval/rongeur,Non renseigné,0.04818181818181819,0.0,0.0,0.152,0.0
TFG0264,ISAC_V2,60 à Plus,0,7.0,regionC,0,0,Non renseigné,0,Non renseigné,0,Animaux : cheval/rongeur,Non renseigné,0.0,0.0,0.0,0.0,0.0
TFG0265,ISAC_V2,20 à 40,0,7.0,regionC,0,1,Non renseigné,0,Non renseigné,0,Animaux : cheval/rongeur,Non renseigné,0.0,0.0,1.971818181818182,0.04533333333333334,1.2469565217391305
TFG0266,ISAC_V2,40 à 60,1,7.0,regionC,0,1,Non renseigné,0,Non renseigné,0,Animaux : cheval/rongeur,Non renseigné,0.0,0.0,0.0,0.0,0.0
TFG0267,ISAC_V2,40 à 60,0,7.0,regionC,0,1,Non renseigné,0,Non renseigné,0,Animaux : cheval/rongeur,Non renseigné,0.0,0.0,0.10181818181818182,0.0,0.10043478260869564
TFG0268,ISAC_V2,20 à 40,1,7.0,regionC,0,1,Non renseigné,0,Non renseigné,0,Animaux : cheval/rongeur,Non renseigné,0.08545454545454545,0.0,0.0,0.0,0.1656521739130435
TFG0269,ISAC_V2,60 à Plus,0,7.0,regionC,0,0,Non renseigné,0,Non renseigné,0,Animaux : cheval/rongeur,Non renseigné,0.0,0.0,0.0,0.0,0.0
TFG0270,ISAC_V2,20 à 40,1,7.0,regionC,0,0,Non renseigné,0,Non renseigné,0,Animaux : cheval/rongeur,Non renseigné,0.0,0.0,0.0,0.0,0.0
TFG0271,ISAC_V2,60 à Plus,0,7.0,regionC,0,0,Non renseigné,0,Non renseigné,0,Animaux : cheval/rongeur,Non renseigné,0.0,0.0,0.0,0.0,0.0
TFG0272,ISAC_V2,40 à 60,0,7.0,regionC,0,0,Non renseigné,0,Non renseigné,0,Animaux : cheval/rongeur,Non renseigné,0.0,0.0,0.0,0.0,0.0
TFG0273,ISAC_V2,40 à 60,0,7.0,regionC,0,0,Non renseigné,0,Non renseigné,0,Animaux : cheval/rongeur,Non renseigné,0.0,0.0,0.0,0.0,0.0
TFG0274,ISAC_V2,0 à 10,0,7.0,regionC,0,1,Non renseigné,0,Non renseigné,0,Animaux : cheval/rongeur,Non renseigné,0.0,0.028285714285714286,0.0,0.0,0.0
TFG0275,ISAC_V2,0 à 10,1,7.0,regionC,0,1,Non renseigné,0,Non renseigné,0,Animaux : cheval/rongeur,Non renseigné,0.0,0.0,0.0,0.0,0.0
TFG0276,ISAC_V2,40 à 60,1,7.0,regionC,0,1,Non renseigné,0,Non renseigné,0,Animaux : cheval/rongeur,Non renseigné,0.0,0.0,0.0,0.0,0.2147826086956522
TFG0277,ISAC_V2,60 à Plus,1,7.0,regionC,0,1,Non renseigné,0,Non renseigné,0,Animaux : cheval/rongeur,Non renseigné,0.0,0.0,0.0,0.16466666666666668,0.0
TFG0278,ISAC_V2,20 à 40,1,7.0,regionC,0,1,Non renseigné,0,Non renseigné,0,Animaux : cheval/rongeur,Non renseigné,0.06909090909090909,0.0,0.0,0.0,0.0
TFG0279,ISAC_V2,20 à 40,0,7.0,regionC,0,1,Non renseigné,0,Non renseigné,0,Animaux : cheval/rongeur,Non renseigné,0.0,0.0,0.0,0.25733333333333336,0.0
TFG0280,ISAC_V2,20 à 40,1,7.0,regionC,0,1,Non renseigné,0,Non renseigné,0,Animaux : cheval/rongeur,Non renseigné,0.0,0.0,0.0,0.0,0.044782608695652176
TFG0281,ISAC_V2,0 à 10,0,7.0,regionC,0,0,Non renseigné,0,Non renseigné,0,Animaux : cheval/rongeur,Non renseigné,0.0,0.0,0.0,0.0,0.0
TFG0282,ISAC_V2,40 à 60,0,7.0,regionC,0,0,Non renseigné,0,Non renseigné,0,Animaux : cheval/rongeur,Non renseigné,0.0,0.0,0.0,0.0,0.0
TFG0283,ISAC_V2,60 à Plus,0,7.0,regionC,0,0,Non renseigné,0,Non renseigné,0,Animaux : cheval/rongeur,Non renseigné,0.0,0.0,0.0,0.0,0.0
TFG0284,ISAC_V2,60 à Plus,1,7.0,regionC,0,0,Non renseigné,0,Non renseigné,0,Animaux : cheval/rongeur,Non renseigné,0.0,0.0,0.0,0.0,0.0
TFG0285,ISAC_V2,0 à 10,0,7.0,regionC,0,1,Non renseigné,0,Non renseigné,0,Animaux : cheval/rongeur,Non renseigné,0.0,0.025714285714285714,0.0,0.0,0.0
TFG0286,ISAC_V2,20 à 40,0,7.0,regionC,0,1,Non renseigné,0,Non renseigné,0,Animaux : cheval/rongeur,Non renseigné,0.0,0.0,0.0,0.038,0.0
TFG0287,ISAC_V2,20 à 40,0,7.0,regionC,0,0,Non renseigné,0,Non renseigné,0,Animaux : cheval/rongeur,Non renseigné,0.0,0.0,0.0,0.0,0.0
TFG0288,ISAC_V2,40 à 60,0,7.0,regionC,0,1,Non renseigné,0,Non renseigné,0,Animaux : cheval/rongeur,Non renseigné,0.0,0.02857142857142857,1.7254545454545456,0.0,0.0626086956521739
TFG0289,ISAC_V2,40 à 60,0,7.0,regionC,0,0,Non renseigné,0,Non renseigné,0,Animaux : cheval/rongeur,Non renseigné,0.0,0.0,0.0,0.0,0.0
TFG0290,ISAC_V2,40 à 60,0,7.0,regionC,0,0,Non renseigné,0,Non renseigné,0,Animaux : cheval/rongeur,Non renseigné,0.0,0.0,0.0,0.0,0.0
TFG0291,ISAC_V2,20 à 40,0,7.0,regionC,0,0,Non renseigné,0,Non renseigné,0,Animaux : cheval/rongeur,Non renseigné,0.0,0.0,0.0,0.0,0.0
TFG0292,ISAC_V2,20 à 40,0,7.0,regionC,0,0,Non renseigné,0,Non renseigné,0,Animaux : cheval/rongeur,Non renseigné,0.0,0.0,0.0,0.0,0.0
TFG0293,ISAC_V2,20 à 40,0,7.0,regionC,0,0,Non renseigné,0,Non renseigné,0,Animaux : cheval/rongeur,Non renseigné,0.0,0.0,0.0,0.0,0.0
TFG0294,ISAC_V2,40 à 60,0,7.0,regionC,0,1,Non renseigné,0,Non renseigné,0,Animaux : cheval/rongeur,Non renseigné,0.0,0.0,0.0,0.0,0.14
TFG0295,ISAC_V2,40 à 60,0,7.0,regionC,0,1,Non renseigné,0,Non renseigné,0,Animaux : cheval/rongeur,Non renseigné,0.0,0.0,0.0,0.0,0.02
TFG0296,ISAC_V2,40 à 60,1,7.0,regionC,0,0,Non renseigné,0,Non renseigné,0,Animaux : cheval/rongeur,Non renseigné,0.0,0.0,0.0,0.0,0.0
TFG0297,ISAC_V2,40 à 60,1,7.0,regionC,0,0,Non renseigné,0,Non renseigné,0,Animaux : cheval/rongeur,Non renseigné,0.0,0.0,0.0,0.0,0.0
TFG0298,ISAC_V2,20 à 40,1,7.0,regionC,0,1,Non renseigné,0,Non renseigné,0,Animaux : cheval/rongeur,Non renseigné,0.15727272727272726,0.0,0.0,0.0,0.0
TFG0299,ISAC_V2,20 à 40,1,7.0,regionC,0,1,Non renseigné,0,Non renseigné,0,Animaux : cheval/rongeur,Non renseigné,0.0,0.0,0.0,0.0,0.08608695652173913
TFG0300,ISAC_V2,20 à 40,1,7.0,regionC,0,1,Non renseigné,0,Non renseigné,0,Animaux : cheval/rongeur,Non renseigné,0.0,0.0,0.0,0.0,0.09565217391304348
TFG0301,ISAC_V2,20 à 40,1,7.0,regionC,0,0,Non renseigné,0,Non renseigné,0,Animaux : cheval/rongeur,Non renseigné,0.0,0.0,0.0,0.0,0.0
TFG0302,ISAC_V2,20 à 40,0,7.0,regionC,0,1,Non renseigné,0,Non renseigné,0,Animaux : cheval/rongeur,Non renseigné,0.0,0.0,0.0,0.0,0.16869565217391305
TFG0303,ISAC_V2,40 à 60,0,7.0,regionC,0,0,Non renseigné,0,Non renseigné,0,Animaux : cheval/rongeur,Non renseigné,0.0,0.0,0.0,0.0,0.0
TFG0304,ISAC_V2,40 à 60,0,7.0,regionC,0,1,Non renseigné,0,Non renseigné,0,Animaux : cheval/rongeur,Non renseigné,0.11363636363636363,0.0,0.0,0.0,0.0
TFG0305,ISAC_V2,20 à 40,0,7.0,regionC,0,0,Non renseigné,0,Non renseigné,0,Animaux : cheval/rongeur,Non renseigné,0.0,0.0,0.0,0.0,0.0
TFG0306,ISAC_V2,20 à 40,1,7.0,regionC,0,1,Non renseigné,0,Non renseigné,0,Animaux : cheval/rongeur,Non renseigné,0.04181818181818182,0.0,0.7636363636363637,0.0,0.0
TFG0307,ISAC_V2,60 à Plus,1,7.0,regionC,0,0,Non renseigné,0,Non renseigné,0,Animaux : cheval/rongeur,Non renseigné,0.0,0.0,0.0,0.0,0.0
TFG0308,ISAC_V2,40 à 60,0,7.0,regionC,0,1,Non renseigné,0,Non renseigné,0,Animaux : cheval/rongeur,Non renseigné,0.0,0.0,0.0,0.052000000000000005,0.0
TFG0309,ISAC_V2,20 à 40,1,7.0,regionC,0,1,Non renseigné,0,Non renseigné,0,Animaux : cheval/rongeur,Non renseigné,0.0,0.0,0.05454545454545454,0.4053333333333333,0.6278260869565218
TFG0310,ISAC_V2,60 à Plus,0,7.0,regionC,0,1,Non renseigné,0,Non renseigné,0,Animaux : cheval/rongeur,Non renseigné,0.0,0.0,0.0,0.0,0.06130434782608695
TFG0311,ISAC_V2,10 à 20,0,7.0,regionC,0,0,Non renseigné,0,Non renseigné,0,Animaux : cheval/rongeur,Non renseigné,0.0,0.0,0.0,0.0,0.0
TFG0312,ISAC_V2,20 à 40,0,7.0,regionC,0,1,Non renseigné,0,Non renseigné,0,Animaux : cheval/rongeur,Non renseigné,0.0,0.032857142857142856,0.0,0.8546666666666667,0.017391304347826087
TFG0313,ISAC_V2,40 à 60,0,7.0,regionC,0,0,Non renseigné,0,Non renseigné,0,Animaux : cheval/rongeur,Non renseigné,0.0,0.0,0.0,0.0,0.0
TFG0314,ISAC_V2,60 à Plus,1,7.0,regionC,0,0,Non renseigné,0,Non renseigné,0,Animaux : cheval/rongeur,Non renseigné,0.0,0.0,0.0,0.0,0.0
TFG0315,ISAC_V2,40 à 60,0,7.0,regionC,0,0,Non renseigné,0,Non renseigné,0,Animaux : cheval/rongeur,Non renseigné,0.0,0.0,0.0,0.0,0.0
TFG0316,ISAC_V2,60 à Plus,0,7.0,regionC,0,0,Non renseigné,0,Non renseigné,0,Animaux : cheval/rongeur,Non renseigné,0.0,0.0,0.0,0.0,0.0
TFG0317,ISAC_V2,40 à 60,1,7.0,regionC,0,1,Non renseigné,0,Non renseigné,0,Animaux : cheval/rongeur,Non renseigné,0.0,0.20628571428571427,0.0,0.0,0.0
TFG0318,ISAC_V2,20 à 40,0,7.0,regionC,0,1,Non renseigné,0,Non renseigné,0,Animaux : cheval/rongeur,Non renseigné,0.0,0.0,0.0,0.0,0.0
TFG0319,ISAC_V2,20 à 40,1,7.0,regionC,0,1,Non renseigné,0,Non renseigné,0,Animaux : cheval/rongeur,Non renseigné,0.0,0.009428571428571429,0.0,0.0,0.0
TXV0001,ISAC_V1,10 à 20,1,5.0,regionC,1,1,Anti-H1 voie générale,1,Aucun,0,Aucun,Pas de traitement,0.0,1.2414285714285713,0.0,0.0,7.014782608695652
TXV0002,ISAC_V1,0 à 10,0,5.0,regionG,0,0,Aucun,0,3 - 10 ans,1,Aucun,Pas de traitement,0.0,0.0,0.0,0.0,0.002173913043478261
TXV0003,ISAC_V1,0 à 10,0,5.0,regionC,1,1,Aucun,1,Aucun,0,Aucun,Pas de traitement,0.0,0.02057142857142857,0.0,0.0,0.14565217391304347
TXV0004,ISAC_V1,0 à 10,1,5.0,regionJ,0,1,Non renseigné,0,Aucun,0,Aucun,Pas de traitement,1.710909090909091,0.252,0.4227272727272728,0.7926666666666667,1.048695652173913
TXV0005,ISAC_V1,0 à 10,1,5.0,regionC,1,1,Aucun,0,0 - 2 ans,0,Aucun,Pas de traitement,0.0,0.0054285714285714284,0.01636363636363636,0.10400000000000001,0.25608695652173913
TXV0006,ISAC_V1,10 à 20,1,6.0,regionC,1,1,"Anti-H1, voie locale",0,Non renseigné,0,Aucun,Dermocorticoïdes,7.454545454545454,4.595142857142857,3.4236363636363634,1.4646666666666666,9.717391304347826
TXV0007,ISAC_V1,10 à 20,1,6.0,regionC,1,1,Anti-H1 voie générale,1,Aucun,0,Aucun,Pas de traitement,9.316363636363636,2.101714285714286,0.0,0.4673333333333333,9.933913043478261
TXV0008,ISAC_V1,0 à 10,1,6.0,regionC,1,1,Non renseigné,1,Aucun,0,Aucun,Pas de traitement,0.0,0.3974285714285714,0.19454545454545455,0.836,1.4804347826086954
TXV0009,ISAC_V1,0 à 10,0,4.0,regionC,1,0,Aucun,0,0 - 2 ans,0,Aucun,Pas de traitement,0.0,0.0,0.0,0.0,0.0
TXV0010,ISAC_V1,10 à 20,1,4.0,regionC,1,1,Anti-H1 + CS,1,Non renseigné,0,Acariens,Pas de traitement,1.4436363636363636,0.006857142857142857,0.18999999999999997,0.0,0.0
TXV0011,ISAC_V1,10 à 20,0,4.0,regionC,1,1,Anti-H1 voie générale,1,3 - 10 ans,1,Aucun,Pas de traitement,0.0,0.3517142857142857,2.5399999999999996,0.24666666666666667,1.893478260869565
TXV0012,ISAC_V1,10 à 20,1,4.0,regionJ,1,1,Aucun,1,Aucun,0,Aucun,Pas de traitement,28.424545454545456,1.164,3.8754545454545455,1.5893333333333333,4.893913043478261
TXV0013,ISAC_V1,10 à 20,0,4.0,regionC,1,1,Anti-H1 voie générale,1,0 - 2 ans,1,Animaux : chat/chien,Pas de traitement,7.197272727272727,1.0654285714285714,1.400909090909091,0.0,9.338695652173914
TXV0014,ISAC_V1,0 à 10,1,4.0,regionC,1,1,Anti-H1 + CS,1,Aucun,0,Aucun,Pas de traitement,12.231818181818182,0.012,0.5281818181818182,0.0,0.09956521739130435
TXV0015,ISAC_V1,10 à 20,0,4.0,regionC,1,1,Anti-H1 voie générale,1,3 - 10 ans,1,Effort/Activité sportive,Pas de traitement,0.0,0.03828571428571429,0.0,0.0,0.9043478260869565
TXV0016,ISAC_V1,0 à 10,1,1.0,regionC,1,1,Anti-H1 voie générale,1,Aucun,0,Aucun,Dermocorticoïdes,0.0,0.061142857142857145,0.0,0.0,0.0
TXV0017,ISAC_V1,0 à 10,1,1.0,regionC,1,1,Aucun,1,0 - 2 ans,0,Aucun,Dermocorticoïdes,0.0,1.0222857142857142,1.4263636363636363,0.0,2.2265217391304346
TXV0018,ISAC_V1,0 à 10,1,1.0,regionC,1,1,Aucun,1,Aucun,0,Aucun,Pas de traitement,0.0,0.04371428571428571,0.2863636363636364,0.0,0.8995652173913044
TXV0019,ISAC_V1,0 à 10,1,2.0,regionC,1,1,Anti-H1 + CS,1,Aucun,0,Acariens,Pas de traitement,0.1490909090909091,0.037714285714285714,0.0,0.06133333333333334,0.0
TXV0020,ISAC_V1,10 à 20,1,2.0,regionC,1,1,Non renseigné,1,Aucun,0,Animaux : chat/chien,Non renseigné,4.614545454545455,0.38371428571428573,0.20272727272727273,0.0,0.21826086956521737
TXV0021,ISAC_V1,0 à 10,1,2.0,regionK,1,1,Aucun,1,0 - 2 ans,1,Aucun,Dermocorticoïdes,0.0,0.3842857142857143,2.8745454545454545,0.0,0.7482608695652174
TXV0022,ISAC_V1,10 à 20,1,2.0,regionC,1,1,Anti-H1 + CS,1,Aucun,0,Aucun,Pas de traitement,0.4436363636363637,0.5457142857142857,7.1018181818181825,0.23,5.307391304347826
TXV0023,ISAC_V1,0 à 10,0,3.0,regionB,0,1,"Anti-H1, voie locale",1,Aucun,0,Aucun,Pas de traitement,28.582727272727276,0.0,11.188181818181818,0.0,0.4934782608695652
TXV0024,ISAC_V1,10 à 20,1,3.0,regionC,1,1,Anti-H1 voie générale,1,0 - 2 ans,1,Aucun,Pas de traitement,7.395454545454545,0.5279999999999999,0.0,0.0,2.413478260869565
TXV0025,ISAC_V1,0 à 10,1,3.0,regionB,0,1,Anti-H1 voie générale,1,Aucun,0,Animaux : chat/chien,Dermocorticoïdes,1.7590909090909093,0.0,0.33090909090909093,0.0,0.0
TXV0026,ISAC_V1,0 à 10,0,3.0,regionC,1,1,Anti-H1 voie générale,1,Aucun,0,Aucun,Pas de traitement,8.177272727272726,0.414,0.7509090909090909,0.0,0.15043478260869564
TXV0027,ISAC_V1,0 à 10,1,3.0,regionC,1,0,Aucun,1,Aucun,0,Aucun,Pas de traitement,0.0,0.0,0.0,0.0,0.0
TXV0028,ISAC_V1,10 à 20,0,3.0,regionC,1,0,Aucun,1,Aucun,0,Aucun,Pas de traitement,0.0,0.0,0.0,0.0,0.0
TXV0029,ISAC_V1,0 à 10,1,8.0,regionC,1,1,Aucun,1,2 - 3 ans,1,Aucun,Pas de traitement,5.806363636363636,5.816285714285714,5.1054545454545455,0.037333333333333336,0.014782608695652176
TXV0030,ISAC_V1,10 à 20,1,8.0,regionC,1,1,Anti-H1 + CS,1,3 - 10 ans,1,Effort/Activité sportive,Pas de traitement,9.705454545454545,1.188,0.0,0.02266666666666667,6.024782608695652
TXV0031,ISAC_V1,0 à 10,1,9.0,regionC,1,1,Aucun,1,0 - 2 ans,1,Aucun,Dermocorticoïdes,6.619999999999999,0.21399999999999997,0.0,0.0,0.003913043478260869
TXV0032,ISAC_V1,10 à 20,0,9.0,regionC,1,0,Aucun,1,Aucun,0,Aucun,Pas de traitement,0.0,0.003142857142857143,0.0,0.0,0.007826086956521738
TXV0033,ISAC_V1,10 à 20,1,9.0,regionC,1,1,Anti-H1 voie générale,1,Non renseigné,1,Moisissures,Dermocorticoïdes,0.0,2.7888571428571427,5.951818181818182,0.0,12.985652173913044
TXV0034,ISAC_V1,10 à 20,0,9.0,regionC,1,1,Anti-H1 voie générale,1,Non renseigné,0,Aucun,Pas de traitement,27.610909090909093,0.011428571428571429,0.0,0.0,0.03347826086956522
TXV0035,ISAC_V1,0 à 10,1,9.0,regionC,1,1,Non renseigné,0,Non renseigné,0,Aucun,Pas de traitement,0.011818181818181818,0.24828571428571428,0.1318181818181818,1.2833333333333334,0.9860869565217392
TXV0036,ISAC_V1,10 à 20,1,9.0,regionC,1,1,Non renseigné,0,Non renseigné,0,Aucun,Non renseigné,0.0,0.102,0.061818181818181814,1.538,0.04391304347826087
TXV0037,ISAC_V1,0 à 10,0,9.0,regionC,1,1,Non renseigné,1,Aucun,0,Aucun,Pas de traitement,0.01636363636363636,0.082,2.020909090909091,0.012,1.3708695652173915
TXV0038,ISAC_V1,0 à 10,1,10.0,regionC,1,1,Aucun,1,0 - 2 ans,1,Aucun,Pas de traitement,0.0,0.5177142857142857,4.876363636363636,0.0,0.01391304347826087
TXV0039,ISAC_V1,0 à 10,0,10.0,regionC,1,1,Aucun,1,2 - 3 ans,1,Aucun,Autres,0.8509090909090908,0.33485714285714285,1.3490909090909091,0.0,0.2821739130434783
TXV0040,ISAC_V1,0 à 10,0,10.0,regionC,1,0,Aucun,1,Aucun,0,Aucun,Pas de traitement,0.012727272727272728,0.0,0.0,0.0,0.0030434782608695656
TXV0041,ISAC_V1,0 à 10,1,10.0,regionC,1,1,Aucun,1,Aucun,0,Aucun,Pas de traitement,1.2090909090909092,0.0014285714285714286,0.005454545454545454,0.0,0.006086956521739131
TXV0042,ISAC_V1,0 à 10,0,10.0,regionC,1,0,Anti-H1 voie générale,0,Aucun,0,Aucun,Pas de traitement,0.0,0.0008571428571428571,0.0,0.0,0.0034782608695652175
TXV0043,ISAC_V1,0 à 10,0,6.0,regionH,1,1,Anti-H1 voie générale,1,Aucun,0,Effort/Activité sportive,Dermocorticoïdes,0.0,0.0,0.0,0.0,0.05304347826086957
TXV0044,ISAC_V1,10 à 20,1,6.0,regionK,1,1,Anti-H1 voie générale,1,3 - 10 ans,1,Aucun,Pas de traitement,1.5163636363636364,9.188571428571429,1.8618181818181818,0.054000000000000006,11.103478260869565
TXV0045,ISAC_V1,0 à 10,0,6.0,regionC,1,1,Anti-H1 voie générale,1,0 - 2 ans,1,Aucun,Autres,5.159090909090909,1.204,7.38909090909091,0.0,0.2747826086956522
TXV0046,ISAC_V1,10 à 20,0,6.0,regionC,1,1,Anti-H1 voie générale,1,3 - 10 ans,1,Effort/Activité sportive,Autres,7.611818181818182,1.9442857142857142,6.847272727272727,0.9313333333333333,8.214347826086957
TXV0047,ISAC_V1,10 à 20,1,6.0,regionC,1,1,Non renseigné,0,Aucun,0,Aucun,Pas de traitement,2.9927272727272727,0.5177142857142857,5.595454545454545,0.39333333333333337,2.2399999999999998
TXV0048,ISAC_V1,0 à 10,1,6.0,regionC,1,1,Non renseigné,1,3 - 10 ans,1,Aucun,Dermocorticoïdes,33.901818181818186,13.167142857142856,9.435454545454546,1.2506666666666666,18.340869565217393
TXV0049,ISAC_V1,0 à 10,1,7.0,regionC,1,1,Aucun,1,Aucun,0,Aucun,Pas de traitement,7.579090909090909,0.13028571428571428,0.0,0.22533333333333333,0.020434782608695655
TXV0050,ISAC_V1,0 à 10,1,7.0,regionC,1,1,Anti-H1 voie générale,1,0 - 2 ans,1,Aucun,Dermocorticoïdes,0.0,3.554,1.1645454545454543,0.0,7.738260869565217
TXV0051,ISAC_V1,0 à 10,0,7.0,regionC,1,1,"Anti-H1, voie locale",1,Non renseigné,1,Aucun,Dermocorticoïdes,0.0,0.336,0.0,0.0,12.19391304347826
TXV0052,ISAC_V1,0 à 10,1,7.0,regionJ,0,0,Aucun,1,Aucun,0,Aucun,Pas de traitement,0.0,0.0,0.0,0.0,0.0
TXV0053,ISAC_V1,0 à 10,1,7.0,regionI,0,1,Aucun,0,0 - 2 ans,0,Aucun,Non renseigné,0.02,8.59142857142857,0.0,0.01933333333333333,0.061304347826086965
TXV0054,ISAC_V1,10 à 20,1,7.0,regionC,1,1,Aucun,1,Aucun,0,Aucun,Pas de traitement,4.221818181818182,1.1937142857142857,0.18454545454545454,0.0,10.59086956521739
TXV0055,ISAC_V1,0 à 10,1,7.0,regionC,1,1,Aucun,0,Non renseigné,0,Aucun,Pas de traitement,0.15545454545454546,0.02142857142857143,0.01909090909090909,0.054000000000000006,0.0
TXV0056,ISAC_V1,0 à 10,0,7.0,regionC,1,1,Anti-H1 voie générale,1,0 - 2 ans,1,Aucun,Pas de traitement,9.288181818181819,0.036571428571428574,1.291818181818182,0.010666666666666666,6.730869565217391
TXV0057,ISAC_V1,0 à 10,1,3.0,regionC,1,1,Anti-H1 voie générale,1,0 - 2 ans,0,Aucun,Autres,0.4681818181818182,0.11599999999999999,0.9381818181818182,0.0,0.8495652173913043
TXV0058,ISAC_V1,0 à 10,1,3.0,regionC,1,1,Aucun,1,0 - 2 ans,1,Aucun,Pas de traitement,0.0,0.7208571428571429,0.17636363636363636,1.61,2.163913043478261
TXV0059,ISAC_V1,0 à 10,1,3.0,regionC,1,1,Aucun,0,2 - 3 ans,1,Aucun,Dermocorticoïdes,0.0,1.1425714285714286,0.0,0.009333333333333334,0.01608695652173913
TXV0060,ISAC_V1,0 à 10,1,3.0,regionC,1,1,Anti-H1 voie générale,1,3 - 10 ans,1,Acariens,Pas de traitement,1.1700000000000002,1.1954285714285715,9.08090909090909,4.168,2.720869565217391
TXV0061,ISAC_V1,0 à 10,1,3.0,regionC,1,1,Non renseigné,0,2 - 3 ans,1,Aucun,Pas de traitement,0.0,0.10342857142857143,0.0,0.0,0.06695652173913044
TXV0062,ISAC_V1,10 à 20,1,3.0,regionC,1,1,Aucun,0,0 - 2 ans,1,Aucun,Autres,8.325454545454546,0.5302857142857144,1.2563636363636363,0.0,1.1395652173913045
TXV0063,ISAC_V1,10 à 20,1,3.0,regionC,1,1,Anti-H1 + CS,1,2 - 3 ans,1,Aucun,Pas de traitement,19.46090909090909,0.3628571428571428,1.5827272727272728,0.5766666666666667,4.47304347826087
TXV0064,ISAC_V1,10 à 20,1,3.0,regionK,0,1,Anti-H1 + CS,1,3 - 10 ans,1,Aucun,Autres,1.2254545454545456,10.761142857142858,0.5099999999999999,0.572,0.751304347826087
TXV0065,ISAC_V1,0 à 10,0,3.0,regionJ,1,1,Aucun,1,Aucun,0,Aucun,Pas de traitement,6.215454545454546,0.0,1.529090909090909,0.0,0.07869565217391304
TXV0066,ISAC_V1,10 à 20,1,10.0,regionC,1,1,"Anti-H1, voie locale",1,0 - 2 ans,0,Effort/Activité sportive,Pas de traitement,20.80272727272727,0.6705714285714286,1.4590909090909092,0.09866666666666667,1.3630434782608696
TXV0067,ISAC_V1,0 à 10,1,11.0,regionC,1,1,"Anti-H1, voie locale",0,Non renseigné,0,Aucun,Pas de traitement,21.90818181818182,1.0888571428571427,3.059090909090909,0.030000000000000002,0.021304347826086957
TXV0068,ISAC_V1,0 à 10,1,11.0,regionC,1,1,Anti-H1 voie générale,1,0 - 2 ans,1,Aucun,Pas de traitement,0.0,0.9531428571428572,0.13,1.8606666666666667,2.617826086956522
TXV0069,ISAC_V1,10 à 20,0,2.0,regionC,1,1,Anti-H1 voie générale,1,Aucun,0,Acariens,Dermocorticoïdes,14.274545454545455,0.9602857142857143,9.525454545454545,0.0,8.096521739130434
TXV0070,ISAC_V1,0 à 10,0,1.0,regionC,1,0,Aucun,1,Aucun,0,Aucun,Non renseigné,0.0,0.005714285714285714,0.0,0.0,0.0
TXV0071,ISAC_V1,10 à 20,0,2.0,regionC,1,1,Anti-H1 voie générale,1,Aucun,0,Effort/Activité sportive,Pas de traitement,0.0,0.0,0.0,0.048,0.1917391304347826
TXV0072,ISAC_V1,0 à 10,1,2.0,regionC,1,1,Anti-H1 voie générale,1,3 - 10 ans,1,Aucun,Autres,0.0,0.0,0.17272727272727273,0.0,0.0
TXV0073,ISAC_V1,10 à 20,1,8.0,regionC,1,1,Anti-H1 + CS,1,0 - 2 ans,0,Aucun,Dermocorticoïdes,60.95181818181818,5.513714285714285,7.424545454545455,1.024,25.820434782608697
TXV0074,ISAC_V1,10 à 20,0,9.0,regionC,1,1,Non renseigné,0,Non renseigné,1,Animaux : cheval/rongeur,Non renseigné,0.010909090909090908,0.018285714285714287,0.0,0.0,1.0304347826086957
TXV0075,ISAC_V1,10 à 20,1,9.0,regionC,1,1,Anti-H1 voie générale,1,Aucun,0,Aucun,Pas de traitement,1.2963636363636364,6.118857142857142,2.7809090909090908,1.5479999999999998,40.168260869565216
TXV0076,ISAC_V1,10 à 20,1,9.0,regionC,1,1,Anti-H1 voie générale,0,Aucun,0,Animaux : chat/chien,Pas de traitement,2.3181818181818183,1.4214285714285715,1.7200000000000002,0.6066666666666667,19.669565217391302
TXV0077,ISAC_V1,10 à 20,0,9.0,regionC,1,1,Anti-H1 voie générale,1,Aucun,0,Effort/Activité sportive,Pas de traitement,25.11909090909091,0.5097142857142857,1.5036363636363637,0.978,3.2730434782608695
TXV0078,ISAC_V1,0 à 10,0,11.0,regionH,1,1,Anti-H1 voie générale,1,Non renseigné,0,Aucun,Autres,3.446363636363636,0.9928571428571429,24.505454545454544,3.759333333333333,3.997826086956522
TXV0079,ISAC_V1,10 à 20,1,11.0,regionC,1,1,Anti-H1 + CS,1,10 - 20 ans,1,Aucun,Pas de traitement,34.64636363636364,0.0,0.08272727272727273,0.0,0.0
TXV0080,ISAC_V1,0 à 10,1,11.0,regionC,1,1,Anti-H1 + CS,1,3 - 10 ans,0,Aucun,Autres,17.206363636363637,2.0465714285714283,5.290909090909091,0.7113333333333334,8.033478260869567
TXV0081,ISAC_V1,20 à 40,0,12.0,regionC,1,1,Aucun,1,Aucun,0,Effort/Activité sportive,Pas de traitement,6.4736363636363645,1.2037142857142857,0.0,0.0,4.089565217391304
TXV0082,ISAC_V1,10 à 20,1,12.0,regionK,0,1,Anti-H1 voie générale,1,3 - 10 ans,0,Aucun,Dermocorticoïdes,0.0,0.212,0.4872727272727273,18.112000000000002,0.7721739130434784
TXV0083,ISAC_V1,10 à 20,1,12.0,regionC,1,1,Anti-H1 voie générale,1,0 - 2 ans,1,Aucun,Pas de traitement,11.702727272727271,0.218,1.1527272727272726,0.026000000000000002,2.9213043478260867
TXV0084,ISAC_V1,0 à 10,1,12.0,regionC,1,0,"Anti-H1, voie locale",1,0 - 2 ans,1,Aucun,Pas de traitement,0.0,0.006857142857142857,0.0,0.0,0.0
TXV0085,ISAC_V1,10 à 20,0,4.0,regionK,0,1,Anti-H1 voie générale,1,Aucun,0,Animaux : chat/chien,Pas de traitement,3.9936363636363637,0.0,0.29090909090909095,0.0,0.0917391304347826
TXV0086,ISAC_V1,0 à 10,1,4.0,regionC,1,1,"Anti-H1, voie locale",1,Aucun,0,Aucun,Non renseigné,7.886363636363637,0.0,2.1972727272727273,0.0,1.569130434782609
TXV0087,ISAC_V1,0 à 10,0,4.0,regionH,1,0,Anti-H1 voie générale,1,Aucun,0,Aucun,Dermocorticoïdes,0.0,0.0,0.0,0.0,0.0
TXV0088,ISAC_V1,0 à 10,1,5.0,regionC,1,1,Aucun,1,0 - 2 ans,1,Aucun,Pas de traitement,0.0818181818181818,0.08,0.0,0.035333333333333335,0.00826086956521739
TXV0089,ISAC_V1,0 à 10,0,5.0,regionC,1,1,Aucun,1,0 - 2 ans,1,Aucun,Pas de traitement,0.0,5.321142857142856,1.5518181818181818,0.008,0.019999999999999997
TXV0090,ISAC_V1,0 à 10,1,5.0,regionC,1,1,Aucun,0,0 - 2 ans,1,Aucun,Autres,0.0,4.029428571428571,0.0,0.0,0.0
TXV0091,ISAC_V1,0 à 10,0,5.0,regionC,1,0,Aucun,1,Non renseigné,0,Aucun,Pas de traitement,0.0,0.0,0.0,0.0,0.009565217391304347
TXV0092,ISAC_V1,10 à 20,0,7.0,regionC,1,1,Aucun,1,Aucun,0,Aucun,Dermocorticoïdes,10.737272727272728,0.0,0.0,0.0,0.0
TXV0093,ISAC_V1,0 à 10,1,7.0,regionC,1,1,Aucun,0,0 - 2 ans,0,Aucun,Pas de traitement,0.0,0.012571428571428572,0.0,0.0,0.0
TXV0094,ISAC_V1,0 à 10,1,8.0,regionC,1,1,Anti-H1 voie générale,1,0 - 2 ans,0,Aucun,Autres,0.37545454545454543,0.09514285714285714,5.641818181818182,0.14,0.523913043478261
TXV0095,ISAC_V1,0 à 10,1,8.0,regionC,1,0,Aucun,0,3 - 10 ans,1,Aucun,Pas de traitement,0.0,0.0,0.0,0.0,0.0
TXV0096,ISAC_V1,0 à 10,1,5.0,regionC,1,1,Anti-H1 voie générale,1,0 - 2 ans,0,Aucun,Dermocorticoïdes,21.46818181818182,0.0,1.079090909090909,0.0,0.06478260869565218
TXV0097,ISAC_V1,0 à 10,1,6.0,regionL,0,1,Aucun,1,Aucun,0,Animaux : chat/chien,Dermocorticoïdes,0.0,0.0,0.14545454545454548,0.0,0.0
TXV0098,ISAC_V1,0 à 10,1,6.0,regionC,1,1,Aucun,1,3 - 10 ans,1,Aucun,Pas de traitement,0.0,0.6977142857142857,0.0,0.43200000000000005,0.7204347826086956
TXV0099,ISAC_V1,0 à 10,0,4.0,regionC,1,1,Non renseigné,1,0 - 2 ans,1,Aucun,Dermocorticoïdes,4.257272727272727,2.4059999999999997,0.5581818181818181,2.688,0.006956521739130435
TXV0100,ISAC_V1,10 à 20,0,5.0,regionC,1,1,Aucun,0,Aucun,0,Aucun,Pas de traitement,0.0,0.0,0.031818181818181815,0.0,0.0
TXV0101,ISAC_V1,10 à 20,1,6.0,regionC,0,1,Anti-H1 voie générale,1,Aucun,0,Aucun,Dermocorticoïdes,20.150909090909092,0.0,1.9872727272727273,0.0,0.4073913043478261
TXV0102,ISAC_V1,10 à 20,0,6.0,regionC,1,0,Aucun,0,Aucun,0,Aucun,Pas de traitement,0.0,0.0,0.0,0.0,0.0
TXV0103,ISAC_V1,0 à 10,1,6.0,regionC,0,1,Aucun,1,0 - 2 ans,1,Animaux : chat/chien,Autres,0.0,1.2097142857142855,1.6481818181818184,0.0,0.0
TXV0104,ISAC_V1,0 à 10,0,4.0,regionC,1,0,Aucun,0,Aucun,0,Aucun,Pas de traitement,0.0,0.0,0.0,0.0,0.0
TXV0105,ISAC_V1,0 à 10,1,5.0,regionC,1,1,Aucun,0,3 - 10 ans,1,Animaux : chat/chien,Pas de traitement,0.36909090909090914,0.3802857142857143,3.2372727272727273,0.0,5.7299999999999995
TXV0106,ISAC_V1,0 à 10,1,1.0,regionC,1,0,Aucun,1,Aucun,0,Moisissures,Pas de traitement,0.0,0.0,0.0,0.0,0.0
TXV0107,ISAC_V1,10 à 20,1,1.0,regionC,1,1,Aucun,1,0 - 2 ans,1,Aucun,Pas de traitement,1.2027272727272729,0.0,0.0,0.7426666666666667,0.0
TXV0108,ISAC_V1,0 à 10,1,1.0,regionC,1,1,Anti-H1 voie générale,1,0 - 2 ans,1,Aucun,Dermocorticoïdes,6.56,5.602571428571428,18.242727272727272,0.0,14.088260869565218
TXV0109,ISAC_V1,0 à 10,1,1.0,regionC,1,1,Aucun,0,0 - 2 ans,0,Aucun,Pas de traitement,0.0,0.27514285714285713,0.0,0.0,0.0
TXV0110,ISAC_V1,0 à 10,1,1.0,regionC,1,0,Aucun,1,Aucun,0,Aucun,Pas de traitement,0.0,0.0,0.0,0.017333333333333333,0.0
TXV0111,ISAC_V1,10 à 20,1,1.0,regionC,1,1,Aucun,0,Aucun,0,Aucun,Pas de traitement,5.248181818181819,0.07514285714285714,1.5063636363636363,0.05466666666666666,6.193043478260869
TXV0112,ISAC_V1,10 à 20,1,1.0,regionC,1,1,Anti-H1 + CS,1,0 - 2 ans,0,Acariens,Autres,48.28454545454545,3.090857142857143,4.277272727272727,1.2226666666666666,15.048260869565217
TXV0113,ISAC_V1,0 à 10,1,1.0,regionC,1,1,"Anti-H1, voie locale",0,0 - 2 ans,1,Aucun,Pas de traitement,0.045454545454545456,0.45828571428571424,12.747272727272728,0.0,0.30782608695652175
TXV0114,ISAC_V1,0 à 10,0,3.0,regionC,1,0,Aucun,0,3 - 10 ans,1,Aucun,Pas de traitement,0.0,0.0,0.0,0.0,0.0
TXV0115,ISAC_V1,10 à 20,0,3.0,regionC,1,1,Anti-H1 + CS,1,10 - 20 ans,1,Effort/Activité sportive,Dermocorticoïdes,0.0,1.3577142857142859,0.007272727272727273,0.0,4.4882608695652175
TXV0116,ISAC_V1,10 à 20,0,3.0,regionC,1,1,Anti-H1 voie générale,1,3 - 10 ans,1,Animaux : chat/chien,Dermocorticoïdes,10.482727272727272,1.3314285714285712,1.3790909090909091,0.45466666666666666,6.893478260869566
TXV0117,ISAC_V1,10 à 20,1,3.0,regionC,1,1,Anti-H1 voie générale,1,0 - 2 ans,0,Aucun,Pas de traitement,20.956363636363633,0.0,1.2609090909090908,0.0,0.07565217391304348
TXV0118,ISAC_V1,10 à 20,1,7.0,regionC,1,1,Aucun,1,Aucun,0,Moisissures,Pas de traitement,6.999090909090909,0.0,0.0,0.0,0.0
TXV0119,ISAC_V1,10 à 20,0,8.0,regionC,1,1,Aucun,0,10 - 20 ans,1,Aucun,Pas de traitement,0.0,0.41857142857142854,0.0,0.0,0.18
TXV0120,ISAC_V1,10 à 20,0,9.0,regionC,1,0,Aucun,0,Aucun,0,Aucun,Pas de traitement,0.0,0.0,0.0,0.0,0.0
TXV0121,ISAC_V1,10 à 20,0,9.0,regionC,1,1,Aucun,1,Aucun,0,Aucun,Pas de traitement,0.0,0.0,0.0,0.0,0.02782608695652174
TXV0122,ISAC_V1,10 à 20,0,9.0,regionC,1,1,Aucun,0,10 - 20 ans,1,Aucun,Pas de traitement,0.1709090909090909,0.08600000000000001,0.1781818181818182,0.056666666666666664,0.20956521739130435
TXV0123,ISAC_V1,0 à 10,0,9.0,regionC,1,1,"Anti-H1, voie locale",0,Aucun,0,Acariens,Pas de traitement,0.15363636363636363,0.0,0.0,0.0,0.0
TXV0124,ISAC_V1,0 à 10,1,10.0,regionJ,1,1,Aucun,1,0 - 2 ans,1,Aucun,Autres,4.704545454545454,3.468857142857143,3.1481818181818184,0.016666666666666666,0.45173913043478264
TXV0125,ISAC_V1,10 à 20,0,11.0,regionC,1,1,Aucun,0,10 - 20 ans,1,Aucun,Pas de traitement,0.0,0.0,0.0,0.0,0.010869565217391304
TXV0126,ISAC_V1,0 à 10,0,11.0,regionC,1,0,Anti-H1 voie générale,1,3 - 10 ans,1,Aucun,Pas de traitement,0.0,0.0,0.0,0.0,0.0
TXV0127,ISAC_V1,10 à 20,1,3.0,regionC,1,1,"Anti-H1, voie locale",0,3 - 10 ans,1,Aucun,Pas de traitement,3.575454545454545,0.9425714285714286,0.0,2.0033333333333334,2.2995652173913044
TXV0128,ISAC_V1,0 à 10,1,3.0,regionC,1,0,Aucun,1,3 - 10 ans,0,Aucun,Pas de traitement,0.0,0.0,0.0,0.0,0.0
TXV0129,ISAC_V1,10 à 20,1,11.0,regionC,1,1,Anti-H1 voie générale,1,0 - 2 ans,0,Aucun,Autres,37.45454545454545,3.1954285714285717,0.7790909090909092,1.7673333333333334,12.277826086956521
TXV0130,ISAC_V1,10 à 20,1,11.0,regionC,1,1,Anti-H1 + CS,1,0 - 2 ans,0,Aucun,Pas de traitement,0.0,0.6457142857142857,0.0,0.01,4.608260869565217
TXV0131,ISAC_V1,0 à 10,1,11.0,regionC,1,1,Aucun,1,Aucun,0,Moisissures,Autres,0.13545454545454547,0.13114285714285714,0.0,0.0,0.015217391304347825
TXV0132,ISAC_V1,10 à 20,1,9.0,regionC,1,1,Anti-H1 voie générale,1,3 - 10 ans,1,Aucun,Pas de traitement,42.60454545454545,0.4411428571428571,0.0,0.0,3.8408695652173916
TXV0133,ISAC_V1,0 à 10,1,9.0,regionC,1,1,Aucun,1,Aucun,0,Aucun,Pas de traitement,2.4963636363636366,0.17114285714285715,0.0,0.0,0.1408695652173913
TXV0134,ISAC_V1,10 à 20,0,9.0,regionC,1,1,Anti-H1 voie générale,1,Non renseigné,1,Aucun,Dermocorticoïdes,6.195454545454546,2.7631428571428573,13.425454545454546,0.046,4.730869565217391
TXV0135,ISAC_V1,10 à 20,0,10.0,regionC,1,0,Aucun,0,10 - 20 ans,1,Aucun,Pas de traitement,0.0,0.0,0.0,0.0,0.0
TXV0136,ISAC_V1,0 à 10,0,12.0,regionC,1,1,Aucun,1,0 - 2 ans,1,Aucun,Dermocorticoïdes,0.012727272727272728,0.02457142857142857,0.0,0.0,0.046521739130434774
TXV0137,ISAC_V1,0 à 10,0,12.0,regionC,1,1,Aucun,0,Aucun,0,Aucun,Pas de traitement,0.0,0.11514285714285714,0.022727272727272728,0.0,0.9352173913043479
TXV0138,ISAC_V1,0 à 10,1,12.0,regionC,1,1,Aucun,0,3 - 10 ans,1,Animaux : chat/chien,Pas de traitement,0.4145454545454546,0.878,0.6627272727272726,0.25,1.6934782608695653
TXV0139,ISAC_V1,0 à 10,0,12.0,regionC,1,1,Anti-H1 voie générale,1,0 - 2 ans,1,Animaux : chat/chien,Dermocorticoïdes,13.391818181818183,2.8328571428571427,0.3563636363636364,0.0,0.02391304347826087
TXV0140,ISAC_V1,0 à 10,1,3.0,regionC,1,1,Anti-H1 + CS,1,Aucun,0,Acariens,Pas de traitement,5.614545454545455,0.005142857142857143,0.0,0.0,0.034782608695652174
TXV0141,ISAC_V1,10 à 20,1,4.0,regionC,1,1,Aucun,0,3 - 10 ans,0,Aucun,Pas de traitement,0.0,0.19742857142857143,0.0,0.0,1.1317391304347826
TXV0142,ISAC_V1,10 à 20,1,6.0,regionH,1,1,Aucun,0,Aucun,0,Aucun,Pas de traitement,0.35818181818181816,0.0025714285714285713,0.0,0.0,0.015652173913043476
TXV0143,ISAC_V1,0 à 10,1,1.0,regionC,1,0,Aucun,1,0 - 2 ans,1,Aucun,Pas de traitement,0.0,0.005142857142857143,0.0,0.0,0.0
TXV0144,ISAC_V1,10 à 20,1,1.0,regionC,1,1,"Anti-H1, voie locale",1,3 - 10 ans,1,Animaux : chat/chien,Dermocorticoïdes,0.33636363636363636,2.1314285714285712,0.1527272727272727,0.0,0.9439130434782609
TXV0145,ISAC_V1,10 à 20,0,12.0,regionC,1,1,Aucun,0,10 - 20 ans,1,Aucun,Dermocorticoïdes,6.916363636363636,0.10171428571428572,0.22727272727272727,0.0,0.049565217391304345
TXV0146,ISAC_V1,10 à 20,0,12.0,regionC,1,0,Aucun,0,Aucun,0,Aucun,Pas de traitement,0.0,0.0,0.0,0.0,0.0
TXV0147,ISAC_V1,0 à 10,1,1.0,regionC,1,0,Aucun,1,2 - 3 ans,0,Aucun,Pas de traitement,0.0,0.0,0.0,0.0,0.0
TXV0148,ISAC_V1,10 à 20,0,2.0,regionC,1,1,Anti-H1 + CS,1,2 - 3 ans,1,Aucun,Pas de traitement,6.464545454545456,0.21600000000000003,0.0,0.0,5.096956521739131
TXV0149,ISAC_V1,0 à 10,0,3.0,regionC,1,1,"Anti-H1, voie locale",1,Aucun,0,Aucun,Pas de traitement,0.010909090909090908,0.04257142857142857,1.3590909090909091,0.0,2.848695652173913
TXV0150,ISAC_V1,0 à 10,1,4.0,regionC,1,1,"Anti-H1, voie locale",1,2 - 3 ans,0,Effort/Activité sportive,Pas de traitement,3.47,0.5905714285714286,43.153636363636366,0.06666666666666667,0.0
TXV0151,ISAC_V1,10 à 20,1,4.0,regionC,1,1,Aucun,1,3 - 10 ans,0,Acariens,Pas de traitement,5.931818181818182,0.4,0.0,0.14066666666666666,1.0356521739130433
TXV0152,ISAC_V1,10 à 20,0,6.0,regionK,1,1,"Anti-H1, voie locale",0,2 - 3 ans,0,Acariens,Dermocorticoïdes,0.0,0.0,8.992727272727272,0.0,3.7399999999999998
TXV0153,ISAC_V1,10 à 20,0,1.0,regionC,1,1,Aucun,0,10 - 20 ans,1,Aucun,Pas de traitement,0.0,0.0,0.0,0.0,0.0
TXV0154,ISAC_V1,10 à 20,1,10.0,regionC,1,1,Aucun,1,3 - 10 ans,1,Aucun,Pas de traitement,11.131818181818183,3.1865714285714284,5.008181818181819,0.042,11.265652173913043
TXV0155,ISAC_V1,0 à 10,1,1.0,regionC,1,1,Aucun,0,3 - 10 ans,1,Aucun,Pas de traitement,0.0,0.011142857142857144,0.0,0.0,0.02956521739130435
TXV0156,ISAC_V1,0 à 10,1,2.0,regionC,1,1,Aucun,1,0 - 2 ans,1,Aucun,Pas de traitement,0.0,0.9437142857142857,2.868181818181818,0.0,0.008695652173913044
TXV0157,ISAC_V1,10 à 20,1,2.0,regionB,1,0,Aucun,1,Aucun,0,Aucun,Pas de traitement,0.0,0.0,0.0,0.0,0.0
TXV0158,ISAC_V1,10 à 20,0,2.0,regionC,1,1,"Anti-H1, voie locale",1,3 - 10 ans,1,Aucun,Autres,0.04454545454545455,0.37657142857142856,0.9154545454545455,1.6006666666666667,0.5495652173913044
TXV0159,ISAC_V1,10 à 20,1,10.0,regionC,1,1,Anti-H1 + CS,1,Aucun,0,Acariens,Dermocorticoïdes,17.54,0.0,0.6009090909090908,0.0,0.16391304347826088
TXV0160,ISAC_V1,10 à 20,0,4.0,regionC,1,1,Aucun,1,10 - 20 ans,1,Effort/Activité sportive,Pas de traitement,0.0,7.398571428571429,2.8790909090909094,0.0,0.43782608695652175
TXV0161,ISAC_V1,10 à 20,1,4.0,regionC,1,1,Aucun,1,Aucun,0,Aucun,Pas de traitement,10.409090909090908,0.0,0.2690909090909091,0.0,0.03130434782608695
TXV0162,ISAC_V1,10 à 20,0,3.0,regionC,1,1,"Anti-H1, voie locale",1,10 - 20 ans,1,Effort/Activité sportive,Dermocorticoïdes,0.0,0.29714285714285715,0.2890909090909091,0.0,6.320434782608696
TXV0163,ISAC_V1,10 à 20,0,3.0,regionC,1,1,Anti-H1 + CS,1,Aucun,0,Aucun,Dermocorticoïdes,9.767272727272728,0.07885714285714285,0.0,0.3346666666666666,0.03391304347826087
TXV0164,ISAC_V1,10 à 20,1,2.0,regionB,1,0,Anti-H1 + CS,1,Aucun,0,Aucun,Pas de traitement,0.0,0.0,0.0,0.0,0.0
TXV0165,ISAC_V1,0 à 10,1,5.0,regionC,1,1,"Anti-H1, voie locale",0,3 - 10 ans,0,Aucun,Pas de traitement,0.0,0.0054285714285714284,0.0,1.558,8.135652173913044
TXV0166,ISAC_V1,0 à 10,1,6.0,regionC,1,1,Anti-H1 + CS,1,0 - 2 ans,1,Aucun,Pas de traitement,21.172727272727272,0.44685714285714284,1.9072727272727272,0.39133333333333337,0.801304347826087
TXV0167,ISAC_V1,0 à 10,0,3.0,regionC,1,1,Anti-H1 voie générale,1,0 - 2 ans,1,Aucun,Dermocorticoïdes,2.5827272727272725,0.5537142857142857,0.0,0.0,0.0
TXV0168,ISAC_V1,0 à 10,1,4.0,regionC,1,1,Anti-H1 voie générale,1,0 - 2 ans,1,Moisissures,Autres,0.0,0.12428571428571428,0.0,0.0,0.0
TXV0169,ISAC_V1,10 à 20,1,5.0,regionC,1,1,Aucun,1,Non renseigné,1,Effort/Activité sportive,Pas de traitement,0.0,0.008571428571428572,2.390909090909091,0.9306666666666668,0.0
TXV0170,ISAC_V1,10 à 20,1,5.0,regionC,1,1,Anti-H1 voie générale,1,3 - 10 ans,1,Aucun,Pas de traitement,1.2918181818181818,2.1617142857142855,3.227272727272727,0.8086666666666668,11.960434782608697
TXV0171,ISAC_V1,0 à 10,1,6.0,regionC,1,1,Aucun,1,0 - 2 ans,1,Aucun,Pas de traitement,0.0,0.009428571428571429,0.015454545454545455,0.0,0.0
TXV0172,ISAC_V1,10 à 20,1,6.0,regionC,1,1,Aucun,1,10 - 20 ans,1,Aucun,Pas de traitement,0.006363636363636364,0.002857142857142857,7.468181818181819,0.0,0.1208695652173913
TXV0173,ISAC_V1,0 à 10,0,6.0,regionC,1,0,Aucun,0,Aucun,0,Aucun,Pas de traitement,0.0,0.0,0.0,0.0,0.0
TXV0174,ISAC_V1,10 à 20,0,6.0,regionC,1,1,Aucun,0,Aucun,0,Acariens,Pas de traitement,4.113636363636363,0.014285714285714285,0.2372727272727273,0.0,0.09173913043478263
TXV0175,ISAC_V1,0 à 10,0,6.0,regionC,1,0,Anti-H1 voie générale,1,3 - 10 ans,1,Aucun,Pas de traitement,0.0,0.0,0.0,0.0,0.0
TXV0176,ISAC_V1,0 à 10,1,6.0,regionC,1,1,Aucun,1,0 - 2 ans,0,Aucun,Pas de traitement,0.0,1.564285714285714,0.9045454545454544,0.0,0.0
TXV0177,ISAC_V1,0 à 10,1,6.0,regionC,1,0,Anti-H1 voie générale,1,Aucun,0,Aucun,Pas de traitement,0.0,0.0,0.0,0.0,0.0
TXV0178,ISAC_V1,10 à 20,1,1.0,regionC,1,1,Aucun,1,Aucun,0,Aucun,Autres,11.966363636363637,0.0,0.0,0.0,0.0
TXV0179,ISAC_V1,10 à 20,1,1.0,regionC,1,1,Aucun,0,3 - 10 ans,1,Aucun,Pas de traitement,0.0,0.031714285714285716,0.20454545454545456,0.0,0.012608695652173915
TXV0180,ISAC_V1,10 à 20,1,2.0,regionC,1,1,"Anti-H1, voie locale",1,0 - 2 ans,1,Aucun,Dermocorticoïdes,0.0,0.10571428571428572,0.0,0.013333333333333334,0.006521739130434782
TXV0181,ISAC_V1,0 à 10,1,2.0,regionC,1,1,Aucun,1,0 - 2 ans,1,Aucun,Dermocorticoïdes,0.0,0.29114285714285715,1.059090909090909,0.0,0.005217391304347826
TXV0182,ISAC_V1,10 à 20,1,2.0,regionC,1,1,Aucun,0,3 - 10 ans,1,Aucun,Pas de traitement,0.0,0.15028571428571427,0.0,0.016666666666666666,0.8186956521739129
TXV0183,ISAC_V1,0 à 10,1,2.0,regionC,1,1,Anti-H1 + CS,1,0 - 2 ans,1,Aucun,Pas de traitement,9.945454545454545,1.55,0.0,0.716,1.3447826086956522
TXV0184,ISAC_V1,10 à 20,1,2.0,regionC,1,1,Anti-H1 voie générale,1,0 - 2 ans,0,Aucun,Dermocorticoïdes,0.02909090909090909,5.201142857142857,0.15181818181818182,0.0,0.3882608695652174
TXV0185,ISAC_V1,10 à 20,1,2.0,regionC,1,1,Aucun,1,Aucun,0,Effort/Activité sportive,Dermocorticoïdes,0.8627272727272728,0.0,0.0,0.0,0.0
TXV0186,ISAC_V1,10 à 20,1,11.0,regionM,1,1,Anti-H1 voie générale,1,Aucun,0,Animaux : chat/chien,Pas de traitement,3.0818181818181816,0.0,0.09181818181818181,0.0,0.2956521739130435
TXV0187,ISAC_V1,0 à 10,1,12.0,regionC,1,0,Aucun,0,Non renseigné,0,Aucun,Non renseigné,0.0,0.0025714285714285713,0.0,0.0,0.0
TXV0188,ISAC_V1,10 à 20,1,12.0,regionC,1,1,Anti-H1 voie générale,1,3 - 10 ans,0,Aucun,Pas de traitement,2.4363636363636365,5.580285714285714,0.9654545454545453,0.0,3.883478260869565
TXV0189,ISAC_V1,10 à 20,0,12.0,regionC,1,1,Aucun,0,2 - 3 ans,0,Aucun,Pas de traitement,0.018181818181818184,0.011142857142857144,0.6681818181818181,0.0,0.3717391304347826
TXV0190,ISAC_V1,0 à 10,0,12.0,regionC,1,1,Aucun,1,0 - 2 ans,1,Aucun,Pas de traitement,0.022727272727272728,6.6165714285714285,0.0,0.006666666666666667,0.0926086956521739
TXV0191,ISAC_V1,10 à 20,1,12.0,regionC,1,0,Anti-H1 + CS,1,3 - 10 ans,1,Effort/Activité sportive,Autres,0.0,0.0,0.0,0.0,0.009565217391304347
TXV0192,ISAC_V1,0 à 10,0,12.0,regionC,1,0,Aucun,0,0 - 2 ans,1,Aucun,Pas de traitement,0.0,0.004285714285714286,0.0,0.0,0.0
TXV0193,ISAC_V1,0 à 10,0,12.0,regionC,1,1,Aucun,1,Non renseigné,1,Moisissures,Autres,19.71,32.28457142857143,0.24636363636363637,0.418,1.0073913043478262
TXV0194,ISAC_V1,0 à 10,1,12.0,regionC,1,1,Aucun,0,3 - 10 ans,1,Aucun,Dermocorticoïdes,0.0,0.17885714285714285,0.0,0.0,0.009130434782608695
TXV0195,ISAC_V1,0 à 10,1,1.0,regionC,1,1,Anti-H1 + CS,1,Non renseigné,0,Animaux : chat/chien,Pas de traitement,37.64909090909091,0.6654285714285714,0.97,0.0,2.7456521739130433
TXV0196,ISAC_V1,10 à 20,1,1.0,regionC,1,1,Aucun,1,10 - 20 ans,0,Animaux : chat/chien,Pas de traitement,0.6363636363636364,0.12199999999999998,0.3063636363636364,0.218,0.0991304347826087
TXV0197,ISAC_V1,0 à 10,1,7.0,regionC,1,1,Aucun,1,Aucun,0,Aucun,Autres,6.181818181818182,0.026,0.9272727272727272,0.0,0.19999999999999998
TXV0198,ISAC_V1,10 à 20,1,7.0,regionC,1,1,Aucun,0,3 - 10 ans,1,Aucun,Pas de traitement,0.0,0.04057142857142857,0.0,0.0,0.3234782608695652
TXV0199,ISAC_V1,10 à 20,1,7.0,regionC,1,1,Aucun,1,3 - 10 ans,0,Aucun,Pas de traitement,26.85272727272727,0.674,0.0,0.2613333333333333,13.905652173913046
TXV0200,ISAC_V1,10 à 20,0,7.0,regionC,1,1,Anti-H1 + CS,1,10 - 20 ans,1,Effort/Activité sportive,Dermocorticoïdes,0.0,0.3211428571428572,2.12,0.3686666666666667,1.1595652173913045
TXV0201,ISAC_V1,10 à 20,0,7.0,regionC,1,1,"Anti-H1, voie locale",1,Non renseigné,0,Aucun,Pas de traitement,0.0,0.04371428571428571,0.0,0.0,0.009130434782608695
TXV0202,ISAC_V1,10 à 20,1,9.0,regionC,1,0,Aucun,0,3 - 10 ans,0,Aucun,Pas de traitement,0.0,0.0034285714285714284,0.0,0.0,0.0
TXV0203,ISAC_V1,0 à 10,0,10.0,regionC,1,1,Aucun,0,0 - 2 ans,0,Aucun,Pas de traitement,0.0,0.1834285714285714,0.051818181818181826,0.0,0.0
TXV0204,ISAC_V1,0 à 10,0,10.0,regionF,1,1,Anti-H1 voie générale,1,0 - 2 ans,1,Aucun,Pas de traitement,2.658181818181818,4.506857142857143,0.42818181818181816,0.8333333333333334,1.007391304347826
TXV0205,ISAC_V1,10 à 20,1,11.0,regionC,1,0,Aucun,1,3 - 10 ans,1,Aucun,Pas de traitement,0.0,0.0,0.0,0.0,0.0
TXV0206,ISAC_V1,10 à 20,1,3.0,regionC,1,1,Aucun,0,0 - 2 ans,0,Aucun,Pas de traitement,0.0,0.0,0.0,0.0,0.1943478260869565
TXV0207,ISAC_V1,10 à 20,0,3.0,regionC,1,0,Aucun,0,Aucun,1,Aucun,Pas de traitement,0.013636363636363636,0.0,0.0,0.0,0.0
TXV0208,ISAC_V1,0 à 10,0,4.0,regionC,1,1,Aucun,1,0 - 2 ans,1,Aucun,Pas de traitement,0.0,0.012571428571428572,0.0,0.0,0.0
TXV0209,ISAC_V1,10 à 20,0,4.0,regionC,1,0,Aucun,0,10 - 20 ans,1,Aucun,Pas de traitement,0.0,0.0,0.0,0.0,0.0
TXV0210,ISAC_V1,0 à 10,0,4.0,regionC,1,1,Anti-H1 + CS,1,0 - 2 ans,1,Aucun,Autres,0.0,3.604285714285714,2.7418181818181817,0.0,9.610869565217392
TXV0211,ISAC_V1,0 à 10,1,4.0,regionC,1,0,Aucun,0,3 - 10 ans,1,Aucun,Pas de traitement,0.0,0.0,0.0,0.0,0.0
TXV0212,ISAC_V1,0 à 10,0,5.0,regionC,1,1,Aucun,0,2 - 3 ans,1,Aucun,Dermocorticoïdes,36.12727272727273,1.5917142857142856,0.0,0.018000000000000002,0.2821739130434783
TXV0213,ISAC_V1,0 à 10,0,5.0,regionC,1,1,Aucun,1,3 - 10 ans,1,Aucun,Pas de traitement,0.10090909090909089,0.005142857142857143,0.0,0.0,0.0
TXV0214,ISAC_V1,10 à 20,1,6.0,regionC,1,1,Anti-H1 + CS,0,10 - 20 ans,1,Aucun,Pas de traitement,0.0,0.07428571428571429,0.0,0.0,0.11130434782608696
TXV0215,ISAC_V1,0 à 10,0,6.0,regionC,1,1,Aucun,1,Aucun,0,Acariens,Pas de traitement,0.6981818181818181,0.0,0.06363636363636363,0.0,0.0
TXV0216,ISAC_V1,0 à 10,0,6.0,regionC,1,0,Aucun,1,Aucun,0,Aucun,Non renseigné,0.0,0.0,0.0,0.0,0.0
TXV0217,ISAC_V1,20 à 40,0,6.0,regionC,1,1,"Anti-H1, voie locale",0,Non renseigné,0,Aucun,Pas de traitement,4.37,0.10057142857142859,0.04363636363636364,0.0,3.6717391304347826
TXV0218,ISAC_V1,0 à 10,1,7.0,regionC,1,1,Aucun,1,0 - 2 ans,1,Aucun,Dermocorticoïdes,10.751818181818182,3.298285714285714,22.417272727272728,0.016666666666666666,8.047391304347826
TXV0219,ISAC_V1,0 à 10,0,7.0,regionC,1,0,Aucun,0,3 - 10 ans,1,Aucun,Pas de traitement,0.0,0.0,0.0,0.0,0.0
TXV0220,ISAC_V1,10 à 20,0,8.0,regionC,1,1,Aucun,1,0 - 2 ans,1,Animaux : chat/chien,Dermocorticoïdes,0.859090909090909,0.038,0.9754545454545455,1.026,1.9847826086956522
TXV0221,ISAC_V1,10 à 20,0,9.0,regionC,1,0,Anti-H1 voie générale,0,3 - 10 ans,1,Effort/Activité sportive,Pas de traitement,0.0,0.0,0.0,0.004,0.007391304347826086
TXV0222,ISAC_V1,0 à 10,1,10.0,regionC,1,1,Aucun,1,3 - 10 ans,1,Aucun,Pas de traitement,0.25363636363636366,0.206,0.0,0.5479999999999999,0.0508695652173913
TXV0223,ISAC_V1,40 à 60,0,10.0,regionC,1,0,Aucun,0,Non renseigné,0,Aucun,Pas de traitement,0.01,0.0,0.0,0.0,0.0
TXV0224,ISAC_V1,0 à 10,1,10.0,regionC,1,1,Anti-H1 voie générale,1,2 - 3 ans,1,Aucun,Pas de traitement,0.0,0.9365714285714286,0.3518181818181818,0.0,2.5613043478260873
TXV0225,ISAC_V1,0 à 10,1,10.0,regionB,1,1,Anti-H1 + CS,1,2 - 3 ans,1,Aucun,Pas de traitement,10.876363636363637,1.071142857142857,1.5545454545454547,0.7013333333333335,6.17695652173913
TXV0226,ISAC_V1,20 à 40,1,11.0,regionC,1,1,Aucun,0,Non renseigné,0,Aucun,Pas de traitement,0.0,0.0025714285714285713,0.0,0.0,0.03869565217391304
TXV0227,ISAC_V1,0 à 10,1,11.0,regionC,1,1,Anti-H1 + CS,1,0 - 2 ans,1,Effort/Activité sportive,Dermocorticoïdes,14.351818181818182,0.12685714285714286,4.5618181818181816,0.476,5.213913043478261
TXV0228,ISAC_V1,10 à 20,0,11.0,regionK,0,1,Aucun,0,Non renseigné,0,Effort/Activité sportive,Pas de traitement,0.0,0.0,0.4327272727272727,0.19,0.0
TXV0229,ISAC_V1,0 à 10,1,12.0,regionC,1,1,Anti-H1 + CS,0,2 - 3 ans,1,Aucun,Pas de traitement,0.0,0.5531428571428572,0.8209090909090908,0.0,3.9213043478260867
TXV0230,ISAC_V1,0 à 10,1,12.0,regionC,1,1,Anti-H1 + CS,1,0 - 2 ans,0,Aucun,Dermocorticoïdes,0.0,2.0654285714285714,0.46181818181818185,0.0,0.26
TXV0231,ISAC_V1,0 à 10,1,12.0,regionC,1,1,Anti-H1 voie générale,1,0 - 2 ans,1,Aucun,Pas de traitement,0.16727272727272727,1.71,0.20181818181818179,0.05266666666666667,0.0
TXV0232,ISAC_V1,0 à 10,1,4.0,regionE,1,1,Non renseigné,0,Aucun,0,Aucun,Pas de traitement,0.15181818181818182,0.002285714285714286,0.00818181818181818,0.006666666666666667,0.0
TXV0233,ISAC_V1,0 à 10,1,5.0,regionC,1,1,Anti-H1 voie générale,1,0 - 2 ans,1,Aucun,Dermocorticoïdes,0.0,3.5434285714285716,3.9600000000000004,0.20666666666666664,7.165652173913044
TXV0234,ISAC_V1,0 à 10,1,5.0,regionC,1,1,Anti-H1 voie générale,1,0 - 2 ans,1,Aucun,Non renseigné,8.546363636363637,3.0054285714285713,7.973636363636363,0.015333333333333334,4.449130434782608
TXV0235,ISAC_V1,0 à 10,1,2.0,regionG,0,0,Anti-H1 + CS,1,Aucun,0,Aucun,Dermocorticoïdes,0.0,0.0,0.031818181818181815,0.0,0.010434782608695651
TXV0236,ISAC_V1,20 à 40,0,2.0,regionC,1,1,Aucun,1,0 - 2 ans,0,Aucun,Pas de traitement,1.7172727272727273,2.5479999999999996,0.9681818181818183,0.008,0.01173913043478261
TXV0237,ISAC_V1,20 à 40,0,3.0,regionC,1,0,Aucun,0,20 ans et plus,1,Aucun,Pas de traitement,0.0,0.0,0.0,0.0,0.0
TXV0238,ISAC_V1,10 à 20,1,3.0,regionC,1,1,Anti-H1 voie générale,1,Non renseigné,0,Acariens,Dermocorticoïdes,15.141818181818183,0.0,0.6081818181818183,0.0,0.03130434782608695
TXV0239,ISAC_V1,0 à 10,0,5.0,regionC,1,1,Anti-H1 voie générale,1,3 - 10 ans,1,Aucun,Pas de traitement,0.4190909090909091,0.6537142857142857,0.0,0.18133333333333335,5.7495652173913046
TXV0240,ISAC_V1,0 à 10,1,3.0,regionC,1,1,Aucun,0,3 - 10 ans,0,Aucun,Pas de traitement,2.090909090909091,0.6454285714285716,0.009090909090909092,0.2326666666666667,0.0
TXV0241,ISAC_V1,10 à 20,0,1.0,regionC,1,1,Anti-H1 voie générale,1,2 - 3 ans,1,Aucun,Dermocorticoïdes,10.25,0.3682857142857143,0.0,0.0,8.5
TXV0242,ISAC_V1,10 à 20,1,7.0,regionF,1,1,Anti-H1 + CS,1,2 - 3 ans,1,Aucun,Autres,0.006363636363636364,0.48399999999999993,0.16545454545454547,0.004,2.7
TXV0243,ISAC_V1,10 à 20,1,6.0,regionC,1,0,Aucun,1,Aucun,0,Effort/Activité sportive,Autres,0.0,0.0025714285714285713,0.0,0.0,0.0
TXV0244,ISAC_V1,0 à 10,1,6.0,regionC,1,0,Aucun,0,Aucun,0,Aucun,Pas de traitement,0.0,0.0,0.0,0.0,0.0
TXV0245,ISAC_V1,20 à 40,0,6.0,regionC,1,1,Aucun,1,3 - 10 ans,1,Aucun,Pas de traitement,0.0,0.08771428571428572,0.0,0.0,0.6965217391304348
TXV0246,ISAC_V1,0 à 10,1,6.0,regionC,1,0,Aucun,1,0 - 2 ans,0,Aucun,Pas de traitement,0.0,0.0,0.0,0.0,0.0
TXV0247,ISAC_V1,0 à 10,0,6.0,regionC,1,1,Anti-H1 voie générale,1,3 - 10 ans,0,Aucun,Dermocorticoïdes,7.683636363636364,0.304,0.009090909090909092,0.5466666666666666,2.3517391304347823
TXV0248,ISAC_V1,0 à 10,0,6.0,regionC,1,1,Aucun,0,3 - 10 ans,1,Aucun,Dermocorticoïdes,0.8727272727272727,0.2245714285714286,0.0,0.0,1.2160869565217391
TXV0249,ISAC_V1,0 à 10,0,7.0,regionC,1,1,Aucun,0,0 - 2 ans,1,Aucun,Autres,0.0,0.07114285714285715,0.03909090909090909,0.0,0.0
TXV0250,ISAC_V1,0 à 10,0,7.0,regionC,1,1,Anti-H1 + CS,1,0 - 2 ans,1,Aucun,Autres,0.0,0.031142857142857146,0.00818181818181818,0.0,6.273913043478261
TXV0251,ISAC_V1,20 à 40,0,7.0,regionC,1,1,Aucun,0,Aucun,0,Aucun,Pas de traitement,0.0,0.002857142857142857,0.0,0.0,0.1760869565217391
TXV0252,ISAC_V1,20 à 40,0,7.0,regionK,1,1,Aucun,0,20 ans et plus,1,Effort/Activité sportive,Pas de traitement,0.0,0.055142857142857146,0.0,0.0,0.4717391304347826
TXV0253,ISAC_V1,10 à 20,0,8.0,regionB,0,1,Anti-H1 voie générale,0,10 - 20 ans,1,Effort/Activité sportive,Pas de traitement,14.508181818181818,0.0717142857142857,0.0,0.5986666666666667,1.2873913043478262
TXV0254,ISAC_V1,10 à 20,0,8.0,regionC,1,1,Aucun,0,3 - 10 ans,1,Aucun,Pas de traitement,0.013636363636363636,2.4017142857142857,0.014545454545454545,0.008666666666666666,0.012173913043478262
TXV0255,ISAC_V1,0 à 10,0,4.0,regionC,1,1,Aucun,0,Aucun,0,Aucun,Pas de traitement,0.13636363636363635,0.004,0.0,0.0,0.0
TXV0256,ISAC_V1,20 à 40,0,3.0,regionC,1,1,Aucun,0,10 - 20 ans,1,Aucun,Pas de traitement,0.7272727272727273,0.0,0.08,0.0,0.1008695652173913
TXV0257,ISAC_V1,10 à 20,0,3.0,regionC,1,1,Aucun,1,Aucun,0,Animaux : chat/chien,Pas de traitement,0.0,0.004,0.1709090909090909,0.0,0.0
TXV0258,ISAC_V1,40 à 60,0,3.0,regionC,1,1,Aucun,0,Non renseigné,1,Aucun,Pas de traitement,0.0,0.31114285714285717,0.010909090909090908,0.042,4.037826086956522
TXV0259,ISAC_V1,10 à 20,1,4.0,regionC,1,1,Aucun,0,Aucun,0,Aucun,Pas de traitement,0.08545454545454545,0.0,0.0,0.0,0.0
TXV0260,ISAC_V1,0 à 10,1,4.0,regionC,1,1,Anti-H1 + CS,1,0 - 2 ans,0,Aucun,Dermocorticoïdes,0.04181818181818182,0.02,0.0,0.0,1.9552173913043478
TXV0261,ISAC_V1,10 à 20,1,4.0,regionC,1,1,Anti-H1 voie générale,1,0 - 2 ans,0,Aucun,Pas de traitement,0.0,1.556,3.1536363636363633,2.4306666666666668,11.175652173913045
TXV0262,ISAC_V1,10 à 20,0,4.0,regionC,1,0,Aucun,0,Aucun,0,Aucun,Non renseigné,0.0,0.0,0.0,0.0,0.0
TXV0263,ISAC_V1,0 à 10,1,4.0,regionC,1,1,Aucun,0,Aucun,0,Aucun,Pas de traitement,0.06818181818181818,0.0,0.0,0.0,0.0
TXV0264,ISAC_V1,20 à 40,0,10.0,regionC,1,1,Aucun,1,0 - 2 ans,1,Aucun,Dupilumab,4.558181818181819,1.0371428571428571,2.061818181818182,0.2873333333333334,1.691304347826087
TXV0265,ISAC_V1,0 à 10,1,10.0,regionC,1,1,Anti-H1 + CS,1,0 - 2 ans,1,Aucun,Dermocorticoïdes,3.556363636363636,1.8034285714285716,2.023636363636364,0.0,6.254347826086956
TXV0266,ISAC_V1,0 à 10,0,10.0,regionC,1,1,Anti-H1 + CS,1,Aucun,0,Aucun,Pas de traitement,8.111818181818181,0.0,0.8645454545454545,0.0,0.0
TXV0267,ISAC_V1,0 à 10,1,10.0,regionA,1,1,Aucun,1,0 - 2 ans,1,Aucun,Non renseigné,0.0,0.8037142857142858,0.1890909090909091,0.015333333333333334,0.0
TXV0268,ISAC_V1,0 à 10,1,11.0,regionC,1,0,Aucun,1,Aucun,0,Aucun,Pas de traitement,0.0,0.0,0.0,0.0,0.0
TXV0269,ISAC_V1,10 à 20,1,12.0,regionC,1,1,Anti-H1 + CS,0,3 - 10 ans,1,Aucun,Pas de traitement,0.0,0.0,0.0,0.0,5.922173913043479
TXV0270,ISAC_V1,10 à 20,1,11.0,regionC,1,1,Anti-H1 voie générale,1,3 - 10 ans,1,Aucun,Autres,19.073636363636364,3.1797142857142853,4.719090909090909,3.2433333333333336,1.914782608695652
TXV0271,ISAC_V1,0 à 10,0,9.0,regionC,1,1,Anti-H1 + CS,1,3 - 10 ans,0,Aucun,Autres,9.161818181818182,2.0465714285714283,1.8818181818181818,3.3406666666666665,0.577391304347826
TXV0272,ISAC_V1,0 à 10,1,9.0,regionC,1,1,Anti-H1 + CS,0,2 - 3 ans,1,Aucun,Pas de traitement,0.02181818181818182,2.2425714285714284,1.8872727272727274,1.5433333333333334,0.07217391304347825
TXV0273,ISAC_V1,0 à 10,0,9.0,regionC,1,1,Aucun,0,3 - 10 ans,1,Aucun,Dermocorticoïdes,2.2436363636363637,0.5631428571428572,0.0,0.009333333333333334,2.1782608695652175
TXV0274,ISAC_V1,0 à 10,1,10.0,regionC,1,1,Aucun,1,0 - 2 ans,1,Aucun,Autres,0.0,1.056857142857143,0.01,0.041333333333333326,1.2573913043478262
TXV0275,ISAC_V1,0 à 10,1,12.0,regionC,1,1,Aucun,1,0 - 2 ans,1,Aucun,Pas de traitement,0.0,0.3142857142857143,0.0,0.0,0.0
TXV0276,ISAC_V1,0 à 10,0,1.0,regionC,1,1,Non renseigné,1,0 - 2 ans,1,Aucun,Dermocorticoïdes,0.04090909090909091,1.1857142857142857,0.5736363636363636,0.0,0.2578260869565217
TXV0277,ISAC_V1,0 à 10,1,1.0,regionK,0,1,Anti-H1 + CS,1,0 - 2 ans,1,Acariens,Autres,16.548181818181817,1.1611428571428573,1.5627272727272725,0.0,0.044347826086956525
TXV0278,ISAC_V1,0 à 10,0,1.0,regionC,1,1,Anti-H1 + CS,1,0 - 2 ans,1,Animaux : chat/chien,Autres,0.0,5.277714285714286,0.42,0.4166666666666667,4.596521739130435
TXV0279,ISAC_V1,10 à 20,1,2.0,regionC,1,1,Aucun,1,3 - 10 ans,1,Aucun,Pas de traitement,33.60818181818182,2.3742857142857146,4.594545454545455,0.20466666666666666,4.518260869565218
TXV0280,ISAC_V1,10 à 20,1,2.0,regionC,1,1,Anti-H1 + CS,1,3 - 10 ans,1,Aucun,Autres,4.616363636363636,3.8008571428571427,0.6727272727272727,0.0,5.380434782608695
TXV0281,ISAC_V1,20 à 40,0,2.0,regionC,1,1,Non renseigné,1,0 - 2 ans,1,Effort/Activité sportive,Non renseigné,3.389090909090909,0.9128571428571428,7.52,0.3406666666666667,4.122173913043478
TXV0282,ISAC_V1,0 à 10,0,3.0,regionC,1,1,Anti-H1 voie générale,1,2 - 3 ans,1,Aucun,Pas de traitement,0.0,0.876,0.0,0.0,0.0
TXV0283,ISAC_V1,10 à 20,1,3.0,regionC,1,1,Anti-H1 + CS,1,3 - 10 ans,1,Aucun,Pas de traitement,0.0,0.4734285714285714,0.024545454545454547,0.0,1.7382608695652175
TXV0284,ISAC_V1,40 à 60,1,5.0,regionC,1,0,Aucun,0,20 ans et plus,0,Aucun,Pas de traitement,0.0,0.003142857142857143,0.0,0.0,0.0
TXV0285,ISAC_V1,10 à 20,1,5.0,regionC,1,1,Aucun,0,Aucun,1,Effort/Activité sportive,Pas de traitement,0.5972727272727272,3.0642857142857145,6.640000000000001,9.062000000000001,16.35130434782609
TXV0286,ISAC_V1,10 à 20,0,5.0,regionI,1,1,Anti-H1 + CS,0,10 - 20 ans,1,Aucun,Pas de traitement,2.4927272727272727,0.013714285714285714,0.07909090909090909,0.0,0.15999999999999998
TXV0287,ISAC_V1,20 à 40,0,8.0,regionC,1,1,Anti-H1 voie générale,0,20 ans et plus,1,Aucun,Dermocorticoïdes,7.3981818181818175,0.0,0.5418181818181819,0.0,0.6378260869565218
TXV0288,ISAC_V1,10 à 20,1,7.0,regionF,1,1,Anti-H1 voie générale,1,2 - 3 ans,1,Aucun,Dermocorticoïdes,0.0,0.38742857142857146,0.30818181818181817,0.015333333333333334,3.3765217391304345
TXV0289,ISAC_V1,0 à 10,1,7.0,regionC,1,1,Anti-H1 voie générale,1,3 - 10 ans,0,Acariens,Pas de traitement,2.51,0.045142857142857144,0.0,0.012666666666666666,0.22608695652173913
TXV0290,ISAC_V1,20 à 40,0,5.0,regionC,1,1,Aucun,0,3 - 10 ans,1,Aucun,Pas de traitement,0.0,0.030571428571428572,0.0,0.0,0.005652173913043478
TXV0291,ISAC_V1,20 à 40,1,5.0,regionC,1,0,Aucun,0,20 ans et plus,1,Effort/Activité sportive,Pas de traitement,0.0,0.0,0.0,0.0,0.0
TXV0292,ISAC_V1,10 à 20,0,6.0,regionC,1,1,Anti-H1 + CS,1,Aucun,0,Aucun,Dermocorticoïdes,17.35,1.415142857142857,1.9636363636363634,0.13866666666666666,6.860869565217392
TXV0293,ISAC_V1,20 à 40,0,6.0,regionC,1,1,Non renseigné,1,3 - 10 ans,1,Acariens,Non renseigné,2.26,0.0,0.1690909090909091,0.0,0.1760869565217391
TXV0294,ISAC_V1,20 à 40,1,6.0,regionC,1,1,Aucun,0,10 - 20 ans,1,Aucun,Pas de traitement,0.0,0.0,0.0,0.0,0.45086956521739124
TXV0295,ISAC_V1,40 à 60,0,6.0,regionC,1,0,Non renseigné,0,20 ans et plus,0,Aucun,Pas de traitement,0.0,0.0,0.0,0.0,0.0
TXV0296,ISAC_V1,10 à 20,0,6.0,regionM,1,1,Anti-H1 + CS,1,0 - 2 ans,1,Aucun,Dermocorticoïdes,4.387272727272727,9.656285714285715,3.0936363636363637,0.8006666666666666,3.561304347826087
TXV0297,ISAC_V1,0 à 10,0,9.0,regionC,1,1,Anti-H1 + CS,1,0 - 2 ans,1,Aucun,Autres,0.0,6.353142857142857,0.49090909090909096,0.3453333333333334,7.952173913043478
TXV0298,ISAC_V1,20 à 40,0,10.0,regionC,1,1,Aucun,0,20 ans et plus,1,Aucun,Pas de traitement,0.0,0.0,0.0,0.05266666666666667,0.0
TXV0299,ISAC_V1,10 à 20,0,9.0,regionC,1,1,Anti-H1 + CS,0,10 - 20 ans,1,Animaux : chat/chien,Dermocorticoïdes,0.0,1.1097142857142859,1.3481818181818181,0.4553333333333333,7.906956521739131
TXV0300,ISAC_V1,10 à 20,1,10.0,regionC,1,1,Aucun,1,Aucun,0,Aucun,Pas de traitement,0.0,0.009714285714285715,0.0,0.0,0.0
TXV0301,ISAC_V1,10 à 20,1,11.0,regionC,1,1,Anti-H1 + CS,1,2 - 3 ans,1,Animaux : chat/chien,Pas de traitement,0.0,0.0,0.15454545454545454,1.5646666666666667,0.02
TXV0302,ISAC_V1,0 à 10,0,11.0,regionC,1,1,Anti-H1 voie générale,1,2 - 3 ans,0,Acariens,Autres,16.185454545454547,4.689714285714286,5.070909090909091,0.024,17.39608695652174
TXV0303,ISAC_V1,20 à 40,1,11.0,regionC,1,1,Anti-H1 + CS,1,20 ans et plus,1,Moisissures,Autres,0.0,0.0,0.3181818181818182,0.056,0.21130434782608698
TXV0304,ISAC_V1,0 à 10,0,11.0,regionH,1,1,Aucun,1,3 - 10 ans,1,Aucun,Dermocorticoïdes,0.0,0.20742857142857143,0.0,0.0,0.002173913043478261
TXV0305,ISAC_V1,0 à 10,0,12.0,regionC,1,1,Aucun,0,0 - 2 ans,1,Aucun,Pas de traitement,0.0,0.054,0.0,0.0,0.005652173913043478
TXV0306,ISAC_V1,60 à Plus,1,12.0,regionC,1,1,Aucun,0,20 ans et plus,1,Aucun,Pas de traitement,0.0,0.0,0.0,0.0,0.0
TXV0307,ISAC_V1,10 à 20,0,12.0,regionC,1,0,Aucun,0,Aucun,0,Aucun,Pas de traitement,0.0,0.0,0.0,0.0,0.0
TXV0308,ISAC_V1,10 à 20,0,1.0,regionC,1,1,Aucun,0,0 - 2 ans,1,Acariens,Pas de traitement,0.9218181818181819,0.0,0.0,0.0,0.0
TXV0309,ISAC_V1,20 à 40,0,1.0,regionC,1,1,Non renseigné,0,20 ans et plus,1,Animaux : chat/chien,Pas de traitement,5.724545454545455,0.06514285714285716,0.07545454545454545,0.0,0.1508695652173913
TXV0310,ISAC_V1,20 à 40,0,2.0,regionC,1,1,Aucun,0,20 ans et plus,1,Aucun,Pas de traitement,0.05090909090909091,0.0,0.025454545454545455,0.0,0.022173913043478263
TXV0311,ISAC_V1,10 à 20,0,2.0,regionL,1,0,Non renseigné,0,Aucun,0,Aucun,Pas de traitement,0.0,0.0,0.0,0.0,0.0
TXV0312,ISAC_V1,10 à 20,1,3.0,regionC,1,1,Aucun,0,Aucun,0,Aucun,Pas de traitement,2.2245454545454546,0.004857142857142858,0.67,0.0,0.5773913043478262
TXV0313,ISAC_V1,0 à 10,1,2.0,regionM,1,1,Non renseigné,1,2 - 3 ans,1,Aucun,Autres,5.1909090909090905,0.5102857142857142,3.1599999999999997,0.21466666666666667,0.7865217391304348
TXV0314,ISAC_V1,10 à 20,0,7.0,regionC,1,1,Aucun,1,3 - 10 ans,1,Aucun,Autres,4.452727272727272,0.028,0.0,0.0,0.0
TXV0315,ISAC_V1,0 à 10,1,7.0,regionC,1,1,Anti-H1 voie générale,1,3 - 10 ans,1,Aucun,Pas de traitement,0.0,0.6411428571428571,0.36909090909090914,0.0,7.267391304347826
TXV0316,ISAC_V1,0 à 10,1,7.0,regionC,1,1,Anti-H1 voie générale,0,3 - 10 ans,1,Effort/Activité sportive,Pas de traitement,0.0,1.459142857142857,0.05181818181818181,0.0,10.831739130434782
TXV0317,ISAC_V1,20 à 40,1,7.0,regionC,1,0,Aucun,0,10 - 20 ans,1,Aucun,Pas de traitement,0.0,0.0,0.0,0.0,0.0
TXV0318,ISAC_V1,0 à 10,0,9.0,regionC,1,1,Aucun,0,0 - 2 ans,1,Aucun,Autres,0.0,0.09885714285714285,0.007272727272727273,0.0,0.006956521739130435
TXV0319,ISAC_V1,40 à 60,0,7.0,regionC,1,1,Anti-H1 voie générale,1,Aucun,0,Aucun,Pas de traitement,0.0890909090909091,0.0,0.0,0.0,0.0
TXV0320,ISAC_V1,20 à 40,0,9.0,regionC,1,0,Non renseigné,0,10 - 20 ans,1,Aucun,Pas de traitement,0.0,0.004285714285714286,0.0,0.0,0.01956521739130435
TXV0321,ISAC_V1,0 à 10,1,10.0,regionC,1,1,Anti-H1 + CS,1,3 - 10 ans,1,Aucun,Autres,17.62,1.826857142857143,0.0,0.0,1.6760869565217393
TXV0322,ISAC_V1,20 à 40,0,10.0,regionC,1,1,Anti-H1 voie générale,1,3 - 10 ans,1,Acariens,Non renseigné,31.244545454545456,5.458285714285714,4.629090909090909,0.438,9.765217391304349
TXV0323,ISAC_V1,10 à 20,1,9.0,regionA,1,1,Anti-H1 voie générale,1,0 - 2 ans,1,Aucun,Dermocorticoïdes,0.0,8.436857142857143,0.009090909090909092,0.094,0.013478260869565217
TXV0324,ISAC_V1,0 à 10,1,10.0,regionC,1,0,Aucun,0,0 - 2 ans,1,Aucun,Pas de traitement,0.0,0.007714285714285715,0.01,0.0,0.0
TXV0325,ISAC_V1,0 à 10,0,11.0,regionC,1,0,Aucun,0,0 - 2 ans,0,Aucun,Pas de traitement,0.0,0.0,0.01,0.0,0.0
TXV0326,ISAC_V1,10 à 20,0,11.0,regionC,1,1,Aucun,0,10 - 20 ans,1,Aucun,Pas de traitement,2.7072727272727275,0.030285714285714287,0.03727272727272728,0.043333333333333335,0.0
TXV0327,ISAC_V1,60 à Plus,0,3.0,regionC,1,0,Aucun,1,Aucun,0,Aucun,Pas de traitement,0.0,0.0,0.0,0.0,0.0
TXV0328,ISAC_V1,0 à 10,1,3.0,regionC,1,1,Anti-H1 voie générale,0,0 - 2 ans,1,Aucun,Pas de traitement,15.594545454545454,0.010857142857142857,0.0,0.0,0.004782608695652174
TXV0329,ISAC_V1,10 à 20,1,3.0,regionC,1,1,Aucun,0,0 - 2 ans,1,Aucun,Autres,0.9118181818181817,1.2251428571428573,0.17727272727272728,0.04,0.3021739130434783
TXV0330,ISAC_V1,0 à 10,1,1.0,regionC,1,1,Aucun,1,0 - 2 ans,1,Aucun,Pas de traitement,12.827272727272726,0.013428571428571429,0.2127272727272727,0.0,0.06130434782608695
TXV0331,ISAC_V1,40 à 60,0,2.0,regionC,1,1,Aucun,0,3 - 10 ans,1,Aucun,Pas de traitement,0.05272727272727273,0.0,0.01,0.0,0.3778260869565217
TXV0332,ISAC_V1,10 à 20,0,12.0,regionC,1,1,Non renseigné,0,Non renseigné,0,Aucun,Pas de traitement,0.05090909090909091,0.0,0.4436363636363636,0.007333333333333333,9.465652173913044
WQW0001,ISAC_V2,10 à 20,1,1.0,regionL,1,1,Non renseigné,0,2 - 3 ans,1,Aucun,Pas de traitement,0.0,1.0,0.0,1.8906666666666667,3.643478260869565
WQW0002,ISAC_V2,0 à 10,0,1.0,regionL,1,1,Non renseigné,0,0 - 2 ans,1,Aucun,Pas de traitement,14.088181818181818,3.959428571428572,18.775454545454544,3.603333333333333,2.462608695652174
WQW0003,ISAC_V2,10 à 20,1,1.0,regionL,0,1,Non renseigné,0,3 - 10 ans,1,Animaux : chat/chien,Pas de traitement,7.881818181818181,2.6074285714285717,0.0,5.928,14.005652173913044
WQW0004,ISAC_V2,0 à 10,1,7.0,regionL,1,1,Non renseigné,1,0 - 2 ans,1,Aucun,Pas de traitement,0.6709090909090909,0.9888571428571429,0.0,0.0,4.930434782608696
WQW0005,ISAC_V2,10 à 20,1,7.0,regionL,1,1,Non renseigné,1,0 - 2 ans,1,Animaux : chat/chien,Pas de traitement,0.0,0.9634285714285714,1.6090909090909093,0.20666666666666667,8.045652173913044
WQW0006,ISAC_V2,10 à 20,0,7.0,regionL,1,1,Non renseigné,0,3 - 10 ans,1,Aucun,Pas de traitement,0.0,0.10771428571428572,0.7772727272727273,0.0,11.888260869565217
WQW0007,ISAC_V2,60 à Plus,0,8.0,regionL,1,1,Non renseigné,0,10 - 20 ans,1,Aucun,Pas de traitement,0.03909090909090909,0.204,0.3845454545454546,0.0,2.9878260869565216
WQW0008,ISAC_V2,60 à Plus,0,8.0,regionL,1,0,Aucun,0,Aucun,0,Aucun,Pas de traitement,0.0,0.0,0.0,0.0,0.0
WQW0009,ISAC_V2,20 à 40,1,8.0,regionL,1,1,Non renseigné,0,10 - 20 ans,1,Animaux : chat/chien,Pas de traitement,4.949090909090909,0.0,2.29,0.048666666666666664,0.9830434782608696
WQW0010,ISAC_V2,0 à 10,0,9.0,regionL,1,1,Non renseigné,0,0 - 2 ans,1,Aucun,Pas de traitement,0.0,0.7959999999999999,0.19272727272727275,0.0,0.06478260869565218
WQW0011,ISAC_V2,0 à 10,1,9.0,regionL,1,1,Aucun,0,0 - 2 ans,1,Aucun,Pas de traitement,0.0,0.14314285714285713,0.0,0.0,0.0
WQW0012,ISAC_V2,40 à 60,0,9.0,regionL,1,1,Aucun,0,10 - 20 ans,1,Aucun,Pas de traitement,0.7254545454545455,0.0,0.0,0.0,0.0
WQW0013,ISAC_V2,0 à 10,1,9.0,regionL,1,1,Aucun,1,2 - 3 ans,1,Aucun,Pas de traitement,0.0,0.04114285714285714,0.02727272727272727,0.0,0.0
WQW0014,ISAC_V2,0 à 10,1,9.0,regionL,1,0,Aucun,0,0 - 2 ans,1,Animaux : chat/chien,Pas de traitement,0.0,0.0,0.0,0.0,0.0
WQW0015,ISAC_V2,10 à 20,0,9.0,regionL,1,1,Aucun,0,10 - 20 ans,1,Animaux : chat/chien,Pas de traitement,0.0,0.0,0.0,0.0,0.04782608695652174
WQW0016,ISAC_V2,10 à 20,0,9.0,regionL,1,1,Non renseigné,0,0 - 2 ans,1,Aucun,Pas de traitement,7.167272727272728,1.2737142857142856,0.4645454545454546,0.07866666666666666,2.196521739130435
WQW0017,ISAC_V2,0 à 10,1,9.0,regionL,1,1,Aucun,0,0 - 2 ans,1,Aucun,Dermocorticoïdes,0.0,0.42142857142857143,0.0,0.0,0.0
WQW0018,ISAC_V2,0 à 10,1,9.0,regionL,1,1,Anti-H1 + CS,1,0 - 2 ans,1,Aucun,Dermocorticoïdes,9.43909090909091,4.751714285714286,0.10181818181818182,3.0566666666666666,0.03173913043478261
WQW0019,ISAC_V2,10 à 20,1,9.0,regionL,0,1,Anti-H1 + CS,1,Aucun,0,Aucun,Pas de traitement,21.549999999999997,0.023714285714285712,0.0,1.7566666666666666,0.28043478260869564
WQW0020,ISAC_V2,10 à 20,1,9.0,regionL,0,1,Anti-H1 + CS,1,2 - 3 ans,1,Aucun,Pas de traitement,0.0,0.19428571428571428,0.0,0.4613333333333333,2.4065217391304348
WQW0021,ISAC_V2,20 à 40,0,9.0,regionL,1,1,Non renseigné,0,2 - 3 ans,1,Aucun,Pas de traitement,0.0,0.0,0.0,0.0,1.4843478260869565
WQW0022,ISAC_V2,10 à 20,0,9.0,regionL,1,1,Non renseigné,1,0 - 2 ans,1,Aucun,Pas de traitement,0.7509090909090909,2.041142857142857,2.12,0.07133333333333333,2.5760869565217392
WQW0023,ISAC_V2,0 à 10,0,10.0,regionJ,0,1,Aucun,0,0 - 2 ans,1,Aucun,Pas de traitement,0.0,0.35742857142857143,1.4090909090909092,0.0,0.7095652173913044
WQW0024,ISAC_V2,0 à 10,1,10.0,regionL,1,1,Non renseigné,0,0 - 2 ans,1,Aucun,Pas de traitement,0.7227272727272728,10.723714285714285,4.623636363636364,0.0,2.21
WQW0025,ISAC_V2,0 à 10,0,10.0,regionL,0,1,Anti-H1 + CS,1,0 - 2 ans,1,Aucun,Pas de traitement,0.10181818181818182,2.1697142857142855,1.5536363636363637,1.1333333333333333,10.909565217391304
WQW0026,ISAC_V2,0 à 10,1,10.0,regionL,1,1,Non renseigné,0,0 - 2 ans,1,Moisissures,Pas de traitement,0.0,0.6828571428571428,0.25727272727272726,1.584,1.2117391304347827
WQW0027,ISAC_V2,0 à 10,0,10.0,regionC,1,1,Non renseigné,0,3 - 10 ans,0,Aucun,Pas de traitement,0.11818181818181818,0.25942857142857145,0.6136363636363636,7.6,5.613913043478261
WQW0028,ISAC_V2,10 à 20,1,10.0,regionC,1,1,Non renseigné,0,2 - 3 ans,1,Aucun,Pas de traitement,0.0,2.224285714285714,1.2836363636363635,7.202,23.38826086956522
WQW0029,ISAC_V2,40 à 60,1,10.0,regionL,1,0,Aucun,0,10 - 20 ans,1,Aucun,Pas de traitement,0.0,0.0,0.0,0.0,0.0
WQW0030,ISAC_V2,0 à 10,1,11.0,regionL,0,1,Non renseigné,0,2 - 3 ans,1,Aucun,Pas de traitement,0.0,0.39171428571428574,0.770909090909091,0.644,0.5226086956521739
WQW0031,ISAC_V2,40 à 60,0,11.0,regionL,1,1,Aucun,0,0 - 2 ans,1,Animaux : chat/chien,Pas de traitement,16.319090909090907,5.0282857142857145,1.4845454545454544,0.8846666666666666,19.79782608695652
WQW0032,ISAC_V2,0 à 10,1,9.0,regionL,1,1,Aucun,0,2 - 3 ans,1,Aucun,Pas de traitement,1.7363636363636366,0.8305714285714286,0.0,0.544,0.2747826086956522
WQW0033,ISAC_V2,0 à 10,1,11.0,regionL,0,1,Non renseigné,0,2 - 3 ans,1,Aucun,Pas de traitement,15.495454545454544,2.302285714285714,0.7772727272727273,0.4313333333333333,2.1517391304347826
WQW0034,ISAC_V2,40 à 60,1,11.0,regionL,1,1,Aucun,0,10 - 20 ans,1,Aucun,Pas de traitement,0.0,0.0,0.0,0.0,0.19608695652173913
WQW0035,ISAC_V2,0 à 10,1,12.0,regionL,1,1,Aucun,0,2 - 3 ans,1,Aucun,Pas de traitement,0.0,0.20457142857142857,0.16727272727272727,0.0,0.0608695652173913
WQW0036,ISAC_V2,10 à 20,1,11.0,regionL,1,1,Non renseigné,0,0 - 2 ans,1,Aucun,Pas de traitement,0.5572727272727274,1.2737142857142856,0.0,0.0,1.0426086956521738
WQW0037,ISAC_V2,10 à 20,1,12.0,regionJ,0,1,Non renseigné,0,3 - 10 ans,1,Aucun,Pas de traitement,2.7154545454545453,0.6765714285714286,0.0,0.0,0.31913043478260866
WQW0038,ISAC_V2,0 à 10,1,12.0,regionL,1,1,Non renseigné,1,0 - 2 ans,1,Aucun,Pas de traitement,0.0,6.482857142857143,9.612727272727273,6.458666666666667,7.805652173913045
WQW0039,ISAC_V2,0 à 10,1,12.0,regionL,1,1,Non renseigné,0,0 - 2 ans,1,Aucun,Pas de traitement,22.491818181818186,1.0157142857142856,1.988181818181818,1.5546666666666666,0.29695652173913045
WQW0040,ISAC_V2,0 à 10,0,12.0,regionJ,0,1,Non renseigné,0,2 - 3 ans,1,Aucun,Pas de traitement,0.0,1.5731428571428572,0.6272727272727273,0.0,0.16608695652173913
WQW0041,ISAC_V2,0 à 10,0,12.0,regionL,1,1,Non renseigné,0,0 - 2 ans,1,Effort/Activité sportive,Pas de traitement,0.8990909090909092,1.9977142857142858,0.39454545454545453,0.0,1.0421739130434782
WQW0042,ISAC_V2,10 à 20,1,12.0,regionL,0,1,Aucun,0,3 - 10 ans,1,Aucun,Pas de traitement,0.0,0.42828571428571427,0.8163636363636364,0.0,3.5847826086956522
WQW0043,ISAC_V2,0 à 10,1,1.0,regionL,0,1,Non renseigné,0,2 - 3 ans,1,Aucun,Pas de traitement,1.7272727272727273,1.7665714285714285,2.1536363636363633,0.04466666666666667,6.01
WQW0044,ISAC_V2,10 à 20,0,1.0,regionL,1,1,Non renseigné,0,3 - 10 ans,1,Effort/Activité sportive,Pas de traitement,6.479090909090909,0.07257142857142858,0.10272727272727272,0.0,8.01695652173913
WQW0045,ISAC_V2,60 à Plus,0,1.0,regionL,1,0,Aucun,0,Aucun,1,Aucun,Pas de traitement,0.0,0.0,0.0,0.0,0.0
WQW0046,ISAC_V2,40 à 60,1,1.0,regionL,1,1,Aucun,0,10 - 20 ans,1,Aucun,Pas de traitement,0.0,0.0,0.0,0.0,0.13043478260869565
WQW0047,ISAC_V2,0 à 10,0,2.0,regionL,1,1,Aucun,0,0 - 2 ans,1,Aucun,Pas de traitement,23.770000000000003,4.931714285714286,3.2454545454545456,16.791999999999998,2.6882608695652173
WQW0048,ISAC_V2,0 à 10,1,2.0,regionL,1,1,Aucun,0,0 - 2 ans,1,Aucun,Pas de traitement,0.0,0.43228571428571433,0.0,0.6753333333333333,0.4986956521739131
WQW0049,ISAC_V2,0 à 10,1,2.0,regionL,1,1,Aucun,0,0 - 2 ans,1,Aucun,Pas de traitement,0.0,0.5231428571428571,0.35999999999999993,0.0,0.0
WQW0050,ISAC_V2,10 à 20,0,2.0,regionL,1,1,Anti-H1 voie générale,1,3 - 10 ans,1,Aucun,Pas de traitement,0.18363636363636363,1.217142857142857,0.28909090909090907,0.09866666666666667,4.484347826086957
WQW0051,ISAC_V2,10 à 20,1,2.0,regionL,1,1,Anti-H1 voie générale,1,0 - 2 ans,1,Aucun,Autres,56.99363636363636,4.735714285714286,6.129090909090909,8.922,4.322173913043478
WQW0052,ISAC_V2,0 à 10,1,1.0,regionL,1,1,Aucun,0,3 - 10 ans,1,Aucun,Pas de traitement,0.0,0.4462857142857143,0.0,0.0,0.0
WQW0053,ISAC_V2,20 à 40,0,2.0,regionJ,1,1,Non renseigné,0,3 - 10 ans,1,Aucun,Pas de traitement,0.0,0.8797142857142857,0.13454545454545455,0.0,6.392608695652174
WQW0054,ISAC_V2,10 à 20,0,2.0,regionL,1,1,Non renseigné,0,Non renseigné,0,Animaux : cheval/rongeur,Non renseigné,0.0,1.1651428571428573,0.0,0.0,8.749565217391305
WQW0055,ISAC_V2,10 à 20,1,3.0,regionL,1,1,Non renseigné,0,2 - 3 ans,1,Aucun,Pas de traitement,14.881818181818181,0.048,0.16727272727272727,0.0,0.4795652173913044
WQW0056,ISAC_V2,0 à 10,0,3.0,regionL,1,1,Non renseigné,0,0 - 2 ans,1,Aucun,Pas de traitement,4.44,2.641428571428571,0.0,0.0,4.666956521739131
WQW0057,ISAC_V2,10 à 20,1,3.0,regionL,1,1,Non renseigné,0,3 - 10 ans,1,Aucun,Pas de traitement,16.71090909090909,0.5459999999999999,0.0,0.2986666666666667,0.691304347826087
WQW0058,ISAC_V2,0 à 10,0,5.0,regionL,1,1,Non renseigné,0,0 - 2 ans,1,Aucun,Non renseigné,33.36545454545455,7.506571428571429,12.673636363636364,3.464,2.0243478260869567
WQW0059,ISAC_V2,20 à 40,1,4.0,regionL,1,0,Aucun,0,Aucun,0,Aucun,Pas de traitement,0.0,0.0,0.0,0.0,0.0
WQW0060,ISAC_V2,0 à 10,1,4.0,regionL,1,1,Aucun,0,0 - 2 ans,1,Aucun,Pas de traitement,47.72,17.176857142857145,38.519999999999996,8.804,22.452608695652174
WQW0061,ISAC_V2,0 à 10,1,4.0,regionL,1,1,Non renseigné,0,2 - 3 ans,1,Aucun,Pas de traitement,24.393636363636368,2.104,4.16090909090909,7.360666666666666,2.764782608695652
WQW0062,ISAC_V2,0 à 10,1,4.0,regionL,0,1,Non renseigné,0,3 - 10 ans,1,Aucun,Pas de traitement,3.6654545454545455,2.3565714285714288,0.0,2.2546666666666666,13.625217391304348
WQW0063,ISAC_V2,0 à 10,0,5.0,regionL,1,1,Aucun,0,0 - 2 ans,1,Aucun,Pas de traitement,0.0,0.02885714285714286,0.0,0.116,0.2539130434782609
WQW0064,ISAC_V2,10 à 20,0,5.0,regionL,1,1,Non renseigné,0,3 - 10 ans,1,Aucun,Pas de traitement,4.213636363636363,2.4837142857142855,7.5627272727272725,0.0,14.79695652173913
WQW0065,ISAC_V2,10 à 20,1,5.0,regionJ,0,1,"Anti-H1, voie locale",0,3 - 10 ans,1,Aucun,Pas de traitement,6.244545454545454,1.0985714285714288,0.6363636363636364,0.13066666666666665,4.357826086956522
WQW0066,ISAC_V2,10 à 20,0,5.0,regionJ,1,1,Non renseigné,0,0 - 2 ans,1,Aucun,Pas de traitement,14.289090909090909,0.7748571428571429,0.7009090909090909,0.0,0.23956521739130435
WQW0067,ISAC_V2,10 à 20,0,4.0,regionL,1,1,Non renseigné,1,2 - 3 ans,1,Effort/Activité sportive,Pas de traitement,21.561818181818182,1.9980000000000002,14.614545454545453,1.9140000000000001,5.142173913043479
WQW0068,ISAC_V2,0 à 10,0,5.0,regionL,0,1,Aucun,0,0 - 2 ans,1,Aucun,Pas de traitement,0.0,0.028285714285714286,0.0,0.0,0.04391304347826087
WQW0069,ISAC_V2,0 à 10,1,5.0,regionL,1,1,Anti-H1 voie générale,0,2 - 3 ans,1,Effort/Activité sportive,Pas de traitement,0.0,0.08685714285714285,0.13272727272727272,0.0,0.03347826086956522
WQW0070,ISAC_V2,0 à 10,1,5.0,regionJ,0,1,Aucun,0,0 - 2 ans,1,Animaux : chat/chien,Pas de traitement,23.24909090909091,25.364285714285714,26.180000000000003,8.394666666666668,41.845652173913045
WQW0071,ISAC_V2,10 à 20,1,5.0,regionJ,0,1,Non renseigné,0,2 - 3 ans,1,Aucun,Pas de traitement,10.587272727272728,12.738,2.8181818181818183,0.5886666666666667,7.981304347826087
WQW0072,ISAC_V2,0 à 10,1,5.0,regionL,0,1,Aucun,0,2 - 3 ans,1,Aucun,Pas de traitement,2.0345454545454547,4.4791428571428575,0.8990909090909092,0.112,8.958695652173914
WQW0073,ISAC_V2,10 à 20,1,5.0,regionL,1,1,Non renseigné,0,3 - 10 ans,1,Aucun,Pas de traitement,3.3390909090909093,0.14514285714285716,0.0,0.6519999999999999,2.2195652173913047
WQW0074,ISAC_V2,20 à 40,0,6.0,regionL,1,1,Non renseigné,0,Aucun,0,Aucun,Pas de traitement,0.1409090909090909,0.037714285714285714,0.0,0.0,0.8708695652173913
WQW0075,ISAC_V2,10 à 20,1,6.0,regionL,0,1,Non renseigné,0,2 - 3 ans,1,Aucun,Pas de traitement,3.3172727272727274,0.5442857142857143,2.3945454545454545,0.09466666666666666,2.6286956521739135
WQW0076,ISAC_V2,20 à 40,0,6.0,regionL,1,1,Non renseigné,0,3 - 10 ans,1,Aucun,Non renseigné,1.4063636363636365,0.23285714285714287,0.06454545454545454,0.0,3.1334782608695657
WQW0077,ISAC_V2,10 à 20,1,6.0,regionL,0,1,Non renseigné,0,2 - 3 ans,1,Aucun,Pas de traitement,19.074545454545454,0.04057142857142857,0.3727272727272727,0.0,0.0
WQW0078,ISAC_V2,0 à 10,1,6.0,regionL,1,1,Non renseigné,0,0 - 2 ans,1,Aucun,Pas de traitement,0.0,1.7437142857142858,0.0,0.0,0.0
WQW0079,ISAC_V2,0 à 10,1,6.0,regionL,0,1,Aucun,0,2 - 3 ans,1,Aucun,Pas de traitement,2.044545454545455,5.446,0.6572727272727272,0.14400000000000002,0.30521739130434783
WQW0080,ISAC_V2,0 à 10,1,5.0,regionL,1,1,Aucun,0,3 - 10 ans,1,Aucun,Pas de traitement,0.0,0.6342857142857142,0.0,0.0,0.561304347826087
WQW0081,ISAC_V2,0 à 10,0,6.0,regionL,1,1,Anti-H1 voie générale,0,2 - 3 ans,1,Aucun,Dermocorticoïdes,0.0,0.19314285714285714,0.3318181818181818,0.0,2.4434782608695653
WQW0082,ISAC_V2,10 à 20,1,6.0,regionL,1,1,Aucun,0,0 - 2 ans,1,Aucun,Pas de traitement,0.25,0.0,0.0,0.0,0.0
WQW0083,ISAC_V2,0 à 10,1,5.0,regionL,1,1,Non renseigné,0,0 - 2 ans,1,Aucun,Pas de traitement,1.3518181818181818,3.4585714285714286,3.456363636363636,4.681333333333333,3.680434782608696
WQW0084,ISAC_V2,10 à 20,0,6.0,regionL,0,1,Aucun,0,2 - 3 ans,1,Aucun,Pas de traitement,17.12272727272727,0.11457142857142856,0.13818181818181818,0.082,0.17956521739130435
WQW0085,ISAC_V2,0 à 10,1,6.0,regionL,0,1,Anti-H1 voie générale,0,3 - 10 ans,1,Aucun,Pas de traitement,17.742727272727276,1.286857142857143,0.9827272727272728,1.3786666666666667,1.177391304347826
WQW0086,ISAC_V2,10 à 20,1,7.0,regionL,1,1,Non renseigné,0,3 - 10 ans,1,Aucun,Pas de traitement,0.0,0.9862857142857143,0.0,0.098,0.2995652173913044
WQW0087,ISAC_V2,40 à 60,0,7.0,regionL,1,0,Aucun,0,10 - 20 ans,0,Aucun,Pas de traitement,0.0,0.0,0.0,0.0,0.0
WQW0088,ISAC_V2,60 à Plus,0,7.0,regionL,1,0,Aucun,0,10 - 20 ans,0,Aucun,Pas de traitement,0.0,0.0,0.0,0.0,0.0
WQW0089,ISAC_V2,20 à 40,0,8.0,regionL,1,1,Non renseigné,0,3 - 10 ans,0,Aucun,Pas de traitement,0.0,0.27571428571428575,0.0,0.0,1.3543478260869566
WQW0090,ISAC_V2,10 à 20,0,8.0,regionL,1,1,Non renseigné,0,3 - 10 ans,0,Aucun,Pas de traitement,0.0,0.634,0.0,0.0,2.5878260869565217
WQW0091,ISAC_V2,0 à 10,1,8.0,regionL,0,1,Aucun,0,3 - 10 ans,1,Animaux : chat/chien,Pas de traitement,0.0,1.4154285714285715,0.0,0.0,0.0
WQW0092,ISAC_V2,10 à 20,1,8.0,regionL,0,1,Non renseigné,0,2 - 3 ans,1,Aucun,Pas de traitement,0.0,2.204,0.0,0.07666666666666666,22.830000000000002
WQW0093,ISAC_V2,10 à 20,1,7.0,regionL,0,1,Non renseigné,0,2 - 3 ans,1,Aucun,Pas de traitement,0.21727272727272728,8.028,0.0,3.1566666666666667,35.974782608695655
WQW0094,ISAC_V2,0 à 10,1,8.0,regionL,0,1,Aucun,0,0 - 2 ans,1,Aucun,Dermocorticoïdes,1.63,4.248857142857142,1.560909090909091,0.0,13.447826086956523
WQW0095,ISAC_V2,10 à 20,1,8.0,regionL,1,1,Anti-H1 + CS,1,3 - 10 ans,1,Animaux : chat/chien,Pas de traitement,3.3845454545454547,1.9457142857142855,0.08,0.206,2.736521739130435
WQW0096,ISAC_V2,20 à 40,0,8.0,regionL,1,1,Aucun,0,3 - 10 ans,1,Aucun,Pas de traitement,0.0,0.038571428571428576,0.0,0.0,0.023043478260869565
WQW0097,ISAC_V2,0 à 10,1,9.0,regionJ,0,1,Non renseigné,0,2 - 3 ans,1,Aucun,Pas de traitement,16.78909090909091,0.960857142857143,0.5099999999999999,0.36133333333333334,3.3356521739130436
WQW0098,ISAC_V2,0 à 10,1,9.0,regionL,1,0,Non renseigné,0,0 - 2 ans,1,Aucun,Dermocorticoïdes,0.0,0.0,0.0,0.0,0.0
WQW0099,ISAC_V2,0 à 10,0,9.0,regionL,1,1,Aucun,0,0 - 2 ans,1,Aucun,Non renseigné,0.18454545454545454,0.6605714285714286,0.17363636363636364,0.048666666666666664,0.0
WQW0100,ISAC_V2,40 à 60,0,9.0,regionL,1,0,Non renseigné,0,3 - 10 ans,1,Aucun,Pas de traitement,0.0,0.0,0.0,0.0,0.010434782608695651
WQW0101,ISAC_V2,20 à 40,1,9.0,regionL,1,1,Non renseigné,0,3 - 10 ans,1,Aucun,Pas de traitement,13.066363636363635,0.0,0.8172727272727273,0.0,14.603478260869565
WQW0102,ISAC_V2,10 à 20,0,9.0,regionL,1,1,Non renseigné,0,3 - 10 ans,1,Aucun,Pas de traitement,10.002727272727272,0.598,0.07363636363636364,0.0,7.314347826086956
WQW0103,ISAC_V2,0 à 10,0,9.0,regionL,1,1,"Anti-H1, voie locale",0,3 - 10 ans,1,Aucun,Pas de traitement,7.56,0.7317142857142857,0.9154545454545455,0.0,0.05565217391304348
WQW0104,ISAC_V2,10 à 20,0,9.0,regionL,1,0,Aucun,0,3 - 10 ans,1,Aucun,Pas de traitement,0.0,0.0,0.0,0.0,0.0
WQW0105,ISAC_V2,10 à 20,0,9.0,regionL,1,1,Non renseigné,0,2 - 3 ans,1,Aucun,Pas de traitement,42.47545454545455,1.1594285714285715,12.438181818181818,0.04666666666666666,5.1695652173913045
WQW0106,ISAC_V2,20 à 40,0,9.0,regionL,1,1,Non renseigné,0,Aucun,0,Aucun,Pas de traitement,0.05181818181818181,0.05999999999999999,0.0,0.19266666666666668,0.9130434782608695
WQW0107,ISAC_V2,0 à 10,1,10.0,regionL,1,1,Non renseigné,0,0 - 2 ans,1,Aucun,Dermocorticoïdes,0.3936363636363636,0.5691428571428572,4.147272727272727,0.06333333333333332,2.181304347826087
WQW0108,ISAC_V2,0 à 10,1,10.0,regionL,0,1,Non renseigné,0,2 - 3 ans,1,Animaux : chat/chien,Dermocorticoïdes,53.891818181818174,18.607714285714284,66.09454545454545,10.313333333333333,4.532173913043478
WQW0109,ISAC_V2,10 à 20,1,9.0,regionL,1,1,Aucun,0,Aucun,0,Aucun,Pas de traitement,0.0,0.0,0.0,0.07066666666666667,0.0
WQW0110,ISAC_V2,10 à 20,1,9.0,regionL,1,0,Non renseigné,0,Aucun,0,Aucun,Pas de traitement,0.0,0.0,0.0,0.0,0.0
WQW0111,ISAC_V2,10 à 20,0,10.0,regionL,1,1,Non renseigné,0,3 - 10 ans,1,Aucun,Pas de traitement,2.4145454545454546,0.3122857142857143,0.42,0.0,19.467391304347824
WQW0112,ISAC_V2,0 à 10,1,10.0,regionL,1,0,Aucun,1,Aucun,0,Aucun,Pas de traitement,0.0,0.0,0.0,0.0,0.0
WQW0113,ISAC_V2,10 à 20,1,10.0,regionC,1,1,Non renseigné,0,Aucun,0,Aucun,Pas de traitement,0.0,0.5254285714285715,0.0,0.0,2.5130434782608693
WQW0114,ISAC_V2,0 à 10,1,10.0,regionJ,1,1,Aucun,0,0 - 2 ans,1,Aucun,Pas de traitement,0.07545454545454545,0.10342857142857143,5.7309090909090905,0.0,3.9582608695652177
WQW0115,ISAC_V2,0 à 10,1,10.0,regionL,1,1,Non renseigné,0,3 - 10 ans,1,Aucun,Non renseigné,19.635454545454543,4.138285714285715,0.0,0.0,23.455652173913045
WQW0116,ISAC_V2,0 à 10,1,10.0,regionL,0,1,Non renseigné,0,3 - 10 ans,1,Aucun,Non renseigné,6.725454545454545,0.5354285714285714,0.0,1.8606666666666667,1.1134782608695653
WQW0117,ISAC_V2,10 à 20,1,11.0,regionL,1,1,Aucun,1,0 - 2 ans,1,Aucun,Non renseigné,44.02727272727273,3.6102857142857143,1.1636363636363638,6.218000000000001,7.124782608695653
WQW0118,ISAC_V2,10 à 20,0,11.0,regionL,1,1,Non renseigné,1,2 - 3 ans,1,Aucun,Pas de traitement,8.983636363636363,9.776000000000002,12.314545454545454,0.0,3.6552173913043475
WQW0119,ISAC_V2,0 à 10,1,11.0,regionJ,1,0,"Anti-H1, voie locale",0,Aucun,0,Aucun,Pas de traitement,0.0,0.0,0.0,0.0,0.0
WQW0120,ISAC_V2,0 à 10,1,11.0,regionL,1,1,Non renseigné,0,0 - 2 ans,1,Aucun,Dermocorticoïdes,0.0,0.29314285714285715,0.0,0.0,0.0
WQW0121,ISAC_V2,0 à 10,1,11.0,regionL,1,1,Non renseigné,0,2 - 3 ans,1,Effort/Activité sportive,Pas de traitement,1.2018181818181817,3.072571428571429,2.8045454545454547,0.5046666666666667,1.4778260869565218
WQW0122,ISAC_V2,0 à 10,1,11.0,regionL,1,1,Non renseigné,0,0 - 2 ans,1,Aucun,Pas de traitement,18.44818181818182,5.538857142857143,2.5118181818181817,1.5673333333333335,17.235652173913046
WQW0123,ISAC_V2,0 à 10,1,11.0,regionL,1,1,Non renseigné,0,2 - 3 ans,1,Aucun,Pas de traitement,0.0,6.279714285714285,3.283636363636364,0.0,5.597391304347826
WQW0124,ISAC_V2,10 à 20,0,12.0,regionL,1,1,Non renseigné,0,3 - 10 ans,1,Aucun,Pas de traitement,0.0,0.5122857142857142,0.10181818181818182,1.5513333333333332,0.0
WQW0125,ISAC_V2,20 à 40,0,12.0,regionL,1,1,Non renseigné,0,Aucun,0,Aucun,Pas de traitement,13.311818181818182,1.5357142857142858,1.18,0.0,8.012608695652174
WQW0126,ISAC_V2,0 à 10,1,12.0,regionC,1,1,Anti-H1 + CS,1,0 - 2 ans,1,Aucun,Dermocorticoïdes,38.97636363636364,1.7731428571428571,5.262727272727273,0.07666666666666666,0.1391304347826087
WQW0127,ISAC_V2,0 à 10,0,12.0,regionJ,1,1,Non renseigné,0,2 - 3 ans,1,Effort/Activité sportive,Pas de traitement,0.0,0.0,0.47272727272727266,0.05533333333333333,0.041739130434782605
WQW0128,ISAC_V2,10 à 20,0,12.0,regionL,1,1,Non renseigné,0,3 - 10 ans,1,Aucun,Pas de traitement,12.403636363636364,0.36342857142857143,0.25363636363636366,0.0,1.5856521739130434
WQW0129,ISAC_V2,0 à 10,1,12.0,regionL,1,1,Non renseigné,0,2 - 3 ans,1,Aucun,Pas de traitement,0.9745454545454545,0.03571428571428571,0.0,0.0,0.04521739130434783
WQW0130,ISAC_V2,0 à 10,1,12.0,regionL,1,1,Aucun,0,0 - 2 ans,1,Aucun,Pas de traitement,0.0,0.6934285714285714,2.0536363636363637,0.17266666666666666,0.44652173913043475
WQW0131,ISAC_V2,0 à 10,1,1.0,regionJ,1,1,Anti-H1 voie générale,1,3 - 10 ans,1,Aucun,Pas de traitement,21.19727272727273,1.9288571428571426,1.3809090909090909,0.0,4.442173913043478
WQW0132,ISAC_V2,40 à 60,1,1.0,regionL,1,1,Aucun,1,Aucun,0,Aucun,Pas de traitement,0.6627272727272726,0.0,0.0,0.0,0.0
WQW0133,ISAC_V2,0 à 10,1,1.0,regionL,0,1,Non renseigné,0,2 - 3 ans,1,Aucun,Non renseigné,42.22363636363636,2.4585714285714286,1.8727272727272726,0.0,1.5056521739130433
WQW0134,ISAC_V2,0 à 10,0,1.0,regionJ,1,1,Non renseigné,0,0 - 2 ans,1,Aucun,Dermocorticoïdes,0.0,0.9902857142857142,0.9409090909090909,0.0,2.1078260869565217
WQW0135,ISAC_V2,0 à 10,1,1.0,regionL,1,1,Anti-H1 voie générale,0,3 - 10 ans,1,Aucun,Pas de traitement,15.738181818181818,0.06314285714285714,0.9427272727272726,0.8026666666666666,1.4926086956521738
WQW0136,ISAC_V2,10 à 20,1,2.0,regionL,1,1,Aucun,0,0 - 2 ans,1,Aucun,Pas de traitement,30.099090909090908,1.9725714285714284,0.0,0.0,0.0891304347826087
WQW0137,ISAC_V2,0 à 10,1,2.0,regionJ,1,1,Aucun,0,0 - 2 ans,1,Aucun,Pas de traitement,0.03818181818181818,0.9014285714285714,0.0,0.07200000000000001,0.0
WQW0138,ISAC_V2,10 à 20,1,2.0,regionJ,1,1,Non renseigné,1,0 - 2 ans,1,Aucun,Pas de traitement,26.477272727272727,1.2334285714285715,2.9136363636363636,0.0,5.302608695652174
WQW0139,ISAC_V2,40 à 60,0,2.0,regionL,1,1,Aucun,1,Aucun,0,Aucun,Pas de traitement,32.10909090909091,0.0,1.3,0.0,0.508695652173913
WQW0140,ISAC_V2,10 à 20,1,3.0,regionL,0,1,Non renseigné,0,3 - 10 ans,1,Aucun,Pas de traitement,2.2490909090909095,3.216857142857143,3.8227272727272723,0.025333333333333333,15.800434782608693
WQW0141,ISAC_V2,10 à 20,1,3.0,regionL,0,1,Non renseigné,0,0 - 2 ans,1,Aucun,Pas de traitement,18.38909090909091,5.067428571428571,13.547272727272729,0.0,10.49521739130435
WQW0142,ISAC_V2,40 à 60,1,3.0,regionJ,0,1,Non renseigné,0,Non renseigné,1,Aucun,Pas de traitement,36.85272727272727,2.6062857142857143,28.29,4.136666666666667,9.192608695652174
WQW0143,ISAC_V2,0 à 10,0,3.0,regionL,1,1,Aucun,0,0 - 2 ans,1,Aucun,Pas de traitement,0.0,0.013714285714285714,0.0,0.0,0.0
WQW0144,ISAC_V2,10 à 20,1,3.0,regionL,1,1,Non renseigné,0,3 - 10 ans,1,Aucun,Pas de traitement,10.602727272727272,2.9008571428571424,3.014545454545454,4.811333333333334,8.514782608695652
WQW0145,ISAC_V2,60 à Plus,1,3.0,regionJ,1,1,Non renseigné,0,3 - 10 ans,1,Aucun,Pas de traitement,0.0,0.31257142857142856,0.0,0.0,0.8713043478260869
WQW0146,ISAC_V2,10 à 20,0,3.0,regionL,1,1,Non renseigné,1,2 - 3 ans,1,Aucun,Pas de traitement,16.508181818181818,1.6128571428571428,0.73,0.0,5.066086956521739
WQW0147,ISAC_V2,0 à 10,1,3.0,regionL,1,1,Aucun,0,3 - 10 ans,1,Aucun,Pas de traitement,6.038181818181818,0.0,0.0,0.0,0.0
WQW0148,ISAC_V2,0 à 10,1,3.0,regionL,1,1,Non renseigné,0,0 - 2 ans,1,Aucun,Pas de traitement,1.2136363636363636,7.008571428571429,0.7836363636363637,0.3406666666666667,0.5343478260869565
WQW0149,ISAC_V2,0 à 10,1,3.0,regionJ,1,1,Non renseigné,0,3 - 10 ans,1,Aucun,Non renseigné,22.44363636363636,1.6277142857142857,0.9809090909090908,0.5579999999999999,10.072608695652173
WQW0150,ISAC_V2,0 à 10,1,3.0,regionL,0,1,Non renseigné,0,0 - 2 ans,1,Aucun,Non renseigné,8.515454545454546,0.3742857142857143,0.0,0.0,0.42565217391304344
WQW0151,ISAC_V2,60 à Plus,1,3.0,regionL,1,1,Aucun,1,Aucun,0,Aucun,Pas de traitement,5.809090909090909,0.0,0.0,0.0,0.0
WQW0152,ISAC_V2,0 à 10,1,3.0,regionL,1,1,Aucun,0,0 - 2 ans,1,Aucun,Pas de traitement,0.0,0.3965714285714286,0.0,0.0,0.0
WQW0153,ISAC_V2,10 à 20,1,4.0,regionL,1,0,Aucun,0,Aucun,1,Aucun,Pas de traitement,0.0,0.0,0.0,0.0,0.0
WQW0154,ISAC_V2,10 à 20,1,4.0,regionL,0,1,Non renseigné,0,3 - 10 ans,1,Aucun,Pas de traitement,5.0190909090909095,0.10657142857142858,0.24545454545454548,0.0,3.612608695652174
WQW0155,ISAC_V2,20 à 40,1,4.0,regionJ,1,1,Non renseigné,0,Aucun,0,Aucun,Pas de traitement,11.430909090909092,0.020285714285714285,0.34909090909090906,0.0,0.4869565217391304
WQW0156,ISAC_V2,20 à 40,1,4.0,regionL,0,1,Non renseigné,0,3 - 10 ans,1,Aucun,Pas de traitement,0.0,0.14742857142857144,0.0,3.5693333333333332,5.265217391304348
WQW0157,ISAC_V2,10 à 20,1,4.0,regionL,1,1,Aucun,0,3 - 10 ans,1,Aucun,Pas de traitement,0.0,0.0,0.0,0.0,0.10782608695652174
WQW0158,ISAC_V2,10 à 20,1,5.0,regionL,1,1,Non renseigné,0,3 - 10 ans,1,Aucun,Pas de traitement,0.0,3.790857142857143,16.383636363636363,1.8893333333333333,17.555652173913042
WQW0159,ISAC_V2,0 à 10,0,5.0,regionL,0,1,Non renseigné,0,0 - 2 ans,1,Aucun,Dermocorticoïdes,12.616363636363637,6.440285714285714,19.39090909090909,0.0,25.571304347826086
WQW0160,ISAC_V2,40 à 60,0,5.0,regionL,1,1,Non renseigné,0,Non renseigné,0,Animaux : cheval/rongeur,Non renseigné,2.3245454545454547,0.09514285714285714,0.0,1.706,1.1978260869565218
WQW0161,ISAC_V2,10 à 20,0,5.0,regionL,1,1,Non renseigné,0,2 - 3 ans,1,Aucun,Pas de traitement,0.5290909090909092,2.540285714285714,1.4627272727272727,0.07400000000000001,6.6265217391304345
WQW0162,ISAC_V2,10 à 20,0,6.0,regionJ,1,1,Non renseigné,0,3 - 10 ans,1,Aucun,Pas de traitement,0.0,1.4894285714285715,0.11818181818181818,0.0,29.805217391304346
WQW0163,ISAC_V2,0 à 10,1,6.0,regionL,0,1,Aucun,0,3 - 10 ans,1,Aucun,Pas de traitement,0.35818181818181816,0.0,0.0,0.0,0.0
WQW0164,ISAC_V2,10 à 20,0,6.0,regionL,1,1,Aucun,0,Aucun,0,Animaux : chat/chien,Pas de traitement,0.19636363636363638,0.2122857142857143,10.594545454545454,0.258,2.193478260869565
WQW0165,ISAC_V2,10 à 20,0,6.0,regionL,0,1,Non renseigné,0,3 - 10 ans,1,Aucun,Pas de traitement,6.21090909090909,0.0,0.0,0.0,0.0
WQW0166,ISAC_V2,0 à 10,0,6.0,regionL,0,1,Non renseigné,0,0 - 2 ans,1,Aucun,Pas de traitement,43.77727272727273,2.7522857142857142,1.6154545454545455,0.0,4.719130434782608
WQW0167,ISAC_V2,0 à 10,0,6.0,regionJ,0,0,Aucun,0,Aucun,1,Aucun,Pas de traitement,0.0,0.0,0.0,0.0,0.0
WQW0168,ISAC_V2,0 à 10,1,6.0,regionL,1,1,Aucun,0,0 - 2 ans,1,Effort/Activité sportive,Non renseigné,0.0,0.0,0.890909090909091,0.0,2.3021739130434784
WQW0169,ISAC_V2,20 à 40,0,6.0,regionJ,0,1,Aucun,0,Aucun,0,Animaux : chat/chien,Non renseigné,33.77454545454545,7.198571428571428,28.651818181818182,2.4886666666666666,12.571304347826086
WQW0170,ISAC_V2,10 à 20,0,6.0,regionL,1,1,"Anti-H1, voie locale",1,Aucun,0,Aucun,Autres,1.939090909090909,1.0082857142857142,11.760909090909092,0.35200000000000004,10.631304347826088
WQW0171,ISAC_V2,0 à 10,0,6.0,regionL,0,1,Aucun,0,0 - 2 ans,1,Aucun,Pas de traitement,0.0,4.238,0.5063636363636363,0.0,0.0
WQW0172,ISAC_V2,10 à 20,0,7.0,regionL,0,1,Non renseigné,0,0 - 2 ans,1,Aucun,Pas de traitement,28.048181818181817,0.11914285714285715,0.13454545454545455,0.0,0.5930434782608696
WQW0173,ISAC_V2,0 à 10,1,7.0,regionL,0,1,Non renseigné,0,3 - 10 ans,1,Aucun,Non renseigné,6.619090909090909,0.8762857142857143,0.09454545454545454,1.0006666666666668,1.1808695652173913
WQW0174,ISAC_V2,40 à 60,0,7.0,regionJ,0,1,Non renseigné,0,3 - 10 ans,1,Aucun,Pas de traitement,2.411818181818182,0.9085714285714286,0.15363636363636363,0.11800000000000001,12.304347826086957
WQW0175,ISAC_V2,10 à 20,1,7.0,regionJ,1,1,Non renseigné,0,2 - 3 ans,1,Aucun,Dermocorticoïdes,0.0,1.0554285714285714,0.52,0.0,9.929565217391303
WQW0176,ISAC_V2,0 à 10,1,6.0,regionL,1,1,Non renseigné,0,0 - 2 ans,1,Aucun,Non renseigné,0.0,4.289142857142857,0.0,0.0,10.05304347826087
WQW0177,ISAC_V2,0 à 10,1,8.0,regionL,1,1,Non renseigné,0,2 - 3 ans,1,Aucun,Non renseigné,0.0,0.8731428571428572,0.0,0.0,0.0
WQW0178,ISAC_V2,10 à 20,1,8.0,regionL,1,1,Non renseigné,0,2 - 3 ans,1,Aucun,Non renseigné,28.427272727272726,4.211714285714286,1.1409090909090909,0.0,3.7060869565217387
WQW0179,ISAC_V2,40 à 60,0,8.0,regionL,0,1,Aucun,1,Aucun,0,Aucun,Pas de traitement,10.593636363636364,0.0,4.638181818181819,0.0,0.0
WQW0180,ISAC_V2,0 à 10,0,9.0,regionL,1,1,Non renseigné,0,0 - 2 ans,1,Aucun,Dermocorticoïdes,17.92,9.230285714285714,5.138181818181818,6.677333333333334,10.46304347826087
WQW0181,ISAC_V2,10 à 20,1,9.0,regionJ,1,1,Aucun,0,3 - 10 ans,0,Aucun,Non renseigné,0.0,0.21514285714285714,0.0,0.0,0.16652173913043478
WQW0182,ISAC_V2,10 à 20,0,9.0,regionL,0,1,Non renseigné,0,0 - 2 ans,1,Aucun,Pas de traitement,27.543636363636367,6.442,6.019090909090909,4.460666666666667,15.966086956521737
WQW0183,ISAC_V2,10 à 20,1,9.0,regionL,0,1,Non renseigné,0,3 - 10 ans,1,Aucun,Pas de traitement,18.21909090909091,4.727142857142857,0.37545454545454543,0.612,23.781739130434783
WQW0184,ISAC_V2,0 à 10,1,9.0,regionL,0,1,Non renseigné,0,0 - 2 ans,1,Aucun,Pas de traitement,0.0,0.014857142857142857,0.0,0.8233333333333334,0.027391304347826086
WQW0185,ISAC_V2,20 à 40,1,10.0,regionL,1,1,Non renseigné,0,10 - 20 ans,1,Aucun,Pas de traitement,0.0,0.10514285714285714,0.0,0.0,0.06652173913043478
WQW0186,ISAC_V2,0 à 10,1,10.0,regionL,1,1,Non renseigné,0,0 - 2 ans,1,Aucun,Pas de traitement,11.588181818181818,0.01742857142857143,0.0,0.21333333333333335,0.03304347826086956
WQW0187,ISAC_V2,20 à 40,1,10.0,regionL,1,1,"Anti-H1, voie locale",0,20 ans et plus,1,Aucun,Pas de traitement,3.6336363636363633,0.8562857142857142,3.0954545454545452,4.511333333333334,6.8478260869565215
WQW0188,ISAC_V2,10 à 20,0,10.0,regionL,0,1,Anti-H1 voie générale,0,Aucun,0,Aucun,Pas de traitement,0.6336363636363637,0.4665714285714285,0.14363636363636365,0.0,15.294347826086955
WQW0189,ISAC_V2,20 à 40,0,10.0,regionL,0,1,Non renseigné,0,Non renseigné,0,Animaux : cheval/rongeur,Non renseigné,0.0,0.030571428571428572,0.0,0.0,0.0
WQW0190,ISAC_V2,10 à 20,0,11.0,regionL,1,0,Aucun,0,10 - 20 ans,1,Aucun,Pas de traitement,0.0,0.0,0.0,0.0,0.0
WQW0191,ISAC_V2,20 à 40,0,11.0,regionL,1,1,Aucun,0,3 - 10 ans,0,Aucun,Pas de traitement,0.031818181818181815,0.016,0.0,0.10866666666666666,0.026521739130434784
WQW0192,ISAC_V2,20 à 40,0,12.0,regionL,1,0,Aucun,0,Aucun,0,Aucun,Pas de traitement,0.0,0.0,0.0,0.0,0.0
XPW0001,ISAC_V1,20 à 40,1,3.0,regionA,1,1,Aucun,0,Aucun,0,Aucun,Dermocorticoïdes,0.0,0.012571428571428572,0.12090909090909091,0.5613333333333334,2.917826086956522
XPW0002,ISAC_V1,60 à Plus,1,3.0,regionA,1,0,Aucun,1,Aucun,0,Aucun,Pas de traitement,0.0,0.0,0.0,0.0,0.0
XPW0003,ISAC_V1,40 à 60,1,3.0,regionB,0,1,Aucun,0,Aucun,0,Aucun,Pas de traitement,9.540909090909091,0.022857142857142857,0.0,0.025333333333333333,0.3873913043478261
XPW0004,ISAC_V1,40 à 60,0,3.0,regionA,0,0,Aucun,0,Aucun,0,Aucun,Autres,0.0,0.0,0.0,0.0,0.0
XPW0005,ISAC_V1,40 à 60,0,3.0,regionA,0,1,Anti-H1 voie générale,0,20 ans et plus,1,Aucun,Pas de traitement,0.0,0.0,0.0,0.0,0.43652173913043474
XPW0006,ISAC_V1,0 à 10,1,3.0,regionA,0,1,Anti-H1 voie générale,0,0 - 2 ans,0,Aucun,Dermocorticoïdes,31.735454545454544,7.997714285714286,24.88181818181818,4.521333333333334,9.15086956521739
XPW0007,ISAC_V1,0 à 10,1,3.0,regionA,0,0,Aucun,0,Aucun,0,Aucun,Pas de traitement,0.0,0.0,0.0,0.0,0.002608695652173913
XPW0008,ISAC_V1,20 à 40,0,3.0,regionA,1,1,Anti-H1 voie générale,0,20 ans et plus,0,Aucun,Pas de traitement,0.4854545454545454,0.01542857142857143,0.06454545454545454,0.07533333333333332,0.20782608695652174
XPW0009,ISAC_V1,40 à 60,1,3.0,regionA,0,1,Aucun,1,Aucun,0,Aucun,Pas de traitement,2.369090909090909,0.24257142857142852,0.01,0.0,2.2508695652173913
XPW0010,ISAC_V1,60 à Plus,0,3.0,regionB,0,0,Aucun,1,Aucun,0,Aucun,Pas de traitement,0.0,0.0,0.0,0.0,0.0
XPW0011,ISAC_V1,20 à 40,0,5.0,regionA,1,1,Aucun,0,Aucun,0,Aucun,Pas de traitement,3.092727272727273,0.5439999999999999,3.6218181818181816,2.4606666666666666,23.342173913043478
XPW0012,ISAC_V1,40 à 60,0,5.0,regionA,1,0,Aucun,1,Aucun,0,Aucun,Pas de traitement,0.0,0.003142857142857143,0.0036363636363636364,0.0,0.0017391304347826088
XPW0013,ISAC_V1,40 à 60,0,5.0,regionA,0,0,Aucun,0,Aucun,0,Aucun,Pas de traitement,0.0,0.012000000000000002,0.0,0.0,0.0
XPW0014,ISAC_V1,40 à 60,0,5.0,regionA,0,1,Anti-H1 voie générale,0,20 ans et plus,1,Aucun,Autres,0.0,0.0,0.014545454545454545,0.0,0.2956521739130435
XPW0015,ISAC_V1,20 à 40,0,5.0,regionA,1,1,Anti-H1 voie générale,1,0 - 2 ans,1,Aucun,Dermocorticoïdes,15.17909090909091,0.07057142857142858,4.038181818181818,0.18666666666666665,2.821739130434782
XPW0016,ISAC_V1,10 à 20,1,5.0,regionC,1,1,Anti-H1 + CS,1,3 - 10 ans,0,Aucun,Dermocorticoïdes,0.0,0.5265714285714286,2.5445454545454544,0.0,7.30304347826087
XPW0017,ISAC_V1,40 à 60,0,5.0,regionB,1,1,Aucun,0,Aucun,0,Aucun,Pas de traitement,4.776363636363636,0.002,7.1409090909090915,0.12466666666666668,1.1765217391304348
XPW0018,ISAC_V1,0 à 10,0,5.0,regionB,1,1,Aucun,0,Non renseigné,0,Aucun,Pas de traitement,28.310000000000002,3.258,0.44090909090909086,2.3426666666666667,11.404782608695653
XPW0019,ISAC_V1,10 à 20,1,5.0,regionA,0,1,Aucun,1,Non renseigné,1,Effort/Activité sportive,Autres,8.892727272727273,0.9402857142857142,0.8581818181818183,2.074666666666667,5.545217391304348
XPW0020,ISAC_V1,20 à 40,1,5.0,regionA,0,1,Aucun,0,Aucun,0,Aucun,Dupilumab,0.05,0.007714285714285715,0.0,0.0,0.008695652173913044
XPW0021,ISAC_V1,10 à 20,1,6.0,regionA,1,1,Anti-H1 + CS,0,0 - 2 ans,0,Aucun,Autres,27.96363636363636,0.3791428571428571,0.08636363636363636,0.09466666666666666,6.218695652173913
XPW0022,ISAC_V1,0 à 10,0,6.0,regionB,0,0,Aucun,0,0 - 2 ans,0,Aucun,Autres,0.0,0.0,0.0,0.0,0.0
XPW0023,ISAC_V1,40 à 60,0,6.0,regionA,0,1,Anti-H1 voie générale,0,Non renseigné,1,Effort/Activité sportive,Dermocorticoïdes,27.621818181818185,0.20857142857142857,24.572727272727274,0.314,2.8813043478260867
XPW0024,ISAC_V1,20 à 40,1,6.0,regionA,1,1,Anti-H1 + CS,1,Non renseigné,0,Aucun,Pas de traitement,0.9218181818181819,0.6314285714285715,2.390909090909091,1.0853333333333335,4.849130434782609
XPW0025,ISAC_V1,10 à 20,1,6.0,regionA,1,1,Non renseigné,0,Non renseigné,0,Aucun,Non renseigné,0.0,0.5054285714285714,0.0,0.0,0.3465217391304348
XPW0026,ISAC_V1,20 à 40,1,6.0,regionA,0,1,Aucun,0,20 ans et plus,1,Aucun,Pas de traitement,0.0,0.006857142857142857,0.0,0.31933333333333336,0.04608695652173913
XPW0027,ISAC_V1,0 à 10,1,6.0,regionA,0,1,Anti-H1 voie générale,1,3 - 10 ans,1,Aucun,Pas de traitement,0.0890909090909091,0.14485714285714288,0.1990909090909091,0.01,10.61608695652174
XPW0028,ISAC_V1,0 à 10,1,6.0,regionA,1,1,Aucun,0,3 - 10 ans,1,Aucun,Pas de traitement,3.6972727272727273,4.847428571428571,4.758181818181819,0.7873333333333332,21.04
XPW0029,ISAC_V1,60 à Plus,1,6.0,regionA,1,0,Aucun,0,Aucun,0,Aucun,Pas de traitement,0.0,0.0,0.0,0.0,0.0
XPW0030,ISAC_V1,0 à 10,1,6.0,regionA,1,1,Aucun,0,Non renseigné,0,Aucun,Non renseigné,24.902727272727272,2.8214285714285716,0.20545454545454545,0.016,9.316521739130435
XPW0031,ISAC_V1,10 à 20,0,7.0,regionA,1,1,Aucun,0,Non renseigné,0,Aucun,Pas de traitement,0.45454545454545453,0.388,0.0,0.08733333333333333,0.15
XPW0032,ISAC_V1,40 à 60,0,7.0,regionA,1,1,Anti-H1 voie générale,1,Non renseigné,0,Aucun,Dermocorticoïdes,16.15909090909091,3.0871428571428576,20.863636363636363,5.068666666666667,11.583913043478262
XPW0033,ISAC_V1,20 à 40,0,7.0,regionA,0,1,Anti-H1 voie générale,0,Non renseigné,1,Aucun,Dermocorticoïdes,0.0,0.32857142857142857,0.0,0.0,2.4843478260869567
XPW0034,ISAC_V1,40 à 60,0,7.0,regionA,0,1,Anti-H1 voie générale,1,Aucun,0,Aucun,Pas de traitement,4.328181818181818,0.02657142857142857,0.0,0.0,0.030869565217391304
XPW0035,ISAC_V1,0 à 10,0,7.0,regionA,0,0,Aucun,0,0 - 2 ans,0,Aucun,Dermocorticoïdes,0.0,0.0,0.0,0.0,0.0
XPW0036,ISAC_V1,40 à 60,1,7.0,regionA,0,1,Aucun,0,Non renseigné,1,Aucun,Pas de traitement,0.0,0.4177142857142857,0.0,0.0,0.6743478260869565
XPW0037,ISAC_V1,10 à 20,1,8.0,regionD,1,1,Non renseigné,0,Non renseigné,0,Aucun,Non renseigné,9.004545454545454,0.011428571428571429,1.410909090909091,0.09933333333333333,2.109565217391304
XPW0038,ISAC_V1,0 à 10,1,8.0,regionB,1,1,Non renseigné,0,Non renseigné,0,Aucun,Non renseigné,12.543636363636365,0.8105714285714286,0.2863636363636364,0.07933333333333333,3.71
XPW0039,ISAC_V1,10 à 20,1,8.0,regionB,1,0,Non renseigné,0,Non renseigné,0,Aucun,Non renseigné,0.0,0.0,0.0,0.0,0.006521739130434782
XPW0040,ISAC_V1,20 à 40,0,8.0,regionB,1,0,Aucun,0,Non renseigné,0,Aucun,Pas de traitement,0.0,0.0034285714285714284,0.0,0.0,0.0
XPW0041,ISAC_V1,60 à Plus,0,8.0,regionB,1,1,Non renseigné,0,Non renseigné,0,Aucun,Pas de traitement,0.0,0.012285714285714285,0.0,0.008,0.0
XPW0042,ISAC_V1,40 à 60,1,9.0,regionA,0,1,Aucun,1,Aucun,0,Aucun,Pas de traitement,7.963636363636363,0.0,0.8027272727272727,0.0,0.0
XPW0043,ISAC_V1,60 à Plus,0,9.0,regionB,0,1,Anti-H1 voie générale,1,Non renseigné,1,Aucun,Pas de traitement,13.567272727272728,0.0,0.0,0.0,0.0
XPW0044,ISAC_V1,20 à 40,0,9.0,regionA,0,1,Aucun,1,Aucun,0,Aucun,Dermocorticoïdes,0.0,0.0,0.0,0.016,0.009130434782608695
XPW0045,ISAC_V1,0 à 10,0,9.0,regionB,0,0,Aucun,0,2 - 3 ans,0,Aucun,Pas de traitement,0.0,0.0,0.0,0.0,0.0
XPW0046,ISAC_V1,10 à 20,1,9.0,regionA,1,1,Aucun,1,10 - 20 ans,0,Aucun,Pas de traitement,8.896363636363636,0.045142857142857144,1.6718181818181819,0.0,0.5408695652173914
XPW0047,ISAC_V1,10 à 20,1,9.0,regionA,0,1,Aucun,1,10 - 20 ans,0,Effort/Activité sportive,Pas de traitement,0.05090909090909091,2.2425714285714284,0.1990909090909091,0.013333333333333334,0.24043478260869566
XPW0048,ISAC_V1,10 à 20,0,10.0,regionA,1,1,Aucun,1,Non renseigné,1,Aucun,Pas de traitement,0.0,0.06771428571428571,0.0,2.7479999999999998,0.09695652173913043
XPW0049,ISAC_V1,10 à 20,1,10.0,regionA,1,1,Anti-H1 voie générale,1,Non renseigné,1,Aucun,Pas de traitement,2.5863636363636364,0.6857142857142857,0.15454545454545454,3.8853333333333335,10.361739130434783
XPW0050,ISAC_V1,60 à Plus,1,10.0,regionA,0,1,Aucun,0,20 ans et plus,1,Aucun,Pas de traitement,0.0,0.0074285714285714285,0.0,2.2506666666666666,0.8786956521739131
XPW0051,ISAC_V1,10 à 20,1,10.0,regionA,1,0,Aucun,0,Aucun,1,Effort/Activité sportive,Pas de traitement,0.0,0.0,0.0,0.0,0.0
XPW0052,ISAC_V1,20 à 40,0,10.0,regionA,0,1,Anti-H1 voie générale,0,Aucun,0,Aucun,Non renseigné,20.457272727272727,0.0,0.4454545454545455,0.0,4.78695652173913
XPW0053,ISAC_V1,20 à 40,0,10.0,regionA,1,1,Aucun,0,Aucun,1,Aucun,Pas de traitement,2.536363636363636,0.0,0.0,0.0,0.3473913043478261
XPW0054,ISAC_V1,20 à 40,0,10.0,regionA,0,1,Aucun,0,20 ans et plus,1,Effort/Activité sportive,Pas de traitement,0.4209090909090909,0.032285714285714286,0.006363636363636364,0.024666666666666667,0.1373913043478261
XPW0055,ISAC_V1,40 à 60,0,10.0,regionA,0,0,Aucun,1,Aucun,0,Aucun,Pas de traitement,0.0,0.0,0.0,0.0,0.0
XPW0056,ISAC_V1,20 à 40,1,10.0,regionB,1,1,Non renseigné,0,Non renseigné,0,Aucun,Non renseigné,0.19181818181818186,0.008857142857142857,0.0,0.0,0.0
XPW0057,ISAC_V1,10 à 20,0,10.0,regionB,1,1,Non renseigné,0,Non renseigné,0,Aucun,Non renseigné,22.528181818181817,0.0,0.0,0.0,0.0
XPW0058,ISAC_V1,60 à Plus,0,10.0,regionB,1,0,Non renseigné,0,Non renseigné,0,Aucun,Non renseigné,0.0,0.0,0.0,0.0,0.0
XPW0059,ISAC_V1,10 à 20,1,11.0,regionA,1,1,Aucun,1,Aucun,0,Aucun,Pas de traitement,1.231818181818182,0.10085714285714287,1.339090909090909,0.5513333333333333,3.0995652173913046
XPW0060,ISAC_V1,0 à 10,0,11.0,regionA,1,1,Aucun,0,Aucun,0,Aucun,Pas de traitement,6.886363636363637,0.04342857142857143,0.18636363636363634,0.016,0.1117391304347826
XPW0061,ISAC_V1,60 à Plus,0,11.0,regionA,1,1,Aucun,0,Aucun,0,Aucun,Dermocorticoïdes,0.3227272727272727,0.0,0.0,0.49200000000000005,0.0
XPW0062,ISAC_V1,10 à 20,1,11.0,regionB,0,1,Anti-H1 voie générale,0,10 - 20 ans,0,Effort/Activité sportive,Pas de traitement,0.1390909090909091,0.0,0.0,0.0,5.894782608695652
XPW0063,ISAC_V1,60 à Plus,1,11.0,regionA,1,0,Aucun,0,Non renseigné,1,Aucun,Pas de traitement,0.0,0.0,0.0,0.0,0.0
XPW0064,ISAC_V1,10 à 20,0,11.0,regionA,0,1,Aucun,0,Aucun,0,Aucun,Pas de traitement,7.27,0.0,0.0,0.044,0.014347826086956523
XPW0065,ISAC_V1,20 à 40,1,5.0,regionA,0,1,Anti-H1 voie générale,1,0 - 2 ans,1,Aucun,Pas de traitement,17.395454545454548,1.7377142857142858,1.5354545454545454,0.0,2.642608695652174
XPW0066,ISAC_V1,10 à 20,0,5.0,regionA,0,1,Anti-H1 voie générale,1,Non renseigné,1,Aucun,Autres,21.90818181818182,1.606857142857143,3.825454545454545,0.011333333333333332,5.529565217391305
XPW0067,ISAC_V1,10 à 20,0,5.0,regionA,1,1,Anti-H1 voie générale,1,Non renseigné,0,Aucun,Pas de traitement,16.51181818181818,0.4805714285714286,0.5236363636363636,0.002,0.5765217391304347
XPW0068,ISAC_V1,0 à 10,1,5.0,regionA,1,0,Anti-H1 voie générale,1,Aucun,0,Effort/Activité sportive,Pas de traitement,0.0,0.0,0.0,0.0,0.0
XPW0069,ISAC_V1,10 à 20,1,5.0,regionA,1,1,Aucun,1,Non renseigné,1,Aucun,Pas de traitement,2.537272727272727,1.234857142857143,0.17,0.012,6.2534782608695645
XPW0070,ISAC_V1,10 à 20,1,5.0,regionA,1,1,Anti-H1 + CS,0,Aucun,0,Aucun,Pas de traitement,11.842727272727274,0.027428571428571427,0.03727272727272727,0.07066666666666667,6.147826086956522
XPW0071,ISAC_V1,20 à 40,1,5.0,regionA,1,0,Non renseigné,0,Non renseigné,0,Aucun,Non renseigné,0.0,0.0,0.0,0.0,0.0
XPW0072,ISAC_V1,60 à Plus,0,12.0,regionA,1,1,Aucun,0,Aucun,0,Aucun,Autres,43.43454545454545,0.7405714285714287,4.719090909090909,0.23733333333333334,8.495652173913044
XPW0073,ISAC_V1,20 à 40,1,2.0,regionA,1,1,Aucun,0,Aucun,0,Aucun,Non renseigné,0.0,0.46885714285714286,0.29636363636363633,0.03133333333333333,1.7947826086956522
XPW0074,ISAC_V1,0 à 10,1,2.0,regionA,0,1,Aucun,0,3 - 10 ans,1,Aucun,Pas de traitement,6.571818181818182,3.0548571428571427,0.3281818181818182,0.4326666666666667,14.961304347826085
XPW0075,ISAC_V1,20 à 40,0,2.0,regionA,0,0,Aucun,0,Aucun,0,Aucun,Pas de traitement,0.0,0.0,0.0,0.0,0.0
XPW0076,ISAC_V1,10 à 20,0,2.0,regionA,0,1,Aucun,1,0 - 2 ans,1,Aucun,Pas de traitement,32.43,4.8354285714285705,3.5127272727272727,0.0,0.2917391304347826
XPW0077,ISAC_V1,40 à 60,0,3.0,regionA,0,1,Aucun,0,Aucun,0,Aucun,Dermocorticoïdes,59.39818181818182,0.7565714285714286,33.49727272727273,1.096666666666667,23.840869565217393
XPW0078,ISAC_V1,20 à 40,0,3.0,regionE,0,1,Aucun,1,Aucun,0,Aucun,Dermocorticoïdes,10.94818181818182,0.6931428571428572,3.4863636363636363,0.9346666666666666,6.799565217391305
XPW0079,ISAC_V1,10 à 20,1,5.0,regionB,1,1,Anti-H1 voie générale,0,Non renseigné,0,Aucun,Pas de traitement,2.480909090909091,0.45257142857142857,0.8363636363636363,0.17200000000000001,2.655217391304348
XPW0080,ISAC_V1,0 à 10,0,5.0,regionA,1,1,Aucun,0,Non renseigné,0,Aucun,Pas de traitement,0.0,0.0,0.028181818181818183,0.0,0.0
XPW0081,ISAC_V1,20 à 40,0,5.0,regionA,1,1,Anti-H1 voie générale,0,20 ans et plus,1,Aucun,Autres,0.0,0.0,0.0,0.0,0.9334782608695652
XPW0082,ISAC_V1,0 à 10,1,5.0,regionA,1,1,Aucun,0,0 - 2 ans,1,Aucun,Dermocorticoïdes,0.3836363636363636,1.1345714285714286,0.0,0.0,0.0
XPW0083,ISAC_V1,10 à 20,1,6.0,regionA,0,1,Aucun,0,10 - 20 ans,1,Aucun,Pas de traitement,0.24363636363636362,0.0,0.4445454545454545,0.0,16.200869565217392
XPW0084,ISAC_V1,40 à 60,0,6.0,regionA,1,1,Anti-H1 voie générale,1,Non renseigné,0,Aucun,Pas de traitement,0.29363636363636364,0.2,0.14363636363636365,0.0,6.949130434782609
XPW0085,ISAC_V1,10 à 20,1,6.0,regionA,1,1,Anti-H1 voie générale,1,2 - 3 ans,1,Aucun,Pas de traitement,11.989090909090908,0.4182857142857143,1.450909090909091,0.0,0.08695652173913043
XPW0086,ISAC_V1,20 à 40,0,10.0,regionA,0,0,Aucun,1,20 ans et plus,1,Aucun,Pas de traitement,0.0,0.0,0.0,0.0,0.0
XPW0087,ISAC_V1,40 à 60,1,10.0,regionA,1,1,Non renseigné,0,Non renseigné,0,Aucun,Dermocorticoïdes,2.1772727272727272,0.0,0.0,0.0,0.0
XPW0088,ISAC_V1,10 à 20,0,11.0,regionA,1,1,Aucun,0,3 - 10 ans,1,Aucun,Pas de traitement,0.0,1.182857142857143,0.0,0.0,12.124347826086957
XPW0089,ISAC_V1,10 à 20,1,11.0,regionA,1,1,Anti-H1 voie générale,0,10 - 20 ans,1,Aucun,Pas de traitement,0.7836363636363637,0.0,0.1690909090909091,0.0,2.584347826086957
XPW0090,ISAC_V1,20 à 40,0,11.0,regionA,0,1,Aucun,0,Non renseigné,1,Aucun,Pas de traitement,1.2163636363636363,0.08714285714285715,0.017272727272727273,0.0,0.6347826086956523
XPW0091,ISAC_V1,10 à 20,0,11.0,regionA,1,1,Aucun,0,10 - 20 ans,1,Aucun,Pas de traitement,0.3063636363636364,0.4928571428571429,0.0,0.0,0.05347826086956522
XPW0092,ISAC_V1,40 à 60,0,12.0,regionA,0,1,Aucun,0,Aucun,0,Aucun,Pas de traitement,0.7909090909090909,0.0,0.14909090909090908,0.07133333333333333,0.178695652173913
XPW0093,ISAC_V1,60 à Plus,0,12.0,regionA,0,1,Aucun,0,Non renseigné,0,Aucun,Pas de traitement,0.0,0.04057142857142857,3.51,0.0,4.380869565217392
XPW0094,ISAC_V1,20 à 40,0,8.0,regionA,1,1,Aucun,0,Non renseigné,0,Aucun,Pas de traitement,3.5045454545454544,0.0,0.0,0.0,4.043043478260869
XPW0095,ISAC_V1,20 à 40,0,8.0,regionA,1,1,Aucun,0,20 ans et plus,1,Aucun,Pas de traitement,0.0,0.0,0.10090909090909089,0.0,10.547391304347826
XPW0096,ISAC_V1,20 à 40,0,9.0,regionA,0,1,Anti-H1 voie générale,1,Aucun,0,Aucun,Dermocorticoïdes,0.0,3.7205714285714286,6.542727272727273,0.7626666666666666,8.315217391304348
XPW0097,ISAC_V1,10 à 20,1,12.0,regionA,1,1,Anti-H1 voie générale,0,10 - 20 ans,1,Aucun,Pas de traitement,0.0,0.0,0.0,0.0,4.876086956521739
XPW0098,ISAC_V1,0 à 10,1,12.0,regionA,0,1,Aucun,0,0 - 2 ans,1,Aucun,Pas de traitement,14.96,1.5191428571428571,1.3499999999999999,6.0953333333333335,3.2960869565217394
XPW0099,ISAC_V1,0 à 10,1,1.0,regionA,0,1,Aucun,0,2 - 3 ans,0,Aucun,Pas de traitement,18.155454545454546,0.2394285714285714,1.8918181818181816,0.0,1.0860869565217393
XPW0100,ISAC_V1,10 à 20,1,1.0,regionA,0,1,Aucun,0,0 - 2 ans,1,Aucun,Pas de traitement,7.470909090909092,0.12228571428571426,2.7018181818181817,0.0,1.1421739130434783
XPW0101,ISAC_V1,20 à 40,0,12.0,regionA,1,0,Aucun,0,Aucun,0,Aucun,Pas de traitement,0.0,0.0,0.0,0.0,0.0
XPW0102,ISAC_V1,0 à 10,1,9.0,regionA,1,1,Anti-H1 voie générale,0,Aucun,0,Aucun,Pas de traitement,0.0,0.0,0.0,0.0,0.13608695652173913
XPW0103,ISAC_V1,10 à 20,1,9.0,regionA,1,1,Aucun,0,Aucun,0,Aucun,Dermocorticoïdes,12.838181818181818,0.1197142857142857,0.0,0.0,5.950434782608695
XPW0104,ISAC_V1,10 à 20,0,9.0,regionA,0,1,Aucun,1,Aucun,0,Aucun,Pas de traitement,0.0,0.0,0.0,0.0,6.303478260869565
XPW0105,ISAC_V1,10 à 20,1,9.0,regionA,0,1,Anti-H1 voie générale,1,Non renseigné,0,Aucun,Dermocorticoïdes,1.710909090909091,0.32885714285714285,12.076363636363636,4.163333333333333,2.845652173913044
XPW0106,ISAC_V1,0 à 10,0,9.0,regionF,1,1,Anti-H1 voie générale,1,Non renseigné,0,Aucun,Pas de traitement,1.048181818181818,0.4402857142857142,0.6527272727272727,0.0,7.4452173913043485
XPW0107,ISAC_V1,10 à 20,1,7.0,regionA,0,1,Aucun,0,Non renseigné,0,Aucun,Pas de traitement,0.0,2.320857142857143,1.1554545454545455,0.0,0.17521739130434782
XPW0108,ISAC_V1,40 à 60,1,7.0,regionA,0,1,Aucun,1,Non renseigné,0,Aucun,Dupilumab,71.33727272727273,7.377428571428571,18.60727272727273,1.6033333333333333,13.183913043478261
XPW0109,ISAC_V1,40 à 60,1,7.0,regionA,0,1,Anti-H1 + CS,0,Non renseigné,0,Aucun,Autres,0.0,0.024,1.9636363636363634,0.02266666666666667,7.868260869565217
XPW0110,ISAC_V1,60 à Plus,1,8.0,regionA,0,1,Aucun,0,0 - 2 ans,1,Aucun,Non renseigné,0.0,0.10914285714285714,0.0,0.0,0.0
XPW0111,ISAC_V1,10 à 20,1,8.0,regionA,0,1,Non renseigné,0,Non renseigné,0,Aucun,Pas de traitement,12.70090909090909,0.0,0.18636363636363634,0.0,1.3347826086956522
XPW0112,ISAC_V1,60 à Plus,1,8.0,regionA,0,1,Non renseigné,1,Non renseigné,0,Aucun,Dupilumab,30.50909090909091,0.3488571428571428,21.664545454545454,0.442,3.3130434782608695
XPW0113,ISAC_V1,40 à 60,1,9.0,regionA,0,1,"Anti-H1, voie locale",0,Non renseigné,0,Aucun,Dupilumab,36.309090909090905,19.960285714285714,13.66909090909091,5.231333333333334,19.885652173913044
XPW0114,ISAC_V1,40 à 60,1,9.0,regionA,0,1,Aucun,0,Non renseigné,0,Aucun,Dupilumab,36.01909090909091,0.962857142857143,6.083636363636364,0.5746666666666667,20.418695652173913
XPW0115,ISAC_V1,40 à 60,1,9.0,regionA,0,1,Non renseigné,0,Non renseigné,0,Aucun,Autres,21.745454545454546,3.425428571428571,0.0,0.18666666666666668,8.214347826086955
XPW0116,ISAC_V1,20 à 40,1,9.0,regionA,0,1,Aucun,0,Aucun,0,Effort/Activité sportive,Dupilumab,0.04363636363636363,0.016285714285714285,0.13363636363636364,0.0,0.5030434782608696
XPW0117,ISAC_V1,20 à 40,0,9.0,regionA,0,1,Anti-H1 voie générale,1,Non renseigné,0,Aucun,Dupilumab,10.58909090909091,0.009142857142857144,0.3809090909090909,0.10533333333333333,4.019565217391304
XPW0118,ISAC_V1,20 à 40,1,9.0,regionA,0,1,Aucun,0,Aucun,0,Aucun,Dupilumab,0.05272727272727273,0.0,0.045454545454545456,0.0,0.013478260869565217
XPW0119,ISAC_V1,20 à 40,1,9.0,regionA,0,1,Aucun,1,Aucun,0,Aucun,Dupilumab,55.54545454545455,4.767714285714286,38.11363636363637,1.0799999999999998,17.31695652173913
XPW0120,ISAC_V1,20 à 40,1,9.0,regionA,0,1,Aucun,1,Aucun,0,Aucun,Dupilumab,26.60363636363636,0.5614285714285714,4.111818181818181,0.55,5.770869565217392
XPW0121,ISAC_V1,60 à Plus,0,10.0,regionA,1,1,Anti-H1 voie générale,1,Non renseigné,0,Aucun,Dermocorticoïdes,43.83,0.08142857142857143,21.45,0.18133333333333335,13.860434782608694
XPW0122,ISAC_V1,20 à 40,1,10.0,regionA,0,1,Aucun,0,Non renseigné,0,Aucun,Dupilumab,56.36181818181819,14.994285714285713,55.08454545454545,1.2973333333333334,52.50869565217391
XPW0123,ISAC_V1,20 à 40,1,10.0,regionA,0,1,Aucun,1,Aucun,0,Aucun,Dupilumab,31.00818181818182,2.656285714285714,18.762727272727275,0.0,9.763478260869565
XPW0124,ISAC_V1,40 à 60,0,10.0,regionA,0,1,Anti-H1 voie générale,1,Aucun,0,Animaux : cheval/rongeur,Non renseigné,26.95818181818182,1.6311428571428572,20.706363636363637,9.287333333333333,28.60217391304348
XPW0125,ISAC_V1,40 à 60,1,10.0,regionA,0,1,Aucun,0,Aucun,0,Animaux : cheval/rongeur,Pas de traitement,0.0,0.0,0.0,0.0,0.0
XPW0126,ISAC_V1,40 à 60,0,11.0,regionA,0,1,Aucun,1,0 - 2 ans,0,Aucun,Dupilumab,46.124545454545455,2.7094285714285715,12.857272727272727,5.462000000000001,25.493478260869566
XPW0127,ISAC_V1,40 à 60,0,11.0,regionA,0,1,Aucun,0,Aucun,0,Aucun,Dupilumab,0.0,0.0,3.2190909090909092,0.0,0.8860869565217391
XPW0128,ISAC_V1,0 à 10,1,11.0,regionA,0,0,Aucun,0,Aucun,0,Aucun,Non renseigné,0.0,0.0,0.0,0.0,0.004347826086956522
XPW0129,ISAC_V1,20 à 40,0,11.0,regionA,0,1,Aucun,1,Non renseigné,1,Aucun,Non renseigné,11.436363636363636,0.3614285714285714,0.5490909090909091,0.2966666666666667,2.9417391304347826
XPW0130,ISAC_V1,20 à 40,0,11.0,regionA,0,1,Non renseigné,0,10 - 20 ans,1,Aucun,Non renseigné,1.1145454545454547,0.010285714285714285,0.07363636363636364,1.104,2.3465217391304347
XPW0131,ISAC_V1,40 à 60,1,11.0,regionA,0,1,Aucun,0,Non renseigné,0,Aucun,Non renseigné,0.0,0.024,0.0,0.0,0.0
XPW0132,ISAC_V1,20 à 40,1,11.0,regionA,0,1,Anti-H1 + CS,1,10 - 20 ans,1,Aucun,Dermocorticoïdes,29.349090909090908,0.0,2.471818181818182,0.0,1.692608695652174
XPW0133,ISAC_V1,40 à 60,1,11.0,regionA,0,1,Aucun,1,Non renseigné,0,Aucun,Dupilumab,56.39636363636364,4.376,7.474545454545455,0.782,7.829565217391305
XPW0134,ISAC_V1,0 à 10,0,11.0,regionA,0,1,Anti-H1 voie générale,1,3 - 10 ans,1,Aucun,Non renseigné,0.0,4.414000000000001,1.200909090909091,3.506666666666667,5.162173913043478
XPW0135,ISAC_V1,10 à 20,1,12.0,regionA,0,1,Aucun,0,Non renseigné,0,Aucun,Dupilumab,16.656363636363636,0.0,0.0,0.052000000000000005,4.440434782608696
XPW0136,ISAC_V1,20 à 40,0,12.0,regionA,0,1,Aucun,1,Aucun,0,Aucun,Dupilumab,41.86363636363637,1.0582857142857143,13.390909090909092,0.18266666666666667,0.0
XPW0137,ISAC_V1,40 à 60,1,12.0,regionA,0,1,Anti-H1 voie générale,0,Aucun,0,Aucun,Non renseigné,0.11636363636363636,0.0,0.0,0.0,0.1252173913043478
XPW0138,ISAC_V1,20 à 40,0,12.0,regionA,0,1,Anti-H1 voie générale,1,Non renseigné,0,Aucun,Dermocorticoïdes,10.629090909090909,0.03628571428571429,3.797272727272727,0.436,1.818695652173913
XPW0139,ISAC_V1,20 à 40,0,12.0,regionA,0,1,Aucun,0,20 ans et plus,0,Aucun,Pas de traitement,0.0,0.20400000000000001,0.10636363636363635,0.0,6.663913043478261
XPW0140,ISAC_V1,10 à 20,0,12.0,regionA,0,1,Anti-H1 + CS,1,Non renseigné,1,Aucun,Autres,22.242727272727276,0.064,0.34909090909090906,0.0,2.486521739130435
XPW0141,ISAC_V1,40 à 60,0,12.0,regionA,0,1,Aucun,0,20 ans et plus,0,Aucun,Non renseigné,0.0,0.206,0.6863636363636364,0.0,0.9052173913043479
XPW0142,ISAC_V1,40 à 60,1,12.0,regionA,0,1,"Anti-H1, voie locale",0,20 ans et plus,1,Aucun,Non renseigné,0.0,0.6928571428571428,0.7890909090909091,0.184,0.04782608695652174
XPW0143,ISAC_V1,10 à 20,0,12.0,regionA,0,1,Anti-H1 voie générale,0,Non renseigné,0,Aucun,Non renseigné,0.14727272727272728,0.0,0.0,0.0,0.041739130434782605
XPW0144,ISAC_V1,0 à 10,1,12.0,regionA,0,1,Anti-H1 voie générale,1,2 - 3 ans,1,Aucun,Non renseigné,0.0,0.41942857142857143,0.7654545454545455,2.6573333333333333,6.218695652173913
XPW0145,ISAC_V1,10 à 20,1,12.0,regionA,0,1,Anti-H1 voie générale,0,3 - 10 ans,1,Aucun,Pas de traitement,17.64818181818182,2.932857142857143,1.7372727272727273,1.5353333333333334,5.594347826086956
XPW0146,ISAC_V1,10 à 20,1,12.0,regionA,0,1,Anti-H1 voie générale,0,Non renseigné,1,Aucun,Non renseigné,0.6409090909090909,0.09799999999999999,0.042727272727272725,0.0,2.698695652173913
XPW0147,ISAC_V1,20 à 40,1,12.0,regionA,0,1,Anti-H1 voie générale,1,Non renseigné,0,Aucun,Non renseigné,0.0,0.0,0.3227272727272727,0.6246666666666666,2.072608695652174
XPW0148,ISAC_V1,20 à 40,1,12.0,regionA,0,1,Aucun,0,20 ans et plus,1,Aucun,Non renseigné,0.0,0.34885714285714287,0.0,0.0,0.48913043478260876
XPW0149,ISAC_V1,10 à 20,1,12.0,regionA,0,1,Anti-H1 voie générale,1,Non renseigné,0,Aucun,Non renseigné,7.703636363636363,0.0,0.18818181818181817,0.0,0.0608695652173913
XPW0150,ISAC_V1,20 à 40,1,12.0,regionB,0,1,Non renseigné,0,Non renseigné,0,Aucun,Non renseigné,5.027272727272727,0.04342857142857143,0.04727272727272727,0.029333333333333333,0.05434782608695652
XPW0151,ISAC_V1,10 à 20,0,12.0,regionA,0,1,Anti-H1 voie générale,1,Non renseigné,1,Aucun,Non renseigné,17.933636363636364,2.0542857142857143,0.8227272727272728,1.7133333333333334,8.639565217391304
XPW0152,ISAC_V1,10 à 20,0,12.0,regionA,0,1,Anti-H1 voie générale,0,0 - 2 ans,0,Aucun,Dermocorticoïdes,10.975454545454545,2.874285714285714,0.5063636363636363,0.33866666666666667,0.328695652173913
XPW0153,ISAC_V1,60 à Plus,0,12.0,regionA,1,1,Anti-H1 voie générale,1,Non renseigné,0,Aucun,Non renseigné,43.43,0.2154285714285714,20.594545454545454,0.2506666666666667,11.432173913043478
XPW0154,ISAC_V1,20 à 40,0,12.0,regionA,0,0,Aucun,0,20 ans et plus,0,Aucun,Non renseigné,0.0,0.0,0.0,0.0,0.0
XPW0155,ISAC_V1,20 à 40,0,1.0,regionA,0,0,Non renseigné,0,Aucun,0,Aucun,Non renseigné,0.0,0.0,0.0,0.0,0.0
XPW0156,ISAC_V1,0 à 10,1,1.0,regionA,0,1,Aucun,1,0 - 2 ans,1,Aucun,Non renseigné,9.618181818181817,0.015714285714285715,0.0,0.0,0.0
XPW0157,ISAC_V1,10 à 20,0,1.0,regionA,0,1,Anti-H1 voie générale,1,Aucun,0,Aucun,Non renseigné,0.5872727272727274,0.0,0.0,0.021333333333333333,0.0
XPW0158,ISAC_V1,20 à 40,1,1.0,regionA,0,0,Aucun,0,Non renseigné,0,Aucun,Non renseigné,0.0,0.0,0.0,0.0,0.0
XPW0159,ISAC_V1,40 à 60,1,1.0,regionA,0,1,Aucun,0,20 ans et plus,1,Aucun,Non renseigné,0.0,0.8234285714285714,0.0,0.0,0.6539130434782608
XPW0160,ISAC_V1,20 à 40,1,1.0,regionA,0,1,Aucun,0,Aucun,0,Aucun,Non renseigné,0.0,0.002857142857142857,0.0,0.0,0.017826086956521738
XPW0161,ISAC_V1,60 à Plus,1,1.0,regionA,0,1,Non renseigné,1,Non renseigné,0,Aucun,Dupilumab,21.905454545454543,0.3171428571428571,13.176363636363636,0.218,2.7530434782608695
XPW0162,ISAC_V1,20 à 40,0,1.0,regionA,0,1,"Anti-H1, voie locale",1,Aucun,0,Aucun,Pas de traitement,1.9163636363636363,0.0,0.47181818181818175,0.0,2.5778260869565215
XPW0163,ISAC_V1,40 à 60,1,1.0,regionA,0,1,Aucun,0,Aucun,0,Aucun,Pas de traitement,0.0,0.0,0.0,0.0,0.0
XPW0164,ISAC_V1,40 à 60,0,1.0,regionA,0,1,"Anti-H1, voie locale",0,Aucun,0,Aucun,Non renseigné,0.0,0.0,0.0,0.0,1.231304347826087
XPW0165,ISAC_V1,40 à 60,1,1.0,regionA,0,1,Aucun,1,20 ans et plus,1,Aucun,Pas de traitement,0.6390909090909092,0.0,0.0,0.0,0.0482608695652174
XPW0166,ISAC_V1,10 à 20,0,1.0,regionA,0,1,Anti-H1 voie générale,1,Non renseigné,0,Aucun,Non renseigné,9.039090909090909,1.0768571428571427,0.0,0.0,5.325217391304348
XPW0167,ISAC_V1,0 à 10,1,1.0,regionA,0,0,Non renseigné,0,Non renseigné,0,Aucun,Non renseigné,0.0,0.0,0.0,0.0,0.0
XPW0168,ISAC_V1,40 à 60,1,1.0,regionA,0,0,Non renseigné,0,Non renseigné,0,Aucun,Dupilumab,0.0,0.0,0.0,0.0,0.0
XPW0169,ISAC_V1,20 à 40,0,1.0,regionA,0,1,Aucun,0,Aucun,0,Aucun,Non renseigné,0.0,0.14257142857142854,1.0236363636363637,0.0,1.6186956521739129
XPW0170,ISAC_V1,20 à 40,1,1.0,regionA,0,1,Aucun,0,0 - 2 ans,1,Aucun,Non renseigné,0.0,1.909142857142857,0.0,0.0,0.03739130434782609
XPW0171,ISAC_V1,40 à 60,0,1.0,regionA,0,1,Anti-H1 voie générale,0,Non renseigné,0,Aucun,Non renseigné,0.24636363636363637,0.0,0.0,0.0,0.06521739130434782
XPW0172,ISAC_V1,40 à 60,1,1.0,regionA,0,1,"Anti-H1, voie locale",1,Non renseigné,0,Aucun,Dupilumab,15.013636363636364,5.981428571428571,4.834545454545455,2.1373333333333333,8.47695652173913
XPW0173,ISAC_V1,20 à 40,1,1.0,regionA,0,1,Aucun,1,Aucun,0,Aucun,Dupilumab,44.946363636363635,2.9348571428571426,25.639090909090907,0.4393333333333333,9.583043478260869
XPW0174,ISAC_V1,20 à 40,1,2.0,regionA,0,1,Aucun,1,Aucun,0,Aucun,Dupilumab,9.77818181818182,0.5708571428571428,3.4254545454545453,0.0,1.2247826086956521
XPW0175,ISAC_V1,10 à 20,0,2.0,regionG,0,1,Aucun,0,Aucun,0,Aucun,Dupilumab,0.0,0.0,0.0,0.0,10.258695652173913
XPW0176,ISAC_V1,20 à 40,1,3.0,regionA,0,1,Aucun,0,Aucun,0,Aucun,Pas de traitement,0.0,0.0,0.0,0.0,0.0408695652173913
XPW0177,ISAC_V1,60 à Plus,1,3.0,regionA,0,0,Aucun,1,Non renseigné,0,Aucun,Non renseigné,0.0,0.0,0.0,0.0,0.0
XPW0178,ISAC_V1,40 à 60,1,3.0,regionA,0,1,Non renseigné,0,Non renseigné,0,Aucun,Dupilumab,21.687272727272727,1.5691428571428572,31.05636363636364,0.23800000000000002,13.904782608695653
XPW0179,ISAC_V1,0 à 10,0,3.0,regionA,0,1,Aucun,1,Non renseigné,0,Aucun,Dupilumab,0.0,0.0,0.2609090909090909,0.0,0.0
XPW0180,ISAC_V1,20 à 40,0,3.0,regionA,0,1,Non renseigné,1,Aucun,0,Aucun,Non renseigné,0.0,0.0,2.1345454545454547,0.0,0.0
XPW0181,ISAC_V1,40 à 60,0,3.0,regionA,0,1,Aucun,0,Aucun,0,Aucun,Dupilumab,0.0,0.0,0.43818181818181823,0.0,0.3665217391304348
XPW0182,ISAC_V1,40 à 60,1,3.0,regionA,0,1,Non renseigné,0,Non renseigné,0,Aucun,Non renseigné,0.0,0.07657142857142858,0.0,0.0,0.004347826086956522
XPW0183,ISAC_V1,40 à 60,1,3.0,regionA,0,1,"Anti-H1, voie locale",0,Non renseigné,1,Aucun,Non renseigné,0.0,0.009142857142857144,0.0,0.0,0.19826086956521738
XPW0184,ISAC_V1,20 à 40,0,4.0,regionA,1,1,Anti-H1 voie générale,1,Non renseigné,1,Aucun,Non renseigné,2.2245454545454546,0.252,0.29090909090909095,0.0,0.9160869565217391
XPW0185,ISAC_V1,10 à 20,1,4.0,regionA,0,1,Aucun,0,Non renseigné,0,Aucun,Dupilumab,4.115454545454545,0.0,0.0,0.0,1.4647826086956521
XPW0186,ISAC_V1,0 à 10,0,4.0,regionA,0,1,Non renseigné,0,Non renseigné,0,Aucun,Non renseigné,21.76090909090909,1.983142857142857,2.1563636363636363,0.0,2.6539130434782607
XPW0187,ISAC_V1,0 à 10,0,4.0,regionA,0,0,Aucun,0,Non renseigné,1,Aucun,Non renseigné,0.0,0.0,0.0,0.0,0.0
XPW0188,ISAC_V1,10 à 20,1,4.0,regionA,0,0,Anti-H1 voie générale,0,Non renseigné,0,Aucun,Non renseigné,0.0,0.0,0.0,0.0,0.0
XPW0189,ISAC_V1,20 à 40,0,4.0,regionA,0,1,Aucun,0,Aucun,0,Aucun,Dupilumab,20.181818181818183,0.04171428571428571,4.755454545454546,0.9173333333333333,3.249565217391304
XPW0190,ISAC_V1,20 à 40,1,4.0,regionA,0,1,Anti-H1 voie générale,0,Aucun,0,Aucun,Dupilumab,21.87363636363636,1.6162857142857143,0.0,0.6679999999999999,15.417391304347827
XPW0191,ISAC_V1,20 à 40,0,4.0,regionA,0,1,Aucun,0,Aucun,0,Aucun,Pas de traitement,5.206363636363637,0.7937142857142857,0.4527272727272727,0.0,3.9499999999999997
XPW0192,ISAC_V1,60 à Plus,1,4.0,regionA,0,1,"Anti-H1, voie locale",1,Aucun,0,Autres,Dupilumab,9.99,0.0,1.7336363636363636,0.050666666666666665,0.01608695652173913
XPW0193,ISAC_V1,10 à 20,0,5.0,regionA,0,1,Non renseigné,0,Aucun,0,Aucun,Dupilumab,46.57454545454546,2.8831428571428575,0.0,0.0,17.613478260869567
XPW0194,ISAC_V1,40 à 60,0,6.0,regionA,0,1,Anti-H1 voie générale,1,Non renseigné,0,Aucun,Dupilumab,40.054545454545455,0.01,22.446363636363635,0.18533333333333332,4.51
XPW0195,ISAC_V1,40 à 60,1,6.0,regionA,0,1,Non renseigné,1,Aucun,0,Aucun,Non renseigné,0.0,0.0,0.0,0.0,3.174782608695652
XPW0196,ISAC_V1,40 à 60,1,6.0,regionA,0,1,Anti-H1 + CS,0,Non renseigné,0,Aucun,Non renseigné,1.2563636363636363,0.03257142857142858,0.0,0.0,1.5060869565217392
XPW0197,ISAC_V1,20 à 40,1,6.0,regionA,0,1,Aucun,0,Non renseigné,0,Aucun,Non renseigné,1.9127272727272726,0.20314285714285713,0.0,0.0,0.3808695652173913
XPW0198,ISAC_V1,20 à 40,0,6.0,regionA,0,1,Anti-H1 + CS,0,Aucun,0,Aucun,Non renseigné,1.1554545454545453,0.0,0.07818181818181819,0.0,0.5860869565217391
XPW0199,ISAC_V1,10 à 20,1,6.0,regionA,0,1,Aucun,1,Non renseigné,1,Aucun,Non renseigné,13.376363636363635,1.1922857142857144,3.1727272727272724,0.2773333333333333,1.7534782608695652
XPW0200,ISAC_V1,60 à Plus,1,6.0,regionA,0,1,"Anti-H1, voie locale",1,Aucun,0,Autres,Dupilumab,17.633636363636366,0.0,1.8472727272727274,0.025333333333333333,0.008695652173913044
XPW0201,ISAC_V1,60 à Plus,0,6.0,regionA,0,1,Non renseigné,0,Non renseigné,0,Aucun,Dupilumab,32.559999999999995,0.011142857142857144,4.833636363636364,0.08266666666666667,4.7556521739130435
XPW0202,ISAC_V1,40 à 60,1,6.0,regionA,0,0,Non renseigné,0,Non renseigné,0,Aucun,Dupilumab,0.0,0.0,0.0,0.0,0.0
XPW0203,ISAC_V1,40 à 60,1,6.0,regionA,0,1,Aucun,1,Aucun,0,Autres,Dupilumab,25.36818181818182,0.126,0.7772727272727273,0.02733333333333333,0.8047826086956522
XPW0204,ISAC_V1,40 à 60,1,6.0,regionG,1,0,Aucun,0,Aucun,0,Aucun,Dupilumab,0.0,0.0,0.0,0.0,0.0
XPW0205,ISAC_V1,0 à 10,1,6.0,regionA,0,1,Aucun,1,0 - 2 ans,1,Aucun,Pas de traitement,0.0,1.6777142857142857,20.742727272727276,0.0,6.34
XPW0206,ISAC_V1,10 à 20,1,6.0,regionA,0,1,Anti-H1 + CS,0,0 - 2 ans,0,Aucun,Pas de traitement,0.0,1.6648571428571428,0.890909090909091,0.37266666666666665,12.572173913043477
XPW0207,ISAC_V1,40 à 60,0,6.0,regionA,1,0,Aucun,0,Aucun,0,Aucun,Pas de traitement,0.0,0.0,0.0,0.0,0.0
XPW0208,ISAC_V1,20 à 40,0,6.0,regionA,0,1,Anti-H1 voie générale,1,Aucun,0,Aucun,Dermocorticoïdes,0.0,0.0,0.0,0.2326666666666667,0.5278260869565218
XPW0209,ISAC_V1,10 à 20,1,6.0,regionA,0,1,Aucun,0,Aucun,0,Aucun,Pas de traitement,0.8536363636363636,0.0,0.15545454545454546,0.0,0.07043478260869565
XPW0210,ISAC_V1,20 à 40,0,6.0,regionA,1,1,"Anti-H1, voie locale",1,Aucun,0,Aucun,Dupilumab,19.58818181818182,0.0,8.822727272727272,0.0,3.345217391304348
XPW0211,ISAC_V1,60 à Plus,0,6.0,regionA,1,1,Anti-H1 voie générale,1,Aucun,0,Aucun,Dermocorticoïdes,49.18090909090909,0.13457142857142856,17.079090909090908,0.020666666666666667,8.967391304347826
XPW0212,ISAC_V1,10 à 20,1,6.0,regionA,1,1,Aucun,1,Aucun,0,Aucun,Dupilumab,76.10000000000001,3.0277142857142856,67.50818181818182,0.7906666666666666,15.405217391304348
XPW0213,ISAC_V1,10 à 20,0,6.0,regionA,0,1,Aucun,0,10 - 20 ans,1,Aucun,Pas de traitement,0.02727272727272727,0.0,0.0,0.0,0.015217391304347825
XPW0214,ISAC_V1,20 à 40,1,6.0,regionA,0,1,Anti-H1 voie générale,0,Non renseigné,0,Aucun,Dupilumab,44.234545454545454,9.880285714285714,54.29909090909091,0.534,50.87913043478261
XPW0215,ISAC_V1,20 à 40,1,6.0,regionA,1,1,Aucun,0,Non renseigné,0,Aucun,Dupilumab,7.720909090909092,0.6034285714285714,3.7854545454545456,1.326,2.561304347826087
XPW0216,ISAC_V1,60 à Plus,0,7.0,regionH,0,1,Aucun,0,Aucun,0,Aucun,Dermocorticoïdes,0.08272727272727273,0.0,0.0,0.0,0.0
XPW0217,ISAC_V1,10 à 20,0,7.0,regionA,0,1,Aucun,0,Aucun,0,Aucun,Dupilumab,15.205454545454545,1.348857142857143,0.0,0.0,7.446521739130434
XPW0218,ISAC_V1,20 à 40,1,7.0,regionA,1,1,Aucun,0,Aucun,0,Aucun,Dupilumab,0.2709090909090909,0.022857142857142857,0.24818181818181817,0.26799999999999996,0.6313043478260869
XPW0219,ISAC_V1,40 à 60,1,7.0,regionA,0,1,Aucun,1,Aucun,0,Aucun,Dupilumab,44.59,0.10885714285714286,14.056363636363637,0.94,12.857826086956523
XPW0220,ISAC_V1,40 à 60,1,7.0,regionA,0,1,Aucun,0,Aucun,0,Aucun,Dupilumab,7.451818181818182,0.07428571428571429,10.825454545454546,0.32133333333333336,0.09608695652173913
XPW0221,ISAC_V1,40 à 60,0,7.0,regionA,0,1,Aucun,1,Non renseigné,0,Aucun,Dupilumab,0.0,0.0,0.07727272727272727,0.0,0.0
XPW0222,ISAC_V1,40 à 60,1,8.0,regionA,1,1,Aucun,1,Non renseigné,0,Aucun,Dupilumab,16.021818181818183,1.0011428571428571,27.114545454545453,0.5166666666666667,14.447391304347827
XPW0223,ISAC_V1,20 à 40,0,8.0,regionA,0,1,Aucun,0,Aucun,0,Aucun,Dupilumab,28.320909090909094,0.0,2.833636363636364,0.4873333333333333,2.69
XPW0224,ISAC_V1,60 à Plus,1,8.0,regionA,1,0,Anti-H1 voie générale,0,Non renseigné,0,Aucun,Dupilumab,0.0,0.0,0.0,0.0,0.0
XPW0225,ISAC_V1,20 à 40,1,9.0,regionA,0,0,Aucun,0,Non renseigné,0,Aucun,Pas de traitement,0.0,0.0,0.0,0.0,0.0
XPW0226,ISAC_V1,40 à 60,1,9.0,regionA,1,1,Aucun,0,20 ans et plus,0,Aucun,Pas de traitement,0.0,0.072,0.0,0.0,2.6365217391304347
XPW0227,ISAC_V1,20 à 40,1,9.0,regionA,1,1,Aucun,1,Aucun,0,Aucun,Pas de traitement,1.3072727272727274,0.9874285714285715,0.0,0.0,1.848695652173913
XPW0228,ISAC_V1,20 à 40,0,9.0,regionA,1,0,Aucun,0,20 ans et plus,1,Aucun,Pas de traitement,0.0,0.0,0.0,0.0,0.0
XPW0229,ISAC_V1,10 à 20,0,9.0,regionA,1,1,Aucun,1,Aucun,0,Aucun,Pas de traitement,19.38,1.55,1.3718181818181818,0.192,11.64521739130435
XPW0230,ISAC_V1,10 à 20,0,9.0,regionB,0,0,Aucun,0,Aucun,0,Aucun,Pas de traitement,0.0,0.0,0.0,0.0,0.0
XPW0231,ISAC_V1,60 à Plus,1,9.0,regionA,0,1,"Anti-H1, voie locale",1,Aucun,0,Autres,Dupilumab,23.12272727272727,0.0,2.28,0.03933333333333333,0.01391304347826087
XPW0232,ISAC_V1,20 à 40,0,9.0,regionA,0,1,Anti-H1 voie générale,0,Non renseigné,0,Aucun,Dupilumab,8.794545454545455,0.08114285714285714,6.759090909090909,0.0,1.2295652173913043
XPW0233,ISAC_V1,40 à 60,0,9.0,regionA,1,0,Anti-H1 voie générale,0,Aucun,0,Aucun,Pas de traitement,0.0,0.0,0.0,0.0,0.0
XPW0234,ISAC_V1,40 à 60,0,9.0,regionA,0,1,Aucun,0,Aucun,0,Aucun,Pas de traitement,0.0,0.0,0.0,0.0,0.0
XPW0235,ISAC_V1,10 à 20,0,9.0,regionA,0,1,Anti-H1 voie générale,0,Non renseigné,0,Moisissures,Pas de traitement,0.0,0.29542857142857143,0.0,0.0,5.790434782608696
XPW0236,ISAC_V1,40 à 60,0,10.0,regionA,0,1,Aucun,0,20 ans et plus,1,Aucun,Pas de traitement,1.5145454545454546,0.014857142857142857,0.0,0.0,0.28695652173913044
XPW0237,ISAC_V1,60 à Plus,0,10.0,regionA,0,1,Aucun,0,Non renseigné,1,Aucun,Pas de traitement,0.0,0.0,0.0,0.0,0.45130434782608697
XPW0238,ISAC_V1,20 à 40,0,10.0,regionA,0,1,Aucun,0,Aucun,0,Aucun,Autres,0.0,0.009142857142857144,0.0,0.0,0.0
XPW0239,ISAC_V1,10 à 20,0,10.0,regionA,0,1,Aucun,1,Non renseigné,0,Aucun,Autres,62.93272727272727,14.943142857142856,70.60181818181819,0.013333333333333334,55.02173913043478
XPW0240,ISAC_V1,20 à 40,0,10.0,regionA,1,1,Aucun,1,0 - 2 ans,1,Aucun,Pas de traitement,0.4027272727272727,6.935142857142857,0.0,0.0,0.6547826086956522
XPW0241,ISAC_V1,20 à 40,0,10.0,regionA,0,1,Aucun,0,Non renseigné,0,Aucun,Pas de traitement,0.0,0.2382857142857143,0.2636363636363636,0.0,0.07304347826086957
XPW0242,ISAC_V1,20 à 40,0,10.0,regionA,0,1,Aucun,1,Non renseigné,0,Aucun,Pas de traitement,1.3745454545454545,0.05171428571428571,1.0445454545454544,0.4906666666666667,4.868695652173913
XPW0243,ISAC_V1,20 à 40,0,10.0,regionA,1,1,Aucun,0,Aucun,0,Aucun,Pas de traitement,0.0,0.0,0.0,0.0,1.3678260869565215
XPW0244,ISAC_V1,20 à 40,1,10.0,regionA,0,1,Aucun,0,Aucun,0,Aucun,Dupilumab,2.56,0.0,0.009090909090909092,0.0,1.7030434782608697
XPW0245,ISAC_V1,10 à 20,1,10.0,regionA,1,1,Aucun,0,10 - 20 ans,1,Aucun,Pas de traitement,0.20545454545454545,0.0,0.0,2.166,1.4934782608695654
XPW0246,ISAC_V1,10 à 20,0,10.0,regionA,0,1,Anti-H1 voie générale,1,Non renseigné,1,Aucun,Dupilumab,37.57272727272727,0.2514285714285714,17.57090909090909,0.478,4.31
XPW0247,ISAC_V1,60 à Plus,0,10.0,regionA,1,1,Anti-H1 voie générale,1,Aucun,0,Aucun,Dermocorticoïdes,36.849999999999994,0.08142857142857143,16.696363636363635,0.06266666666666666,6.3304347826086955
XPW0248,ISAC_V1,10 à 20,1,10.0,regionA,0,1,Aucun,0,Aucun,0,Aucun,Pas de traitement,33.051818181818184,0.22971428571428568,0.25545454545454543,0.492,20.696956521739132
XPW0249,ISAC_V1,10 à 20,0,10.0,regionA,0,1,Anti-H1 voie générale,1,Non renseigné,1,Aucun,Dermocorticoïdes,20.096363636363638,2.061714285714286,0.4754545454545455,0.0,14.748695652173915
XPW0250,ISAC_V1,10 à 20,0,10.0,regionA,0,0,Aucun,0,Aucun,0,Aucun,Pas de traitement,0.0,0.0,0.0,0.0,0.0
XPW0251,ISAC_V1,20 à 40,0,11.0,regionA,1,1,Aucun,0,Aucun,0,Aucun,Pas de traitement,0.0,0.0,0.0,0.0,0.0
XPW0252,ISAC_V1,10 à 20,1,11.0,regionA,1,1,Aucun,1,Aucun,0,Aucun,Dupilumab,38.18818181818182,1.2877142857142858,25.84181818181818,0.4913333333333333,9.571304347826088
XPW0253,ISAC_V1,40 à 60,1,11.0,regionA,1,1,Non renseigné,0,Aucun,0,Aucun,Dupilumab,40.53090909090909,0.756,4.805454545454546,7.086666666666667,27.596521739130434
XPW0254,ISAC_V1,40 à 60,0,11.0,regionA,1,1,Aucun,0,Aucun,0,Aucun,Non renseigné,0.33454545454545453,0.058857142857142844,0.07727272727272727,0.5793333333333333,0.2082608695652174
XPW0255,ISAC_V1,20 à 40,1,11.0,regionA,0,1,Anti-H1 voie générale,0,Aucun,0,Aucun,Pas de traitement,0.8336363636363638,0.0,0.0,0.0,0.0
XPW0256,ISAC_V1,40 à 60,0,11.0,regionA,1,1,Aucun,0,Aucun,0,Aucun,Dupilumab,9.659090909090908,1.1694285714285715,6.808181818181819,0.13066666666666665,3.820869565217391
XPW0257,ISAC_V1,20 à 40,1,11.0,regionA,0,1,Anti-H1 voie générale,0,Aucun,0,Aucun,Dupilumab,63.79727272727273,1.246,39.82,0.196,2.8491304347826087
XPW0258,ISAC_V1,60 à Plus,1,11.0,regionA,1,1,Aucun,0,Aucun,0,Aucun,Autres,0.1109090909090909,0.04285714285714286,18.424545454545452,0.354,0.06130434782608695
XPW0259,ISAC_V1,20 à 40,0,11.0,regionA,0,1,Aucun,0,Aucun,0,Aucun,Pas de traitement,0.18545454545454546,0.0,0.0,0.0,0.0
XPW0260,ISAC_V1,40 à 60,0,11.0,regionA,1,1,Aucun,0,Non renseigné,1,Aucun,Pas de traitement,0.0,0.0,0.0,0.0,0.7808695652173914
XPW0261,ISAC_V1,20 à 40,1,11.0,regionA,1,1,Aucun,0,Aucun,0,Aucun,Dupilumab,0.0,3.8462857142857145,3.8590909090909093,0.024,42.59391304347826
XPW0262,ISAC_V1,40 à 60,1,11.0,regionA,0,1,Non renseigné,0,Aucun,0,Aucun,Dupilumab,2.571818181818182,0.020285714285714285,2.3454545454545457,0.07200000000000001,0.0
XPW0263,ISAC_V1,40 à 60,1,11.0,regionA,1,1,Aucun,0,20 ans et plus,1,Effort/Activité sportive,Pas de traitement,0.0,0.0,0.0,0.0,0.035652173913043476
XPW0264,ISAC_V1,40 à 60,1,11.0,regionA,0,1,Aucun,1,Aucun,0,Aucun,Dupilumab,0.0,0.12914285714285714,3.271818181818182,1.4520000000000002,5.501739130434783
XPW0265,ISAC_V1,40 à 60,1,11.0,regionA,1,0,Aucun,0,Aucun,0,Aucun,Pas de traitement,0.0,0.0,0.0,0.0,0.0
XPW0266,ISAC_V1,40 à 60,0,11.0,regionA,0,1,Aucun,1,Aucun,0,Aucun,Pas de traitement,0.07909090909090909,0.37057142857142855,1.6527272727272726,0.44133333333333336,3.026521739130435
XPW0267,ISAC_V1,10 à 20,0,11.0,regionB,0,1,Anti-H1 voie générale,1,0 - 2 ans,1,Effort/Activité sportive,Dupilumab,26.018181818181816,1.451142857142857,1.7909090909090912,0.0,11.253043478260869
XPW0268,ISAC_V1,40 à 60,1,11.0,regionA,1,1,Aucun,1,Non renseigné,0,Aucun,Dupilumab,6.350909090909091,2.4937142857142858,10.434545454545455,0.4146666666666667,12.87
XPW0269,ISAC_V1,20 à 40,0,11.0,regionA,0,0,Aucun,0,Aucun,0,Aucun,Pas de traitement,0.0,0.0,0.0,0.0,0.0
XPW0270,ISAC_V1,20 à 40,0,11.0,regionA,1,1,Aucun,0,Aucun,0,Aucun,Non renseigné,4.332727272727272,0.0,0.0,0.0,0.09478260869565217
XPW0271,ISAC_V1,60 à Plus,0,11.0,regionA,1,1,Aucun,0,Aucun,0,Aucun,Pas de traitement,0.0,0.0,0.0,0.0,3.4221739130434785
XPW0272,ISAC_V1,20 à 40,1,11.0,regionA,1,1,Aucun,0,Aucun,0,Aucun,Pas de traitement,0.8881818181818182,0.023714285714285716,0.0,0.7546666666666667,0.9626086956521739
XPW0273,ISAC_V1,20 à 40,0,11.0,regionA,1,1,"Anti-H1, voie locale",1,Aucun,0,Aucun,Dupilumab,11.555454545454545,0.0,5.150909090909091,0.0,1.6030434782608698
XPW0274,ISAC_V1,0 à 10,0,12.0,regionA,1,0,Aucun,0,Aucun,0,Aucun,Non renseigné,0.0,0.0,0.0,0.0,0.0
XPW0275,ISAC_V1,40 à 60,1,12.0,regionA,0,1,Aucun,1,Aucun,0,Aucun,Dupilumab,50.054545454545455,0.10285714285714286,10.198181818181817,0.7313333333333334,12.166521739130435
XPW0276,ISAC_V1,20 à 40,1,12.0,regionA,1,1,Aucun,0,Aucun,0,Aucun,Dupilumab,18.004545454545454,1.8614285714285717,9.182727272727272,2.2060000000000004,18.414782608695653
XPW0277,ISAC_V1,40 à 60,1,12.0,regionA,1,1,Aucun,0,Aucun,0,Aucun,Dupilumab,47.37,3.984285714285714,0.0,0.0,1.3813043478260871
XPW0278,ISAC_V1,60 à Plus,0,12.0,regionA,0,1,Non renseigné,1,Aucun,0,Aucun,Pas de traitement,0.0,0.0,0.0,0.0,0.03347826086956522
XPW0279,ISAC_V1,10 à 20,1,12.0,regionA,1,1,Anti-H1 voie générale,1,Aucun,0,Aucun,Pas de traitement,0.0,1.4817142857142858,0.17636363636363636,3.79,8.64086956521739
XPW0280,ISAC_V1,40 à 60,1,12.0,regionA,1,1,Aucun,0,Non renseigné,0,Aucun,Dupilumab,95.7,7.263714285714285,0.0,5.588666666666667,25.187826086956523
XPW0281,ISAC_V1,40 à 60,0,12.0,regionA,0,0,Aucun,0,Aucun,0,Aucun,Pas de traitement,0.0,0.0,0.0,0.0,0.0
XPW0282,ISAC_V1,10 à 20,1,12.0,regionA,0,1,Aucun,0,Aucun,0,Aucun,Pas de traitement,2.090909090909091,0.0,0.0,0.0,0.0
XPW0283,ISAC_V1,10 à 20,0,12.0,regionA,0,1,Anti-H1 voie générale,0,0 - 2 ans,1,Aucun,Pas de traitement,14.906363636363636,3.1148571428571428,12.319090909090908,1.1926666666666668,43.13434782608696
XPW0284,ISAC_V1,60 à Plus,1,12.0,regionA,1,0,Anti-H1 voie générale,0,Non renseigné,0,Aucun,Dupilumab,0.0,0.0,0.0,0.0,0.0
XPW0285,ISAC_V1,40 à 60,0,1.0,regionA,0,1,"Anti-H1, voie locale",0,Aucun,0,Aucun,Dupilumab,49.36636363636364,1.2414285714285715,3.4763636363636365,0.8733333333333333,5.956521739130435
XPW0286,ISAC_V1,20 à 40,1,1.0,regionA,0,1,Aucun,1,Aucun,0,Aucun,Pas de traitement,5.147272727272727,0.0,0.03636363636363637,0.0,0.041304347826086954
XPW0287,ISAC_V1,20 à 40,0,1.0,regionA,0,1,Non renseigné,0,Aucun,0,Aucun,Pas de traitement,0.0,0.0,0.0,0.0,0.3417391304347826
XPW0288,ISAC_V1,40 à 60,0,2.0,regionA,1,0,Anti-H1 voie générale,1,Aucun,0,Aucun,Pas de traitement,0.0,0.0,0.0,0.0,0.0
XPW0289,ISAC_V1,10 à 20,0,2.0,regionA,0,1,Anti-H1 voie générale,1,Non renseigné,1,Effort/Activité sportive,Dupilumab,8.45,0.11171428571428571,6.472727272727273,0.17666666666666667,1.362608695652174
XPW0290,ISAC_V1,20 à 40,1,2.0,regionA,1,1,Aucun,0,Aucun,0,Aucun,Dupilumab,0.0,3.843142857142857,6.109090909090909,0.021333333333333333,32.404347826086955
XPW0291,ISAC_V1,20 à 40,1,3.0,regionA,1,1,Anti-H1 voie générale,0,Aucun,0,Aucun,Dupilumab,38.833636363636366,0.21285714285714286,27.905454545454543,0.04066666666666666,1.2426086956521738
XPW0292,ISAC_V1,10 à 20,0,3.0,regionB,0,1,Anti-H1 voie générale,1,0 - 2 ans,1,Effort/Activité sportive,Dupilumab,15.12909090909091,0.9305714285714286,1.0645454545454547,0.0,6.311739130434782
XPW0293,ISAC_V1,40 à 60,1,3.0,regionA,0,1,Aucun,1,Aucun,0,Aucun,Dupilumab,0.0,0.039428571428571424,1.7236363636363636,0.7653333333333333,2.930869565217391
XPW0294,ISAC_V1,40 à 60,1,3.0,regionA,1,1,Aucun,1,Non renseigné,0,Aucun,Dupilumab,4.871818181818182,2.133142857142857,9.34909090909091,0.464,9.89304347826087
XPW0295,ISAC_V1,0 à 10,1,4.0,regionA,0,1,Aucun,0,Non renseigné,1,Aucun,Pas de traitement,0.38636363636363635,0.017142857142857144,0.13,0.0,0.0
XPW0296,ISAC_V1,20 à 40,1,4.0,regionA,1,1,Anti-H1 voie générale,0,2 - 3 ans,1,Effort/Activité sportive,Pas de traitement,8.631818181818183,2.9339999999999997,6.171818181818182,3.2106666666666666,9.099130434782609
XPW0297,ISAC_V1,60 à Plus,0,4.0,regionA,0,1,Anti-H1 voie générale,1,Non renseigné,0,Aucun,Pas de traitement,0.0,0.0,0.0,6.765333333333333,0.0
XPW0298,ISAC_V1,20 à 40,0,4.0,regionA,0,1,Anti-H1 + CS,0,Aucun,0,Aucun,Pas de traitement,0.0,0.08342857142857142,9.314545454545454,0.0,9.322608695652173
XPW0299,ISAC_V1,60 à Plus,0,4.0,regionA,1,1,Aucun,1,Aucun,0,Aucun,Dupilumab,43.34909090909091,0.6534285714285714,3.3818181818181823,0.37533333333333335,7.169130434782608
XPW0300,ISAC_V1,10 à 20,1,4.0,regionA,1,1,Anti-H1 + CS,1,Non renseigné,1,Aucun,Pas de traitement,27.064545454545456,0.9022857142857142,0.8927272727272727,0.6213333333333334,3.6969565217391307
XPW0301,ISAC_V1,20 à 40,1,4.0,regionA,1,1,Anti-H1 + CS,0,Aucun,0,Aucun,Dupilumab,6.397272727272727,0.5188571428571429,5.01,0.8166666666666667,7.605652173913044
XPW0302,ISAC_V1,10 à 20,0,4.0,regionA,0,1,Anti-H1 voie générale,1,Non renseigné,0,Aucun,Pas de traitement,1.4581818181818185,1.6365714285714286,0.27090909090909093,2.1166666666666667,13.445217391304348
XPW0303,ISAC_V1,40 à 60,0,5.0,regionA,0,1,Aucun,0,Aucun,0,Aucun,Dupilumab,34.408181818181816,0.5631428571428572,2.0145454545454546,0.414,3.6456521739130436
XPW0304,ISAC_V1,40 à 60,0,5.0,regionA,1,1,Non renseigné,0,20 ans et plus,0,Aucun,Pas de traitement,0.0,0.0,0.0,0.0,1.827391304347826
XPW0305,ISAC_V1,20 à 40,0,2.0,regionA,0,1,Non renseigné,0,20 ans et plus,1,Aucun,Non renseigné,0.0,0.5425714285714286,0.0,0.20266666666666666,1.7043478260869567
XPW0306,ISAC_V1,20 à 40,0,2.0,regionA,0,1,Non renseigné,0,20 ans et plus,1,Aucun,Non renseigné,0.49454545454545457,0.0,0.0,0.0,0.0891304347826087
XPW0307,ISAC_V1,40 à 60,0,2.0,regionA,0,1,Non renseigné,0,20 ans et plus,1,Effort/Activité sportive,Non renseigné,0.3972727272727272,0.0,0.17,0.025333333333333333,0.5843478260869565
XPW0308,ISAC_V1,20 à 40,1,2.0,regionA,0,1,Anti-H1 voie générale,0,20 ans et plus,0,Aucun,Non renseigné,0.0,1.602,0.0,0.3093333333333333,10.41304347826087
XPW0309,ISAC_V1,40 à 60,0,2.0,regionA,0,1,Non renseigné,0,20 ans et plus,0,Aucun,Non renseigné,5.54,0.2631428571428571,0.7372727272727272,0.0,3.847391304347826
XPW0310,ISAC_V1,20 à 40,0,3.0,regionA,0,1,Non renseigné,0,20 ans et plus,0,Aucun,Non renseigné,0.0,0.014571428571428572,0.023636363636363636,0.0,0.1391304347826087
XPW0311,ISAC_V1,60 à Plus,0,2.0,regionA,0,1,Anti-H1 + CS,1,20 ans et plus,1,Aucun,Non renseigné,0.0,0.6742857142857143,0.0,0.0,2.137391304347826
XPW0312,ISAC_V1,10 à 20,1,3.0,regionA,0,1,Anti-H1 + CS,1,3 - 10 ans,0,Aucun,Non renseigné,0.0,0.05,0.0,1.008,1.6295652173913042
XPW0313,ISAC_V1,0 à 10,1,3.0,regionA,0,1,Anti-H1 + CS,1,Non renseigné,0,Aucun,Non renseigné,53.3890909090909,0.2848571428571428,0.4327272727272727,0.3333333333333333,0.648695652173913
XPW0314,ISAC_V1,10 à 20,0,3.0,regionA,0,1,Non renseigné,0,Non renseigné,0,Aucun,Non renseigné,0.16090909090909092,0.2957142857142857,0.0,0.058666666666666666,6.432173913043478
XPW0315,ISAC_V1,20 à 40,0,3.0,regionA,0,1,Anti-H1 + CS,1,Non renseigné,0,Aucun,Non renseigné,0.0,0.03314285714285714,0.0,0.0,0.9543478260869565
XPW0316,ISAC_V1,20 à 40,0,3.0,regionA,0,1,Non renseigné,0,Non renseigné,1,Aucun,Non renseigné,0.0,0.12485714285714286,0.0,0.0,0.8247826086956521
XPW0317,ISAC_V1,10 à 20,1,3.0,regionA,0,1,Non renseigné,1,Non renseigné,0,Aucun,Non renseigné,0.7281818181818182,0.0,0.09181818181818181,0.0,1.6934782608695653
XPW0318,ISAC_V1,0 à 10,0,3.0,regionA,0,1,Non renseigné,0,0 - 2 ans,1,Aucun,Non renseigné,0.0,0.019714285714285712,0.0,0.0,0.1873913043478261
XPW0319,ISAC_V1,20 à 40,0,3.0,regionA,0,1,Non renseigné,1,20 ans et plus,0,Aucun,Non renseigné,5.477272727272727,0.9102857142857143,3.8181818181818183,0.8893333333333333,0.1656521739130435
XPW0320,ISAC_V1,0 à 10,1,3.0,regionA,0,1,Non renseigné,0,Non renseigné,0,Aucun,Non renseigné,14.247272727272728,0.6511428571428571,0.13727272727272724,0.0,0.13478260869565215
XPW0321,ISAC_V1,0 à 10,1,3.0,regionB,0,1,Non renseigné,0,0 - 2 ans,1,Aucun,Non renseigné,0.0,0.3882857142857143,0.9481818181818181,0.0,0.0
XPW0322,ISAC_V1,20 à 40,1,3.0,regionA,0,1,Aucun,0,Aucun,0,Aucun,Pas de traitement,0.0,0.01742857142857143,0.0,0.0,0.049565217391304345
XPW0323,ISAC_V1,20 à 40,0,3.0,regionA,0,1,Anti-H1 + CS,0,Non renseigné,1,Aucun,Pas de traitement,0.0,0.0,4.096363636363636,0.0,3.993913043478261
XPW0324,ISAC_V1,20 à 40,0,3.0,regionA,0,1,Non renseigné,1,20 ans et plus,1,Aucun,Non renseigné,31.14454545454545,0.0,0.7745454545454545,0.0,0.30869565217391304
XPW0325,ISAC_V1,40 à 60,0,4.0,regionA,0,1,Aucun,0,20 ans et plus,1,Effort/Activité sportive,Pas de traitement,1.8854545454545453,0.9168571428571427,0.23727272727272727,0.8306666666666668,9.139565217391304
XPW0326,ISAC_V1,20 à 40,1,4.0,regionA,0,1,"Anti-H1, voie locale",0,20 ans et plus,1,Aucun,Pas de traitement,0.0,0.14142857142857143,0.0,0.0,0.19695652173913042
XPW0327,ISAC_V1,10 à 20,1,4.0,regionA,0,1,Anti-H1 voie générale,0,Non renseigné,0,Aucun,Pas de traitement,0.0,0.5851428571428572,11.183636363636365,0.0,22.614782608695652
XPW0328,ISAC_V1,20 à 40,0,4.0,regionA,0,1,Non renseigné,0,20 ans et plus,1,Aucun,Non renseigné,0.06454545454545454,0.11142857142857143,0.0,0.0,0.07869565217391304
XPW0329,ISAC_V1,60 à Plus,1,5.0,regionA,0,1,Non renseigné,1,Non renseigné,0,Aucun,Non renseigné,5.540909090909091,0.2962857142857143,1.6627272727272726,3.2,2.5769565217391306
XPW0330,ISAC_V1,10 à 20,1,5.0,regionA,0,1,Anti-H1 voie générale,1,Non renseigné,0,Aucun,Non renseigné,0.0,1.762857142857143,2.3572727272727274,1.0193333333333332,14.794347826086955
XPW0331,ISAC_V1,0 à 10,1,5.0,regionA,0,1,Non renseigné,0,3 - 10 ans,1,Aucun,Non renseigné,0.0,0.02,0.0,0.0,0.48130434782608694
XPW0332,ISAC_V1,10 à 20,1,5.0,regionA,0,1,Non renseigné,1,Non renseigné,1,Aucun,Non renseigné,0.3309090909090909,0.3962857142857143,0.5427272727272727,0.17933333333333332,3.8834782608695657
XPW0333,ISAC_V1,10 à 20,0,5.0,regionA,0,1,Non renseigné,0,Non renseigné,1,Aucun,Non renseigné,0.05272727272727273,0.013142857142857144,0.0,0.43466666666666665,0.8234782608695651
XPW0334,ISAC_V1,0 à 10,1,5.0,regionA,0,1,Anti-H1 voie générale,0,Non renseigné,1,Effort/Activité sportive,Non renseigné,0.0,0.0,0.0,0.0,0.93
XPW0335,ISAC_V1,0 à 10,1,5.0,regionA,0,1,Non renseigné,0,Non renseigné,0,Aucun,Non renseigné,17.060909090909092,4.057428571428571,2.2836363636363637,0.0,0.1826086956521739
XPW0336,ISAC_V1,20 à 40,1,5.0,regionA,0,1,Non renseigné,0,20 ans et plus,1,Aucun,Non renseigné,0.07272727272727274,0.05342857142857143,0.0,0.0,0.7347826086956522
XPW0337,ISAC_V1,0 à 10,0,5.0,regionA,0,1,Non renseigné,0,Non renseigné,1,Aucun,Non renseigné,1.2354545454545454,3.0342857142857143,0.0,0.332,0.0
XPW0338,ISAC_V1,0 à 10,1,5.0,regionA,0,1,Anti-H1 + CS,1,0 - 2 ans,1,Aucun,Non renseigné,11.139999999999999,3.1991428571428573,0.060000000000000005,0.0,1.07
XPW0339,ISAC_V1,10 à 20,1,5.0,regionA,0,1,Non renseigné,1,Non renseigné,0,Aucun,Non renseigné,4.015454545454546,0.7131428571428572,0.950909090909091,0.0,6.223478260869566
XPW0340,ISAC_V1,10 à 20,0,5.0,regionA,0,1,Aucun,0,Non renseigné,0,Aucun,Non renseigné,1.6736363636363636,0.0,0.6954545454545454,0.17600000000000002,5.281304347826087
XPW0341,ISAC_V1,10 à 20,0,5.0,regionA,0,1,Non renseigné,1,0 - 2 ans,1,Aucun,Non renseigné,0.0,1.4165714285714286,0.0,0.0,2.1830434782608696
XPW0342,ISAC_V1,20 à 40,0,5.0,regionA,0,1,Non renseigné,0,Non renseigné,0,Aucun,Non renseigné,0.37545454545454543,0.22971428571428568,0.4318181818181818,0.0,2.0760869565217392
XPW0343,ISAC_V1,20 à 40,1,5.0,regionA,0,1,Anti-H1 voie générale,1,Non renseigné,1,Aucun,Non renseigné,2.93,0.06085714285714285,3.0599999999999996,0.0,2.7552173913043476
XPW0344,ISAC_V1,20 à 40,0,5.0,regionA,0,1,Anti-H1 voie générale,0,Non renseigné,1,Effort/Activité sportive,Non renseigné,0.0,0.20257142857142857,0.33272727272727276,0.0,2.45695652173913
XPW0345,ISAC_V1,10 à 20,0,5.0,regionA,0,1,Non renseigné,0,Non renseigné,0,Aucun,Non renseigné,0.0,0.11857142857142858,0.0,0.0,0.0
XPW0346,ISAC_V1,10 à 20,1,6.0,regionA,0,1,Anti-H1 voie générale,1,Non renseigné,0,Aucun,Non renseigné,19.954545454545453,0.22285714285714286,1.8445454545454545,0.0,5.6499999999999995
XPW0347,ISAC_V1,20 à 40,0,6.0,regionA,0,1,Non renseigné,1,Non renseigné,1,Aucun,Pas de traitement,0.23727272727272727,0.03685714285714286,0.3090909090909091,0.0,4.490434782608696
XPW0348,ISAC_V1,20 à 40,1,6.0,regionA,0,1,Anti-H1 voie générale,0,Non renseigné,1,Effort/Activité sportive,Dermocorticoïdes,0.0,0.4642857142857143,0.0,0.12066666666666667,21.929565217391303
XPW0349,ISAC_V1,10 à 20,1,6.0,regionA,0,1,Non renseigné,1,Non renseigné,1,Aucun,Non renseigné,27.53818181818182,0.8834285714285715,3.7209090909090907,0.0,6.801304347826087
XPW0350,ISAC_V1,0 à 10,1,6.0,regionA,1,1,Anti-H1 voie générale,0,3 - 10 ans,1,Aucun,Non renseigné,0.0,0.01542857142857143,0.05090909090909091,0.0,2.106521739130435
XPW0351,ISAC_V1,10 à 20,0,6.0,regionA,0,1,Anti-H1 voie générale,1,10 - 20 ans,0,Aucun,Non renseigné,0.1309090909090909,0.022857142857142857,0.20454545454545456,0.732,0.721304347826087
XPW0352,ISAC_V1,10 à 20,0,6.0,regionA,0,1,Non renseigné,1,Non renseigné,0,Aucun,Pas de traitement,0.0,0.0,0.28363636363636363,0.02666666666666667,0.0
XPW0353,ISAC_V1,20 à 40,0,6.0,regionA,0,1,Anti-H1 voie générale,1,Non renseigné,0,Aucun,Dermocorticoïdes,55.093636363636364,5.792,23.653636363636362,0.0,32.65304347826087
XPW0354,ISAC_V1,0 à 10,1,7.0,regionA,0,1,Non renseigné,0,Non renseigné,0,Aucun,Non renseigné,0.0,0.12914285714285714,0.0,0.0,1.9226086956521742
XPW0355,ISAC_V1,10 à 20,0,7.0,regionA,0,1,Non renseigné,0,Non renseigné,0,Aucun,Non renseigné,0.22272727272727275,0.9719999999999999,0.35545454545454547,0.07400000000000001,14.888695652173913
XPW0356,ISAC_V1,40 à 60,1,7.0,regionA,0,1,Non renseigné,0,Non renseigné,0,Aucun,Non renseigné,21.35363636363636,0.238,0.6763636363636364,0.5446666666666666,2.690434782608696
XPW0357,ISAC_V1,20 à 40,1,7.0,regionA,0,1,Non renseigné,0,Non renseigné,0,Aucun,Non renseigné,0.0,0.14114285714285715,3.708181818181818,0.0,4.5343478260869565
XPW0358,ISAC_V1,10 à 20,1,7.0,regionA,0,1,Non renseigné,0,Non renseigné,0,Aucun,Non renseigné,0.0,0.0,0.0,0.0,19.32086956521739
XPW0359,ISAC_V1,60 à Plus,1,7.0,regionA,0,1,Non renseigné,0,Non renseigné,0,Aucun,Non renseigné,0.0,0.0,0.0,0.08600000000000001,0.0
XPW0360,ISAC_V1,40 à 60,1,7.0,regionA,0,1,Non renseigné,0,Non renseigné,0,Aucun,Non renseigné,32.559999999999995,3.21,0.13454545454545455,2.6,0.7973913043478261
XPW0361,ISAC_V1,40 à 60,1,7.0,regionA,0,1,Non renseigné,0,Non renseigné,0,Aucun,Non renseigné,0.0,0.0,0.0,0.0,1.07
XPW0362,ISAC_V1,40 à 60,0,7.0,regionA,0,1,Non renseigné,0,Non renseigné,0,Aucun,Non renseigné,1.041818181818182,0.0,0.41363636363636364,0.6853333333333332,0.034782608695652174
XPW0363,ISAC_V1,20 à 40,0,7.0,regionA,0,1,Non renseigné,0,Non renseigné,0,Aucun,Non renseigné,0.0,0.26971428571428574,0.0,0.0,4.2013043478260865
XPW0364,ISAC_V1,40 à 60,0,7.0,regionA,0,1,Non renseigné,0,Non renseigné,0,Aucun,Non renseigné,2.811818181818182,2.210571428571429,23.621818181818185,1.6633333333333333,21.316086956521737
XPW0365,ISAC_V1,20 à 40,1,8.0,regionA,0,1,Non renseigné,0,Non renseigné,0,Aucun,Non renseigné,1.079090909090909,0.0,0.0,0.0,2.866521739130435
XPW0366,ISAC_V1,0 à 10,0,8.0,regionA,0,1,Non renseigné,0,Non renseigné,0,Aucun,Non renseigné,10.422727272727274,3.9345714285714286,5.666363636363637,0.10533333333333333,1.3530434782608696
XPW0367,ISAC_V1,20 à 40,0,8.0,regionA,0,1,Non renseigné,0,Non renseigné,0,Aucun,Non renseigné,0.0,0.312,0.0,0.0,1.3817391304347826
XPW0368,ISAC_V1,20 à 40,0,8.0,regionA,0,1,Non renseigné,0,Non renseigné,0,Aucun,Non renseigné,0.6972727272727273,0.5562857142857143,0.8854545454545455,0.0,10.988695652173913
XPW0369,ISAC_V1,40 à 60,1,8.0,regionA,0,1,Non renseigné,0,Non renseigné,0,Aucun,Non renseigné,0.5718181818181818,0.0,0.0,0.0,1.5730434782608695
XPW0370,ISAC_V1,10 à 20,0,8.0,regionA,0,1,Non renseigné,0,Non renseigné,0,Aucun,Non renseigné,0.0,4.168857142857143,0.0,0.0,20.93130434782609
XPW0371,ISAC_V1,10 à 20,0,8.0,regionA,0,1,Non renseigné,0,Non renseigné,0,Aucun,Non renseigné,0.0,0.0,0.0,0.0,0.0
XPW0372,ISAC_V1,0 à 10,1,8.0,regionA,0,1,Non renseigné,0,Non renseigné,0,Aucun,Non renseigné,0.0,0.019714285714285712,0.0,0.0,17.06826086956522
XPW0373,ISAC_V1,40 à 60,0,8.0,regionA,0,1,Non renseigné,0,Non renseigné,0,Aucun,Non renseigné,3.5763636363636366,0.0,0.15727272727272726,0.0,2.991739130434783
XPW0374,ISAC_V1,20 à 40,0,9.0,regionA,0,1,Non renseigné,0,Non renseigné,0,Aucun,Non renseigné,0.0,0.45371428571428574,0.0,0.0,3.2804347826086957
XPW0375,ISAC_V1,0 à 10,0,9.0,regionA,0,1,Non renseigné,0,Non renseigné,0,Aucun,Non renseigné,0.026363636363636363,2.7502857142857144,0.25363636363636366,0.0,15.111304347826087
XPW0376,ISAC_V1,10 à 20,0,9.0,regionA,0,1,Non renseigné,0,Non renseigné,0,Aucun,Non renseigné,0.0,1.0877142857142856,0.12818181818181817,0.0,21.34695652173913
XPW0377,ISAC_V1,10 à 20,0,9.0,regionA,0,1,Non renseigné,0,Non renseigné,0,Aucun,Non renseigné,0.0,0.0,0.0,0.08466666666666667,0.02956521739130435
XPW0378,ISAC_V1,0 à 10,1,9.0,regionA,0,1,Non renseigné,0,Non renseigné,0,Aucun,Non renseigné,0.0,0.6834285714285714,0.0,0.0,5.9747826086956515
XPW0379,ISAC_V1,0 à 10,0,9.0,regionA,0,1,Non renseigné,0,Non renseigné,0,Aucun,Non renseigné,0.0,0.053714285714285714,0.0,0.0,0.0
XPW0380,ISAC_V1,20 à 40,1,9.0,regionA,0,1,Non renseigné,0,Non renseigné,0,Aucun,Non renseigné,0.0,0.7725714285714286,0.0,0.0,2.6660869565217395
XPW0381,ISAC_V1,0 à 10,1,9.0,regionA,1,1,Non renseigné,0,Non renseigné,0,Aucun,Non renseigné,0.0,0.710857142857143,0.0,0.0,0.26260869565217393
XPW0382,ISAC_V1,10 à 20,0,9.0,regionA,0,1,Non renseigné,0,Non renseigné,0,Aucun,Non renseigné,0.06090909090909091,0.12428571428571428,0.14,0.83,18.587391304347825
XPW0383,ISAC_V1,20 à 40,0,9.0,regionA,0,1,Non renseigné,0,Non renseigné,0,Aucun,Non renseigné,11.458181818181817,1.3914285714285715,3.3318181818181816,1.966,0.013478260869565217
XPW0384,ISAC_V1,20 à 40,0,10.0,regionA,0,1,Non renseigné,0,Non renseigné,0,Aucun,Non renseigné,0.0,0.1397142857142857,0.6763636363636364,0.0,5.033913043478261
XPW0385,ISAC_V1,0 à 10,0,10.0,regionA,0,1,Non renseigné,0,Non renseigné,0,Aucun,Non renseigné,0.0,0.7242857142857143,5.213636363636364,0.0,0.29
XPW0386,ISAC_V1,40 à 60,0,10.0,regionA,0,1,Non renseigné,0,Non renseigné,0,Aucun,Non renseigné,0.0,0.0,0.0,0.0,0.03434782608695652
XPW0387,ISAC_V1,10 à 20,1,10.0,regionA,0,1,Non renseigné,0,Non renseigné,0,Aucun,Non renseigné,0.015454545454545455,0.2785714285714286,0.04363636363636363,4.510000000000001,1.713913043478261
XPW0388,ISAC_V1,20 à 40,1,10.0,regionA,0,1,Non renseigné,0,Non renseigné,0,Aucun,Non renseigné,0.3309090909090909,0.017142857142857144,0.17545454545454545,0.012,0.29347826086956524
XPW0389,ISAC_V1,10 à 20,0,10.0,regionA,0,1,Non renseigné,0,Non renseigné,0,Aucun,Non renseigné,0.20454545454545456,0.13257142857142856,0.0,1.536,1.0252173913043479
XPW0390,ISAC_V1,40 à 60,1,10.0,regionA,0,1,Non renseigné,0,Non renseigné,0,Aucun,Non renseigné,25.19909090909091,2.3382857142857145,13.582727272727272,3.1453333333333333,7.615652173913043
XPW0391,ISAC_V1,10 à 20,1,10.0,regionA,0,1,Non renseigné,0,Non renseigné,0,Aucun,Non renseigné,1.6,0.39485714285714285,0.24363636363636365,2.766,0.9495652173913044
XPW0392,ISAC_V1,20 à 40,1,10.0,regionA,0,1,Non renseigné,0,Non renseigné,0,Aucun,Non renseigné,2.840909090909091,0.34485714285714286,1.0345454545454544,0.6906666666666667,3.276521739130435
XPW0393,ISAC_V1,0 à 10,0,10.0,regionA,0,1,Non renseigné,0,Non renseigné,0,Aucun,Non renseigné,0.0,0.04171428571428571,0.10818181818181817,0.42933333333333334,0.0
XPW0394,ISAC_V1,20 à 40,0,10.0,regionA,0,1,Non renseigné,0,Non renseigné,0,Aucun,Non renseigné,0.0,0.13771428571428573,0.10090909090909092,0.0,5.374347826086956
XPW0395,ISAC_V1,20 à 40,0,11.0,regionA,0,1,Non renseigné,0,Non renseigné,0,Aucun,Non renseigné,2.2072727272727275,0.264,0.0,0.38,0.13956521739130434
XPW0396,ISAC_V1,0 à 10,1,11.0,regionA,0,1,Non renseigné,0,Non renseigné,0,Aucun,Non renseigné,34.585454545454546,7.853714285714285,6.281818181818181,0.0,13.020869565217392
XPW0397,ISAC_V1,10 à 20,1,11.0,regionA,0,1,Non renseigné,0,Non renseigné,0,Aucun,Non renseigné,30.360909090909093,4.273428571428571,16.35818181818182,1.9546666666666668,13.569565217391306
XPW0398,ISAC_V1,40 à 60,1,11.0,regionA,0,1,Non renseigné,0,Non renseigné,0,Aucun,Non renseigné,1.831818181818182,0.018857142857142857,0.0,0.0,1.2173913043478262
XPW0399,ISAC_V1,20 à 40,0,11.0,regionA,0,1,Non renseigné,0,Non renseigné,0,Aucun,Non renseigné,7.058181818181817,0.0,0.9654545454545453,0.0,0.10478260869565217
XPW0400,ISAC_V1,0 à 10,1,11.0,regionA,0,1,Non renseigné,0,Non renseigné,0,Aucun,Non renseigné,12.204545454545455,0.13685714285714287,0.2736363636363636,0.8019999999999999,1.7334782608695654
XPW0401,ISAC_V1,10 à 20,1,11.0,regionA,0,1,Non renseigné,0,Non renseigné,0,Aucun,Non renseigné,0.19363636363636363,0.04228571428571429,0.03272727272727272,1.858,4.522173913043479
XPW0402,ISAC_V1,20 à 40,0,11.0,regionA,0,1,Non renseigné,0,Non renseigné,0,Aucun,Non renseigné,4.632727272727273,0.0,0.04454545454545455,0.0,0.041739130434782605
XPW0403,ISAC_V1,0 à 10,1,11.0,regionA,0,1,Non renseigné,0,Non renseigné,0,Aucun,Non renseigné,0.060909090909090906,4.0362857142857145,0.0,0.0,10.704347826086956
XPW0404,ISAC_V1,20 à 40,0,11.0,regionA,0,1,Non renseigné,0,Non renseigné,0,Aucun,Non renseigné,0.0,0.0,0.0,0.0,1.0121739130434784
XPW0405,ISAC_V1,20 à 40,1,12.0,regionA,0,1,Non renseigné,0,Non renseigné,0,Aucun,Non renseigné,29.44545454545454,0.20628571428571427,4.827272727272727,0.0,3.174782608695652
XPW0406,ISAC_V1,20 à 40,0,12.0,regionA,0,1,Non renseigné,0,Non renseigné,0,Aucun,Non renseigné,8.57,0.009428571428571429,0.11272727272727273,0.3446666666666667,0.1217391304347826
XPW0407,ISAC_V1,20 à 40,0,12.0,regionA,0,1,Non renseigné,0,Non renseigné,0,Aucun,Non renseigné,0.0,0.5205714285714286,0.0,0.0,0.16695652173913042
XPW0408,ISAC_V1,10 à 20,1,12.0,regionA,0,1,Non renseigné,0,Non renseigné,0,Aucun,Non renseigné,5.7272727272727275,0.5225714285714286,1.470909090909091,0.0,2.536521739130435
XPW0409,ISAC_V1,20 à 40,0,12.0,regionA,0,1,Non renseigné,0,Non renseigné,0,Aucun,Non renseigné,4.827272727272727,0.03942857142857143,2.1572727272727272,0.0,0.29304347826086957
XPW0410,ISAC_V1,0 à 10,0,12.0,regionA,0,1,Non renseigné,0,Non renseigné,0,Aucun,Non renseigné,17.824545454545454,2.675142857142857,0.017272727272727273,0.4906666666666667,15.049999999999999
XPW0411,ISAC_V1,40 à 60,1,12.0,regionA,0,1,Non renseigné,0,Non renseigné,0,Aucun,Non renseigné,2.7745454545454544,0.0,0.0,0.0,0.09521739130434782
XPW0412,ISAC_V1,10 à 20,0,12.0,regionA,0,1,Non renseigné,0,Non renseigné,0,Aucun,Non renseigné,10.355454545454545,1.5211428571428571,1.2127272727272729,0.0,10.669130434782607
XPW0413,ISAC_V1,20 à 40,0,12.0,regionA,0,1,Non renseigné,0,Non renseigné,0,Aucun,Non renseigné,0.3963636363636363,0.09685714285714286,0.0,2.246,0.0
XPW0414,ISAC_V1,20 à 40,0,12.0,regionA,0,1,Non renseigné,0,Non renseigné,0,Aucun,Non renseigné,4.488181818181818,0.05742857142857142,0.02,0.0,0.3765217391304348
XPW0415,ISAC_V1,20 à 40,0,12.0,regionA,0,1,Non renseigné,0,Non renseigné,0,Aucun,Non renseigné,0.0,0.0,0.10636363636363635,0.03133333333333334,0.17695652173913046
XPW0416,ISAC_V1,0 à 10,1,12.0,regionA,0,1,Non renseigné,0,Non renseigné,0,Aucun,Non renseigné,9.456363636363635,0.0757142857142857,1.7963636363636362,0.152,0.11260869565217392
XPW0417,ISAC_V1,40 à 60,0,12.0,regionA,0,1,Non renseigné,0,Non renseigné,0,Aucun,Non renseigné,0.20181818181818184,0.026285714285714284,0.038181818181818185,0.0,0.8282608695652174
XPW0418,ISAC_V1,40 à 60,1,12.0,regionA,0,1,Non renseigné,0,Non renseigné,0,Aucun,Non renseigné,0.0,0.0,0.0,0.02733333333333333,0.12304347826086957
XPW0419,ISAC_V1,10 à 20,1,12.0,regionA,0,1,Non renseigné,0,Non renseigné,0,Aucun,Non renseigné,16.318181818181817,0.5271428571428571,6.010909090909092,0.006666666666666667,4.683478260869565
XPW0420,ISAC_V1,0 à 10,1,12.0,regionA,0,1,Non renseigné,0,Non renseigné,0,Aucun,Non renseigné,0.0,0.044,0.014545454545454545,0.007333333333333333,0.0
XPW0421,ISAC_V1,10 à 20,1,12.0,regionA,0,1,Non renseigné,0,Non renseigné,0,Aucun,Non renseigné,12.069090909090908,0.48999999999999994,0.7036363636363636,0.008,0.041304347826086954
XPW0422,ISAC_V1,0 à 10,1,12.0,regionA,0,1,Non renseigné,0,Non renseigné,0,Aucun,Non renseigné,0.0,0.4502857142857143,5.469090909090909,0.0,0.5430434782608695
XPW0423,ISAC_V1,20 à 40,1,12.0,regionA,0,1,Non renseigné,0,Non renseigné,0,Aucun,Non renseigné,0.16454545454545455,0.0,0.0,0.0,0.0
XPW0424,ISAC_V1,0 à 10,0,12.0,regionA,0,1,Non renseigné,0,Non renseigné,0,Aucun,Non renseigné,2.7627272727272727,0.186,0.0,0.07666666666666666,0.009565217391304347
XPW0425,ISAC_V1,0 à 10,0,1.0,regionA,0,1,Non renseigné,0,Non renseigné,0,Aucun,Non renseigné,2.433636363636364,0.3202857142857143,1.3854545454545455,0.0,6.078260869565218
XPW0426,ISAC_V1,10 à 20,1,1.0,regionA,0,1,Non renseigné,0,Non renseigné,0,Aucun,Non renseigné,0.8545454545454546,0.522,0.7427272727272727,1.688,9.521304347826087
XPW0427,ISAC_V1,10 à 20,0,1.0,regionA,0,1,Non renseigné,0,Non renseigné,0,Aucun,Non renseigné,11.60909090909091,1.2862857142857145,3.5090909090909093,0.32866666666666666,6.786521739130435
XPW0428,ISAC_V1,20 à 40,1,1.0,regionA,0,1,Non renseigné,0,Non renseigné,0,Aucun,Non renseigné,0.03090909090909091,0.053142857142857144,0.049090909090909095,0.5813333333333334,0.3421739130434783
XPW0429,ISAC_V1,10 à 20,1,1.0,regionA,0,1,Non renseigné,0,Non renseigné,0,Aucun,Non renseigné,0.0,0.47628571428571426,0.0,3.5993333333333335,7.632173913043478
XPW0430,ISAC_V1,60 à Plus,1,1.0,regionA,0,1,Non renseigné,0,Non renseigné,0,Aucun,Non renseigné,0.0,0.0,0.0,0.19799999999999998,0.0
XPW0431,ISAC_V1,20 à 40,0,1.0,regionA,0,1,Non renseigné,0,Non renseigné,0,Aucun,Non renseigné,0.3181818181818182,0.0,0.5181818181818182,0.0,1.764782608695652
XPW0432,ISAC_V1,20 à 40,1,1.0,regionA,0,1,Non renseigné,0,Non renseigné,0,Aucun,Non renseigné,1.470909090909091,0.024,0.2690909090909091,0.03266666666666666,0.28956521739130436
XPW0433,ISAC_V1,0 à 10,1,1.0,regionA,0,1,Non renseigné,0,Non renseigné,0,Aucun,Non renseigné,0.0,0.716,0.0,0.0,6.1408695652173915
XPW0434,ISAC_V1,0 à 10,1,1.0,regionA,0,1,Non renseigné,0,Non renseigné,0,Aucun,Non renseigné,17.78909090909091,0.3217142857142858,0.0,4.531333333333333,0.571304347826087
XPW0435,ISAC_V1,0 à 10,0,1.0,regionA,0,1,Non renseigné,0,Non renseigné,0,Aucun,Non renseigné,0.0,12.298857142857143,14.742727272727274,0.10266666666666667,4.782608695652174
XPW0436,ISAC_V1,0 à 10,1,1.0,regionA,0,1,Non renseigné,0,Non renseigné,0,Aucun,Non renseigné,0.5418181818181819,1.1131428571428572,0.25181818181818183,0.09133333333333334,5.583478260869565
XPW0437,ISAC_V1,0 à 10,1,1.0,regionA,0,1,Non renseigné,0,Non renseigné,0,Aucun,Non renseigné,20.80909090909091,0.8348571428571429,0.7881818181818182,0.12400000000000001,1.8169565217391304
XPW0438,ISAC_V1,0 à 10,0,1.0,regionA,0,1,Non renseigné,0,Non renseigné,0,Aucun,Non renseigné,19.08909090909091,3.373142857142857,19.632727272727273,0.8966666666666666,34.43043478260869
XPW0439,ISAC_V1,0 à 10,0,1.0,regionA,0,1,Non renseigné,0,Non renseigné,0,Aucun,Non renseigné,0.14909090909090908,6.642,2.31,0.6266666666666667,0.3626086956521739
XPW0440,ISAC_V1,10 à 20,1,1.0,regionA,0,1,Non renseigné,0,Non renseigné,0,Aucun,Non renseigné,4.058181818181819,0.4162857142857143,3.5036363636363634,0.0,0.8239130434782609
XPW0441,ISAC_V1,0 à 10,1,1.0,regionA,0,1,Non renseigné,0,Non renseigné,0,Aucun,Non renseigné,0.0,0.3211428571428572,0.39,0.0,10.124782608695652
XPW0442,ISAC_V1,0 à 10,1,1.0,regionA,0,1,Non renseigné,0,Non renseigné,0,Aucun,Non renseigné,0.0,0.3374285714285714,0.02909090909090909,0.0,0.0
XPW0443,ISAC_V1,0 à 10,0,2.0,regionA,0,1,Non renseigné,0,Non renseigné,0,Aucun,Non renseigné,0.0,1.026,0.30727272727272725,0.9420000000000001,0.07999999999999999
XPW0444,ISAC_V1,10 à 20,0,2.0,regionA,0,1,Non renseigné,0,Non renseigné,0,Aucun,Non renseigné,0.0,0.3617142857142857,0.0,0.0,1.5791304347826087
XPW0445,ISAC_V1,10 à 20,1,2.0,regionA,0,1,Non renseigné,0,Non renseigné,0,Aucun,Non renseigné,28.825454545454548,4.034,0.5081818181818182,0.884,39.106521739130436
XPW0446,ISAC_V1,0 à 10,1,2.0,regionA,0,1,Non renseigné,0,Non renseigné,0,Aucun,Non renseigné,1.4654545454545451,12.11,0.5490909090909091,0.782,0.4765217391304347
XPW0447,ISAC_V1,0 à 10,0,2.0,regionA,0,1,Non renseigné,0,Non renseigné,0,Aucun,Non renseigné,0.021818181818181816,0.0,0.0,0.0,5.530869565217391
XPW0448,ISAC_V1,40 à 60,0,2.0,regionA,0,1,Non renseigné,0,Non renseigné,0,Aucun,Non renseigné,0.0,0.024,0.0,0.015333333333333334,2.404782608695652
XPW0449,ISAC_V1,40 à 60,1,2.0,regionA,0,1,Non renseigné,0,Non renseigné,0,Aucun,Non renseigné,3.5590909090909095,0.0,0.0,0.0,0.16391304347826088
XPW0450,ISAC_V1,0 à 10,0,2.0,regionA,0,1,Non renseigné,0,Non renseigné,0,Aucun,Non renseigné,0.0,0.0,0.0,0.0,0.0
XPW0451,ISAC_V1,20 à 40,0,2.0,regionA,0,1,Non renseigné,0,Non renseigné,0,Aucun,Non renseigné,0.49000000000000005,0.0,0.0,0.0,0.06347826086956522
XPW0452,ISAC_V1,0 à 10,1,2.0,regionA,0,1,Non renseigné,0,Non renseigné,0,Aucun,Non renseigné,1.3672727272727272,1.5065714285714287,0.05090909090909091,0.7833333333333333,0.3378260869565217
XPW0453,ISAC_V1,20 à 40,0,2.0,regionA,0,1,Non renseigné,0,Non renseigné,0,Aucun,Non renseigné,0.0,0.036571428571428574,0.7618181818181818,1.2686666666666668,0.7204347826086956
XPW0454,ISAC_V1,20 à 40,0,2.0,regionA,0,1,Non renseigné,0,Non renseigné,0,Aucun,Non renseigné,8.15181818181818,0.0,0.2509090909090909,0.0,0.7478260869565218
XPW0455,ISAC_V1,20 à 40,0,2.0,regionA,0,1,Non renseigné,0,Non renseigné,0,Aucun,Non renseigné,0.0,0.03628571428571429,0.0,1.412,2.0717391304347825
XPW0456,ISAC_V1,20 à 40,0,2.0,regionA,0,1,Non renseigné,0,Non renseigné,0,Aucun,Non renseigné,3.673636363636364,0.0,0.0,0.016666666666666666,0.0
XPW0457,ISAC_V1,10 à 20,0,2.0,regionA,0,1,Non renseigné,0,Non renseigné,0,Aucun,Non renseigné,0.0,0.014,0.27636363636363637,0.0,0.0
XPW0458,ISAC_V1,10 à 20,1,2.0,regionA,0,1,Non renseigné,0,Non renseigné,0,Aucun,Non renseigné,1.0418181818181818,0.5534285714285715,0.0,0.2813333333333333,22.81260869565217
XPW0459,ISAC_V1,10 à 20,0,2.0,regionA,0,1,Non renseigné,0,Non renseigné,0,Aucun,Non renseigné,28.59181818181818,0.03257142857142857,0.0,0.036000000000000004,1.9839130434782606
XPW0460,ISAC_V1,20 à 40,0,2.0,regionA,0,1,Non renseigné,0,Non renseigné,0,Aucun,Non renseigné,39.056363636363635,0.0,1.069090909090909,0.0,0.10434782608695652
XPW0461,ISAC_V1,40 à 60,0,2.0,regionA,0,1,Non renseigné,0,Non renseigné,0,Aucun,Non renseigné,0.6254545454545455,0.0,0.021818181818181816,0.06333333333333334,0.01956521739130435
XPW0462,ISAC_V1,20 à 40,1,2.0,regionA,0,1,Non renseigné,0,Non renseigné,0,Aucun,Non renseigné,5.16,0.1494285714285714,0.24000000000000002,0.0,2.276521739130435
XPW0463,ISAC_V1,10 à 20,1,3.0,regionA,0,1,Non renseigné,0,Non renseigné,0,Aucun,Non renseigné,0.7100000000000001,0.3497142857142857,0.09272727272727273,0.33999999999999997,2.3526086956521737
XPW0464,ISAC_V1,20 à 40,0,3.0,regionA,0,1,Non renseigné,0,Non renseigné,0,Aucun,Non renseigné,0.0,0.4751428571428572,1.2754545454545454,0.011333333333333334,0.6552173913043479
XPW0465,ISAC_V1,10 à 20,1,3.0,regionA,0,1,Non renseigné,0,Non renseigné,0,Aucun,Non renseigné,2.149090909090909,0.6508571428571429,0.06090909090909091,0.428,1.9017391304347824
XPW0466,ISAC_V1,20 à 40,0,3.0,regionA,0,1,Non renseigné,0,Non renseigné,0,Aucun,Non renseigné,3.751818181818182,0.0,0.0,0.0,2.9352173913043473
XPW0467,ISAC_V1,10 à 20,0,3.0,regionA,0,1,Non renseigné,0,Non renseigné,0,Aucun,Non renseigné,5.326363636363636,0.3062857142857143,4.0618181818181816,0.0,0.6643478260869565
XPW0468,ISAC_V1,10 à 20,0,3.0,regionA,0,1,Non renseigné,0,Non renseigné,0,Aucun,Non renseigné,10.453636363636365,0.24371428571428574,0.7663636363636364,0.0,0.7060869565217393
XPW0469,ISAC_V1,40 à 60,0,3.0,regionA,0,1,Non renseigné,0,Non renseigné,0,Aucun,Non renseigné,1.247272727272727,0.0,0.22818181818181815,0.0,0.013043478260869565
XPW0470,ISAC_V1,20 à 40,1,3.0,regionA,0,1,Non renseigné,0,Non renseigné,0,Aucun,Non renseigné,0.0,0.057999999999999996,0.0,0.0,0.3756521739130435
XPW0471,ISAC_V1,0 à 10,1,3.0,regionA,0,1,Non renseigné,0,Non renseigné,0,Aucun,Non renseigné,0.2772727272727273,0.1277142857142857,3.446363636363636,0.014,0.27347826086956517
XPW0472,ISAC_V1,40 à 60,1,3.0,regionA,0,1,Non renseigné,0,Non renseigné,0,Aucun,Non renseigné,1.0727272727272728,0.04314285714285714,0.0,0.0,0.1108695652173913
XPW0473,ISAC_V1,0 à 10,1,3.0,regionA,0,1,Non renseigné,0,Non renseigné,0,Aucun,Non renseigné,0.28,0.0,0.0,0.0,0.0
XPW0474,ISAC_V1,10 à 20,0,3.0,regionA,0,1,Non renseigné,0,Non renseigné,0,Aucun,Non renseigné,22.17909090909091,12.497714285714284,8.137272727272727,0.25,29.149565217391302
XPW0475,ISAC_V1,0 à 10,1,3.0,regionA,0,1,Non renseigné,0,Non renseigné,0,Aucun,Non renseigné,7.333636363636364,0.3317142857142857,0.879090909090909,0.0,1.9182608695652172
XPW0476,ISAC_V1,10 à 20,0,3.0,regionA,0,1,Non renseigné,0,Non renseigné,0,Aucun,Non renseigné,1.8227272727272728,2.884857142857143,0.42454545454545456,0.018666666666666668,11.227826086956522
XPW0477,ISAC_V1,20 à 40,0,3.0,regionA,0,1,Non renseigné,0,Non renseigné,0,Aucun,Non renseigné,0.0,0.45914285714285713,0.1,1.3073333333333332,3.8895652173913042
XPW0478,ISAC_V1,20 à 40,0,3.0,regionA,0,1,Non renseigné,0,Non renseigné,0,Aucun,Non renseigné,21.613636363636363,2.7737142857142856,1.029090909090909,2.263333333333333,2.53
XPW0479,ISAC_V1,40 à 60,1,3.0,regionA,0,1,Non renseigné,0,Non renseigné,0,Aucun,Non renseigné,11.775454545454545,0.0,0.0,0.23866666666666667,0.5273913043478261
XPW0480,ISAC_V1,20 à 40,1,3.0,regionA,0,1,Non renseigné,0,Non renseigné,0,Aucun,Non renseigné,0.0,3.0111428571428567,0.0,0.025333333333333333,16.13478260869565
XPW0481,ISAC_V1,20 à 40,1,4.0,regionA,0,1,Non renseigné,0,Non renseigné,0,Aucun,Non renseigné,0.0,1.0051428571428571,0.0,0.0,7.030869565217392
XPW0482,ISAC_V1,0 à 10,1,4.0,regionA,0,1,Non renseigné,0,Non renseigné,0,Aucun,Non renseigné,0.0,0.34885714285714287,0.13363636363636364,0.0,0.23521739130434782
XPW0483,ISAC_V1,0 à 10,1,4.0,regionA,0,1,Non renseigné,0,Non renseigné,0,Aucun,Non renseigné,0.7036363636363636,0.6548571428571429,1.9418181818181817,0.368,1.4095652173913045
XPW0484,ISAC_V1,40 à 60,0,4.0,regionA,0,1,Non renseigné,0,Non renseigné,0,Aucun,Non renseigné,0.0,0.0,0.0,0.0,0.8921739130434783
XPW0485,ISAC_V1,10 à 20,0,4.0,regionA,0,1,Non renseigné,0,Non renseigné,0,Aucun,Non renseigné,23.650000000000002,0.7371428571428572,0.0,0.0,11.160869565217391
XPW0486,ISAC_V1,40 à 60,1,4.0,regionA,0,1,Non renseigné,0,Non renseigné,0,Aucun,Non renseigné,0.05909090909090909,0.1514285714285714,0.0,0.5573333333333333,0.4926086956521739
XPW0487,ISAC_V1,10 à 20,1,4.0,regionA,0,1,Non renseigné,0,Non renseigné,0,Aucun,Non renseigné,30.672727272727272,0.6822857142857143,2.476363636363636,0.884,2.1213043478260873
XPW0488,ISAC_V1,10 à 20,0,4.0,regionA,0,1,Non renseigné,0,Non renseigné,0,Aucun,Non renseigné,46.027272727272724,3.055428571428571,1.2963636363636364,1.5919999999999999,3.978695652173913
XPW0489,ISAC_V1,0 à 10,0,4.0,regionA,0,1,Non renseigné,0,Non renseigné,0,Aucun,Non renseigné,18.445454545454545,1.0331428571428571,1.7936363636363637,0.7766666666666666,3.7886956521739132
XPW0490,ISAC_V1,10 à 20,1,4.0,regionA,0,1,Non renseigné,0,Non renseigné,0,Aucun,Non renseigné,11.236363636363636,0.2677142857142857,4.680000000000001,0.0,0.20478260869565218
XPW0491,ISAC_V1,40 à 60,0,4.0,regionA,0,1,Non renseigné,0,Non renseigné,0,Aucun,Non renseigné,7.252727272727273,0.324,0.5345454545454545,0.0,3.6713043478260867
XPW0492,ISAC_V1,0 à 10,1,4.0,regionA,0,1,Non renseigné,0,Non renseigné,0,Aucun,Non renseigné,0.8463636363636362,0.34285714285714286,0.0,0.19933333333333333,0.0
XPW0493,ISAC_V1,20 à 40,1,4.0,regionA,0,1,Non renseigné,0,Non renseigné,0,Aucun,Non renseigné,0.0,3.717142857142857,0.5154545454545455,0.054000000000000006,1.153913043478261
XPW0494,ISAC_V1,10 à 20,0,4.0,regionA,0,1,Non renseigné,0,Non renseigné,0,Aucun,Non renseigné,0.0,0.0,0.0,0.0,0.005652173913043478
XPW0495,ISAC_V1,10 à 20,0,4.0,regionA,0,1,Non renseigné,0,Non renseigné,0,Aucun,Non renseigné,0.0,0.0,0.0,0.0,4.567391304347826
XPW0496,ISAC_V1,20 à 40,0,4.0,regionA,0,1,Non renseigné,0,Non renseigné,0,Aucun,Non renseigné,0.0,3.5022857142857142,0.7027272727272728,0.024,0.1408695652173913
XPW0497,ISAC_V1,10 à 20,1,4.0,regionA,0,1,Non renseigné,0,Non renseigné,0,Aucun,Non renseigné,18.817272727272726,0.3351428571428572,3.0254545454545454,0.0,3.1960869565217394
XPW0498,ISAC_V1,10 à 20,0,4.0,regionA,0,1,Non renseigné,0,Non renseigné,0,Aucun,Non renseigné,0.0,0.04971428571428571,1.841818181818182,0.0,0.0
XPW0499,ISAC_V1,10 à 20,1,5.0,regionA,0,1,Non renseigné,0,Non renseigné,0,Aucun,Non renseigné,12.87818181818182,4.719428571428571,15.52818181818182,0.0,22.958695652173912
XPW0500,ISAC_V1,10 à 20,0,5.0,regionA,0,1,Non renseigné,0,Non renseigné,0,Aucun,Non renseigné,5.380000000000001,0.0074285714285714285,0.6854545454545454,0.0,0.21695652173913044
XPW0501,ISAC_V1,20 à 40,1,5.0,regionA,0,1,Non renseigné,0,Non renseigné,0,Aucun,Non renseigné,18.30818181818182,0.018571428571428572,0.0,0.0,0.009130434782608695
XPW0502,ISAC_V1,40 à 60,1,5.0,regionA,0,1,Non renseigné,0,Non renseigné,0,Aucun,Non renseigné,0.0,0.011428571428571429,0.0,0.025333333333333333,0.02782608695652174
XPW0503,ISAC_V1,20 à 40,0,5.0,regionA,0,1,Non renseigné,0,Non renseigné,0,Aucun,Non renseigné,0.0,0.0,0.09909090909090908,0.0,0.0
XPW0504,ISAC_V1,60 à Plus,1,5.0,regionA,0,1,Non renseigné,0,Non renseigné,0,Aucun,Non renseigné,0.0,0.011142857142857144,0.0,0.014666666666666666,0.01956521739130435
XPW0505,ISAC_V1,10 à 20,1,6.0,regionA,0,1,Non renseigné,0,Non renseigné,0,Aucun,Non renseigné,19.934545454545457,2.2880000000000003,1.86,0.0,7.017391304347826
XPW0506,ISAC_V1,20 à 40,0,6.0,regionA,0,1,Non renseigné,0,Non renseigné,0,Aucun,Non renseigné,0.025454545454545455,0.0,0.0,0.0,1.0317391304347827
XPW0507,ISAC_V1,40 à 60,0,6.0,regionA,0,1,Non renseigné,0,Non renseigné,0,Aucun,Non renseigné,2.3554545454545455,0.0,0.0,0.0,1.8839130434782607
XPW0508,ISAC_V1,40 à 60,1,6.0,regionA,0,1,Non renseigné,0,Non renseigné,0,Aucun,Non renseigné,0.038181818181818185,0.0,0.0,0.0,0.6326086956521739
XPW0509,ISAC_V1,40 à 60,0,6.0,regionA,0,1,Non renseigné,0,Non renseigné,0,Aucun,Non renseigné,1.0563636363636364,0.011142857142857144,0.01909090909090909,0.17733333333333334,0.9452173913043478
XPW0510,ISAC_V1,40 à 60,0,6.0,regionA,0,1,Non renseigné,0,Non renseigné,0,Aucun,Non renseigné,1.1918181818181817,0.0,0.0,0.0,0.009565217391304347
XPW0511,ISAC_V1,20 à 40,1,6.0,regionA,0,1,Non renseigné,0,Non renseigné,0,Aucun,Non renseigné,0.0,0.21085714285714285,0.12727272727272726,0.9426666666666667,4.03
XPW0512,ISAC_V1,20 à 40,0,6.0,regionA,0,1,Non renseigné,0,Non renseigné,0,Aucun,Non renseigné,0.0,0.6962857142857143,0.0,0.0,2.263478260869565
XPW0513,ISAC_V1,40 à 60,1,6.0,regionA,0,1,Non renseigné,0,Non renseigné,0,Aucun,Non renseigné,0.0,0.0,0.0,0.0,0.04565217391304348
